Group	Species
Asgard	ASG001
Asgard	ASG003
Asgard	ASG004
Asgard	ASG005
Asgard	ASG006
Asgard	ASG007
Asgard	ASG008
Asgard	ASG009
Asgard	ASG010
Asgard	ASG011
Asgard	ASG012
Asgard	ASG013
Asgard	ASG014
Asgard	ASG030
Asgard	ASG031
Asgard	ASG032
Asgard	ASG033
Asgard	ASG034
Asgard	ASG035
Asgard	ASG036
Asgard	ASG037
Asgard	ASG042
Asgard	ASG043
Asgard	ASG044
Asgard	ASG045
Asgard	ASG046
Asgard	ASG047
Asgard	ASG048
Asgard	ASG049
Asgard	ASG050
Asgard	ASG051
Asgard	ASG052
Asgard	ASG053
Asgard	ASG054
Asgard	ASG055
Asgard	ASG056
Asgard	ASG057
Asgard	ASG058
Asgard	ASG059
Asgard	ASG060
Asgard	ASG061
Asgard	ASG062
Asgard	ASG063
Asgard	ASG064
Asgard	ASG065
Asgard	ASG066
Asgard	ASG067
Asgard	ASG068
Asgard	ASG069
Asgard	ASG070
Asgard	ASG071
Asgard	ASG072
Asgard	ASG073
Asgard	ASG074
Asgard	ASG075
Asgard	ASG076
Asgard	ASG077
Asgard	ASG078
Asgard	ASG079
Asgard	ASG080
Asgard	ASG081
Asgard	ASG082
Asgard	ASG083
Asgard	ASG084
Asgard	ASG085
Asgard	ASG086
Asgard	ASG087
Asgard	ASG088
Asgard	ASG089
Asgard	ASG090
Asgard	ASG091
Asgard	ASG092
Asgard	ASG093
Asgard	ASG094
Asgard	ASG095
Asgard	ASG096
Asgard	ASG097
Asgard	ASG098
Asgard	ASG099
Asgard	ASG100
Asgard	ASG101
Asgard	ASG102
Asgard	ASG103
Asgard	ASG104
Asgard	ASG105
Asgard	ASG106
Asgard	ASG107
Asgard	ASG108
Asgard	ASG109
Asgard	ASG110
Asgard	ASG111
Asgard	ASG112
Asgard	ASG113
Asgard	ASG114
Asgard	ASG115
Asgard	ASG116
Asgard	ASG117
Asgard	ASG118
Asgard	ASG119
Asgard	ASG120
Asgard	ASG121
Asgard	ASG122
Asgard	ASG123
Asgard	ASG124
Asgard	ASG125
Asgard	ASG126
Asgard	ASG127
Asgard	ASG128
Asgard	ASG129
Asgard	ASG130
Asgard	ASG131
Asgard	ASG132
Asgard	ASG133
Asgard	ASG134
Asgard	ASG135
Asgard	ASG136
Asgard	ASG137
Asgard	ASG138
Asgard	ASG139
Asgard	ASG140
Asgard	ASG141
Asgard	ASG142
Asgard	ASG143
Asgard	ASG144
Asgard	ASG145
Asgard	ASG146
Asgard	ASG147
Asgard	ASG148
Asgard	ASG149
Asgard	ASG150
Asgard	ASG151
Asgard	ASG152
Asgard	ASG153
Asgard	ASG154
Asgard	ASG155
Asgard	ASG156
Asgard	ASG157
Asgard	ASG158
Asgard	ASG159
Asgard	ASG160
Asgard	ASG161
Asgard	ASG162
Asgard	ASG163
Asgard	ASG164
Asgard	ASG165
Asgard	ASG166
Asgard	ASG167
Asgard	ASG168
Asgard	ASG169
Asgard	ASG170
Asgard	ASG171
Asgard	ASG172
Asgard	ASG173
Asgard	ASG174
Asgard	ASG175
Asgard	ASG176
Asgard	ASG177
Asgard	ASG178
Asgard	ASG179
Asgard	ASG180
Asgard	ASG181
Asgard	ASG182
Asgard	ASG183
Asgard	ASG184
Asgard	ASG185
Asgard	ASG186
Asgard	ASG187
Asgard	ASG188
Asgard	ASG189
Asgard	ASG190
Asgard	ASG191
Asgard	ASG192
Asgard	ASG193
Asgard	ASG194
Asgard	ASG195
Asgard	ASG196
Asgard	ASG197
Asgard	ASG198
Asgard	ASG199
Asgard	ASG200
Asgard	ASG201
Asgard	ASG202
Asgard	ASG203
Asgard	ASG204
Asgard	ASG205
Asgard	ASG206
Asgard	ASG207
Asgard	ASG208
Asgard	ASG209
Asgard	ASG210
Asgard	ASG232
Asgard	ASG233
Asgard	ASG235
Asgard	ASG237
Asgard	ASG242
Asgard	ASG243
Asgard	ASG244
Asgard	ASG245
Asgard	ASG246
Asgard	ASG247
Asgard	ASG249
Asgard	ASG250
Asgard	ASG251
Asgard	ASG252
Asgard	ASG253
Asgard	ASG254
Asgard	ASG255
Asgard	ASG256
Asgard	ASG257
Asgard	ASG258
Asgard	ASG259
Asgard	ASG260
Asgard	ASG261
Asgard	ASG262
Asgard	ASG263
Asgard	ASG264
Asgard	ASG265
Asgard	ASG266
Asgard	ASG267
Asgard	ASG268
Asgard	ASG269
Asgard	ASG270
Asgard	ASG271
Asgard	ASG272
Asgard	ASG273
Asgard	ASG274
Asgard	ASG275
Asgard	ASG276
Asgard	ASG277
Asgard	ASG278
Asgard	ASG279
Asgard	ASG280
Asgard	ASG281
Asgard	ASG282
Asgard	ASG283
Asgard	ASG284
Asgard	ASG285
Asgard	ASG286
Asgard	ASG287
Asgard	ASG288
Asgard	ASG289
Asgard	ASG290
Asgard	ASG291
Asgard	ASG292
Asgard	ASG293
Asgard	ASG294
Asgard	ASG295
Asgard	ASG296
Asgard	ASG297
Asgard	ASG298
Asgard	ASG299
Asgard	ASG300
Asgard	ASG301
Asgard	ASG302
Asgard	ASG303
Asgard	ASG304
Asgard	ASG305
Asgard	ASG306
Asgard	ASG307
Asgard	ASG308
Asgard	ASG309
Asgard	ASG310
Asgard	ASG311
Asgard	ASG312
Asgard	ASG313
Asgard	ASG314
Asgard	ASG315
Asgard	ASG316
Asgard	ASG317
Asgard	ASG318
Asgard	ASG319
Asgard	ASG320
Asgard	ASG321
Asgard	ASG322
Asgard	ASG323
Asgard	ASG324
Asgard	ASG325
Asgard	ASG326
Asgard	ASG327
Asgard	ASG328
Asgard	ASG329
Asgard	ASG330
Asgard	ASG331
Asgard	ASG332
Asgard	ASG333
Asgard	ASG334
Asgard	ASG335
Asgard	ASG336
Asgard	ASG338
Asgard	ASG339
Asgard	ASG340
Asgard	ASG341
Asgard	ASG342
Asgard	ASG347
Asgard	ASG349
Asgard	ASG354
Asgard	ASG361
Asgard	ASG364
Asgard	ASG366
Asgard	ASG387
Asgard	ASG391
Asgard	ASG392
Asgard	ASG393
Asgard	ASG394
Asgard	ASG395
Asgard	ASG396
Asgard	ASG397
Asgard	ASG398
Asgard	ASG399
Asgard	ASG400
Asgard	ASG401
Asgard	ASG402
Asgard	ASG403
Asgard	ASG404
Asgard	ASG405
Asgard	ASG406
Asgard	ASG407
Asgard	ASG408
Asgard	ASG409
Asgard	ASG410
Asgard	ASG411
Asgard	ASG412
Asgard	ASG417
Asgard	ASG418
Asgard	ASG419
Asgard	ASG420
Asgard	ASG421
Asgard	ASG422
Asgard	ASG423
Asgard	ASG424
Asgard	ASG425
Asgard	ASG426
Asgard	ASG427
Asgard	ASG428
Asgard	ASG429
Asgard	ASG430
Asgard	ASG431
Asgard	ASG432
Asgard	ASG433
Asgard	ASG434
Asgard	ASG435
Asgard	ASG436
Asgard	ASG437
Asgard	ASG438
Asgard	ASG439
Asgard	ASG440
Asgard	ASG441
Asgard	ASG442
Asgard	ASG443
Asgard	ASG444
Asgard	ASG445
Asgard	ASG446
Asgard	ASG447
Asgard	ASG448
Asgard	ASG449
Asgard	ASG450
Asgard	ASG451
Asgard	ASG452
Asgard	ASG453
Asgard	ASG454
Asgard	ASG455
Asgard	ASG456
Asgard	ASG457
Asgard	ASG458
Asgard	ASG467
Asgard	ASG468
Asgard	ASG469
Asgard	ASG470
Asgard	ASG472
Asgard	ASG473
Asgard	ASG474
Asgard	ASG475
Asgard	ASG476
Asgard	ASG477
Asgard	ASG478
Asgard	ASG479
Asgard	ASG480
Asgard	ASG481
Asgard	ASG482
Asgard	ASG483
Asgard	ASG484
Asgard	ASG485
Asgard	ASG486
Asgard	ASG487
Asgard	ASG488
Asgard	ASG489
Asgard	ASG490
Asgard	ASG491
Asgard	ASG492
Asgard	ASG493
Asgard	ASG494
Asgard	ASG495
Asgard	ASG496
Asgard	ASG497
Asgard	ASG498
Asgard	ASG499
Asgard	ASG500
Asgard	ASG501
Asgard	ASG502
Asgard	ASG503
Asgard	ASG504
Asgard	ASG505
Asgard	ASG506
Asgard	ASG507
Asgard	ASG508
Asgard	ASG509
Asgard	ASG510
Asgard	ASG511
Asgard	ASG512
Asgard	ASG513
Asgard	ASG514
Asgard	ASG515
Asgard	ASG516
Asgard	ASG517
Asgard	ASG518
Asgard	ASG519
Asgard	ASG520
Asgard	ASG521
Asgard	ASG523
Asgard	ASG524
Asgard	ASG525
Asgard	ASG526
Asgard	ASG528
Asgard	ASG529
Asgard	FWG001
Asgard	FWG016
Asgard	FWG037
Asgard	FWG038
Asgard	FWG135
Asgard	FWG136
Asgard	FWG137
Asgard	FWG138
Asgard	FWG139
Asgard	FWG140
Asgard	FWG166
Asgard	FWG169
ARTHROPODA	Aedes_aegypti
ARTHROPODA	Amblyomma_americanum
ARTHROPODA	Amphibalanus_amphitrite
ARTHROPODA	Asellus_aquaticus
ARTHROPODA	Aretaon_asperrimus
ARTHROPODA	Astacus_astacus
NEMATODA	Aphelenchus_avenae
MOLLUSCA	Alinda_biplicata
ARTHROPODA	Argiope_bruennichi
ARTHROPODA	Acerentomon_sp._AD-2013
MOLLUSCA	Acanthopleura_granulata
ARTHROPODA	Apachyus_charteceus
MOLLUSCA	Aegista_chejuensis
ARTHROPODA	Acetes_chinensis
MOLLUSCA	Alexandromenia_crassa
MOLLUSCA	Acanthochitona_crinita
ARTHROPODA	Aoraki_denticulata
MOLLUSCA	Architeuthis_dux
ARTHROPODA	Anchistropus_emarginatus
MOLLUSCA	Apodomenia_enigmatica
MOLLUSCA	Antalis_entalis
ANNELIDA	Aeolosoma_sp.
ARTHROPODA	Atelura_formicaria
ANNELIDA	Amphiduros_fuscescens
ARTHROPODA	Anopheles_gambiae
MOLLUSCA	Acanthopleura_gemmata
CRANIATA	Arapaima_gigas
ARTHROPODA	Anopsobius_giribeti
ARTHROPODA	Alipes_grandidieri
MOLLUSCA	Anentome_helena
MOLLUSCA	Achatina/Lissachatina_immaculata
ARTHROPODA	Amphizoa_insolens
ARTHROPODA	Aposthonia_japonica
NEMERTEA	Amphiporus_lactifloreus
BRYOZOA	Alcyonidium_sp._KMK-2022
NEMATODA	Allodorylaimus
ARTHROPODA	Anurida_maritima
CRANIATA	Amia_calva
ARTHROPODA	Apis_mellifera
ARTHROPODA	Anopheles_merus
CRANIATA	Astyanax_mexicanus
ARTHROPODA	Agathotanais_misakiensis
CRANIATA	Ameiurus_melas
MOLLUSCA	Alderia_modesta
CRANIATA	Amblyraja_radiata
MOLLUSCA	Amphimeniidae_sp.
NEMATODA	Acrobeloides_nanus
ARTHROPODA	Armadillidium_nasatum
ARTHROPODA	Acropsopilio_neozelandiae
NEMATODA	Anaplectus_granulosus
CRANIATA	Anguilla_anguilla
ARTHROPODA	Anoplodactylus_insignis
ECHINODERMATA	Anneissia_japonica
ARTHROPODA	Acopauropus_ornatus
ANNELIDA	Anamobaea_orstedii
MOLLUSCA	Aphanoconia_osumiense
ANNELIDA	Abarenicola_pacifica
KINORHYNCHA	Antygomonas_paulae
ARTHROPODA	Acyrthosiphon_pisum
MOLLUSCA	Aplysiopsis_enteromorphae
ARTHROPODA	Apolpium_sp._MCZ_144360
ANNELIDA	Alvinella_pompejana
MOLLUSCA	Argopecten_purpuratus
PORIFERA	Amphimedon_queenslandica
ARTHROPODA	Argyroneta_aquatica
ARTHROPODA	Archoleptoneta_schusteri
ARTHROPODA	Apocyclops_royi
ECHINODERMATA	Asterias_rubens
CRANIATA	Acipenser_ruthenus
MOLLUSCA	Arion_vulgaris
ARTHROPODA	Artemia_salina
ARTHROPODA	Argulus_siamensis
CRANIATA	Alligator_sinensis
CRANIATA	Atractosteus_spatula
CNIDARIA	Actinia_tenebrosa
CRANIATA	Anabas_testudineus
ARTHROPODA	Anaulaciulus_tonginus
CRANIATA	Ascaphus_truei
ANNELIDA	Aulodrilus_japonicus
ROTIFERA	Adineta_vaga
MOLLUSCA	Ambigolimax_valentianus
ANNELIDA	Alitta_virens
ARTHROPODA	Armadillidium_vulgare
ARTHROPODA	Baetis_sp._AD-2013
ENTOPROCTA	Barentsia_gracilis
ARTHROPODA	Baculentulus_morikawai
ANNELIDA	Bathydrilus_sp._DSW-2020
ARTHROPODA	Blaberus_atropos
MOLLUSCA	Batillaria_attramentaria
CEPHALOCHORDATA	Branchiostoma_belcheri
CRANIATA	Bombina_bombina
ARTHROPODA	Bradysia_coprophila
CEPHALOCHORDATA	Branchiostoma_floridae
CRANIATA	Bufo_gargarizans
ARTHROPODA	Blattella_germanica
MOLLUSCA	Biomphalaria_glabrata
ARTHROPODA	Brotheas_granulatus
ARTHROPODA	Boreus_hyemalis
ARTHROPODA	Bathynomus_jamesi
PLATYHELMINTHES	Bipalium_kewense
CEPHALOCHORDATA	Branchiostoma_lanceolatum
ARTHROPODA	Birgus_latro
ARTHROPODA	Brachycybe_lecontii
ARTHROPODA	Branchinecta_lindahli
MOLLUSCA	Bayerotrochus_midas
ARTHROPODA	Bombyx_mori
BRYOZOA	Bugula_neritina
NEMATODA	Bursaphelenchus_okinawaensis
CRANIATA	Boleophthalmus_pectinirostris
MOLLUSCA	Bathymodiolus/Gigantidas_platifrons
ROTIFERA	Brachionus_plicatilis
CRANIATA	Brachycephalus_rotenbergae
ARTHROPODA	Bathycallisoma_schellenbergi
PLATYHELMINTHES	Bothrioplana_semperi
MOLLUSCA	Bithynia_siamensis_goniomphalos
MOLLUSCA	Bradybaena_similaris
CRANIATA	Bostrychus_sinensis
CRANIATA	Betta_splendens
ARTHROPODA	Blomia_tropicalis
NEMERTEA	Baseodiscus_unicolor
ANNELIDA	Bothrioneurum_vejdovskyanum
ANNELIDA	Boccardia_wellingtonensis
ARTHROPODA	Bochica_withi
CRANIATA	Batrachuperus_yenyuanensis
MOLLUSCA	Caliphylla_sp.4
ARTHROPODA	Cryptops_anomalans
MOLLUSCA	Cyerce_aff._antillensis
MOLLUSCA	Chaetopleura_apiculata
ARTHROPODA	Cardisoma_armatum
MOLLUSCA	Carychium_sp.
MOLLUSCA	Cornu_aspersum
MOLLUSCA	Cylindrobulla_beauii
ARTHROPODA	Cryptocellus_becki
PLATYHELMINTHES	Caenoplana_variegata
ARTHROPODA	Cordulegaster_boltonii
MOLLUSCA	Chiroteuthis_calyx
ARTHROPODA	Chaerilus_celebensis
ARTHROPODA	Ceriodaphnia_quadrangula
CRANIATA	Chanos_chanos
Outgroup	Coprinopsis_cinerea
ANNELIDA	Cirratulus_cirratus
ARTHROPODA	Coenobita_clypeatus
ARTHROPODA	Corydalus_cornutus
ANNELIDA	Chaetogaster_diaphanus
CRANIATA	Choloepus_didactylus
ARTHROPODA	Cloeon_dipterum
NEMERTEA	Cephalothrix_hongkongiensis
NEMATODA	Caenorhabditis_elegans
NEMERTEA	Cerebratulus_marginatus
HEMICHORDATA	Cephalodiscus
NEMERTEA	Cerebratulus_sp._BE-2015
NEMERTEA	Cephalothrix_simula
ARTHROPODA	Ctenocephalides_felis
ARTHROPODA	Calanus_finmarchicus
ARTHROPODA	Clinopodes_flavidus
ARTHROPODA	Ceratophyllus_gallinae
ARTHROPODA	Cybella_gelanggi
MOLLUSCA	Magallana_gigas
MOLLUSCA	Cellana_grata
ANNELIDA	Chaetopterus_sp._SL-2014
ARTHROPODA	Chorismus_antarcticus
ECHINODERMATA	Chiridota_heheva
ARTHROPODA	Chiromantes_haematocheir
ARTHROPODA	Cyclestheria_hislopi
CRANIATA	Chiroxiphia_lanceolata
ARTHROPODA	Cryptops_hortensis
UROCHORDATA	Ciona_intestinalis
ARTHROPODA	Charinus_ioanniticus
ARTHROPODA	Charinus_israelensis
ARTHROPODA	Cybister_japonicus
MOLLUSCA	Charonia_lampas
MOLLUSCA	Clione_antarctica
MOLLUSCA	Cryptoplax_larvaeformis
ARTHROPODA	Cimex_lectularius
Outgroup	Corallochytrium_limacisporum
CRANIATA	Clarias_magur
MOLLUSCA	Clithon_retropictum
CRANIATA	Cyclopterus_lumpus
ANNELIDA	Carpetania_elisae
CRANIATA	Callorhinchus_milii
BRYOZOA	Cristatella_mucedo
CRANIATA	Chelonia_mydas
ACOELA	Convoluta_(Praesagittifera)_naikaiensis
MOLLUSCA	Crepidula_navicella
ARTHROPODA	Chrysoperla_nipponensis
MOLLUSCA	Chaetoderma_nitidulum
MOLLUSCA	Costasiella_nonatoi_-_Panderevela_nonatoi
ANNELIDA	Chrysopetalum_occidentale
MOLLUSCA	Costasiella_ocellifera
ANNELIDA	Arenicola_marina
MOLLUSCA	Cocculina_japonica
MOLLUSCA	Chiton_olivaceus_(Rhyssoplax_olivaceus)
ARTHROPODA	Chionoecetes_opilio
MOLLUSCA	Costasiella_sp.1
Outgroup	Capsaspora_owczarzaki
CRANIATA	Chiloscyllium_plagiosum
MOLLUSCA	Cristaria_plicata
CRANIATA	Crocodylus_porosus
ARTHROPODA	Cherax_quadricarinatus
MOLLUSCA	Cellana_radiata
ARTHROPODA	Craspedosoma_sp._AD-2016
Outgroup	Creolimax_fragrantissima
ARTHROPODA	Carcinoscorpius_rotundicauda
MOLLUSCA	Crassostrea_virginica
ARTHROPODA	Cryptocellus_sp._n._RF-2015
ARTHROPODA	Centruroides_sculpturatus
ARTHROPODA	Cryptotermes_secundus
ARTHROPODA	Cacodemonius_sp._MCZ_144363
ARTHROPODA	Ctenochauliodes_similis
KINORHYNCHA	Centroderes_spinosus
ARTHROPODA	Cylindroleberidinae_sp._MS-2016
MOLLUSCA	Chrysomallon_squamiferum
KINORHYNCHA	Cateria_styx
ACOELA	Childia_submaculatum
ARTHROPODA	Craterostigmus_tasmanianus
ANNELIDA	Capitella_teleta
ARTHROPODA	Cyprideis_torosa
MOLLUSCA	Chiton_tuberculatus
MOLLUSCA	Candidula_unifasciata
KINORHYNCHA	Campyloderes_vanhoeffeni
ANNELIDA	Chaetopterus_variopedatus
ARTHROPODA	Chrysis_viridula
ARTHROPODA	Cercopis_vulnerata
ANNELIDA	Cylicobdellidae_sp._DSW-2020
ARTHROPODA	Cylindroiulus_sp._RF-2016
KINORHYNCHA	Cristaphyes_yushini
ARTHROPODA	Damon_sp._Maynooth
ARTHROPODA	Dampetrus_sp._RF-2017
ARTHROPODA	Dermacentor_andersoni
GASTROTRICHA	Diuronotus_aspetos
ROTIFERA	Didymodactylos_carnosus
CRANIATA	Denticeps_clupeoides
CNIDARIA	Dendrophyllia_cribrosa
BRYOZOA	Dendrobeania_fruticosa
ARTHROPODA	Dermanyssus_gallinae
CRANIATA	Dromiciops_gliroides
ANNELIDA	Dimorphilus_gyrociliatus
DICYEMIDA	Dicyemida_sp._4_KMK-2022
DICYEMIDA	Dicyemida_sp._5_KMK-2022
NEMATODA	Diplogasteroides_magnus
ANNELIDA	Delaya_leruthi
ACOELA	Diopisthoporus_longitubus
ARTHROPODA	Daphnia_magna
ARTHROPODA	Drosophila_melanogaster
CRANIATA	Dromaius_novaehollandiae
NEMATODA	Dorylaimopsis_sp._T63
NEMATODA	Diploscapter_pachys
ARTHROPODA	Danaus_plexippus_plexippus
ARTHROPODA	Drosophila_pseudoobscura
ANNELIDA	Drawida_sp._KH-2017
CRANIATA	Danio_rerio
MOLLUSCA	Deroceras_reticulatum
MOLLUSCA	Dreissena_rostriformis
PLATYHELMINTHES	Dugesia_ryukyuensis
ARTHROPODA	Darwinula_stevensoni
ANNELIDA	Diurodrilus_subterraneus
ARTHROPODA	Dinothrombium_tinctorium
PLATYHELMINTHES	Dugesia_japonica
ARTHROPODA	Eurytemora_affinis
ANNELIDA	Eisenia_andrei
ARTHROPODA	Echinogammarus_berilloni
MOLLUSCA	Ercolania_boodleae
NEMATODA	Enoplus_brevis
ARTHROPODA	Ectopsocus_briggsi
ONYCHOPHORA	Epiperipatus_broadwayi
CRANIATA	Eptatretus_burgeri
CRANIATA	Erpetoichthys_calabaricus
PLATYHELMINTHES	Echinoplana_celerrima
MOLLUSCA	Ellobium_chinense
MOLLUSCA	Elysia_chlorotica
CRANIATA	Eleutherodactylus_coqui
MOLLUSCA	Elysia_crispata
ANNELIDA	Enchytraeus_crypticus
CRANIATA	Electrophorus_electricus
CHAETOGNATHA	Eukrohnia_hamata
MOLLUSCA	Elysia_hedgpethi
ARTHROPODA	Cirrula_hians
CRANIATA	Eigenmannia_virescens
ARTHROPODA	Ero_leonina
CRANIATA	Esox_lucius
PORIFERA	Ephydatia_muelleri
CRANIATA	Echeneis_naucrates
ARTHROPODA	Evadne_cf._nordmanni_MCZ_IZ_68046
CRANIATA	Engystomops_pustulosus
MOLLUSCA	Entonomenia_tricarinata
ARTHROPODA	Eocyzicus_sp._MCZ_IZ_50104
KINORHYNCHA	Echinoderes_ohtsukai
MOLLUSCA	Eoacmaea_pustulata
ARTHROPODA	Euphausia_pacifica
ONYCHOPHORA	Epiperipatus_sp._CB-2018_/_Epiperipatus_sp._(Panama)_MCZ-141126
ONYCHOPHORA	Epiperipatus_trinidadensis
ONYCHOPHORA	Euperipatoides_rowelli
MOLLUSCA	Elysia_rufescens
MOLLUSCA	Eubranchus_rustyus
ARTHROPODA	Eosentomon_sakura
ARTHROPODA	Eucyclops_serrulatus
TARDIGRADA	Echiniscoides_sigismundi
ARTHROPODA	Eusergestes_similis
ARTHROPODA	Eriocheir_sinensis
ARTHROPODA	Eudigraphis_taiwanensis
ARTHROPODA	Eudigraphis_takakuwai
TARDIGRADA	Echiniscus_testudo
ARTHROPODA	Eoleptestheria_cf._ticinensis_MCZ_IZ_50108
MOLLUSCA	Elysia_timida
ONYCHOPHORA	Eoperipatus_totoro
NEMATODA	Euchromadora_sp._MIHIF
ARTHROPODA	Eulimnadia_sp._MCZ_IZ_50085
ONYCHOPHORA	Epiperipatus_vagans
MOLLUSCA	Elysia_velutinus
ARTHROPODA	Eukoenenia_zariquieyi
ARTHROPODA	Forficula_auricularia
ARTHROPODA	Folsomia_candida
MOLLUSCA	Falcidens_caudatus
ARTHROPODA	Fenneropenaeus_chinensis
ARTHROPODA	Fumontana_deprehendor
CHAETOGNATHA	Flaccisagitta_hexaptera
KINORHYNCHA	Franciscideres_kalenesos
MOLLUSCA	Fruticicola_(Koreanohadra)_kurodana
ARTHROPODA	Flavoperla_sp._YW-2014
ARTHROPODA	Fissiphallius_martensi
ANNELIDA	Flabegraviera_mundata
MOLLUSCA	Fissurella_natalensis
MOLLUSCA	Falcidens_sagittiferus
BRYOZOA	Fredericella_sultana
ARTHROPODA	Filientomon_takanawanum
MOLLUSCA	Gigantopelta_aegis
ARTHROPODA	Grapsus_albolineatus
ARTHROPODA	Galeodes_sp._JLF-2018
NEMATODA	Gammarinema_sp._T79
ARTHROPODA	Glyptonotus_antarcticus
PLATYHELMINTHES	Geocentrophora_applanata
ARTHROPODA	Gerris_buenoi
ARTHROPODA	Gaetice_depressus
MOLLUSCA	Graptacme_eborea
CRANIATA	Gopherus_evgoodei
ARTHROPODA	Godzilliognomus_frondosus
PLATYHELMINTHES	Girardia_dorotocephala
PLATYHELMINTHES	Girardia_sp._n._ER-2019
ARTHROPODA	Grandidierella_japonica
ARTHROPODA	Gecarcinus_lateralis
ARTHROPODA	Gammarus_locusta
ARTHROPODA	Glomeridesmus_sp._MITS489
ARTHROPODA	Glomeris_maerens
ARTHROPODA	Gyrinus_marinus
ARTHROPODA	Glomeridella_minima
CRANIATA	Gadus_morhua
PLATYHELMINTHES	Gnosonesimida_sp._IV_CEL-2015
ARTHROPODA	Galendromus_occidentalis
NEMATOMORPHA	Gordius_sp._KK-2019
NEMATOMORPHA	Gordionus_montsenyensis
MOLLUSCA	Gymnomenia_pellucida
BRACHIOPODA	Glottidia_pyramidata
PLATYHELMINTHES	Geoplana_quagga
ARTHROPODA	Gryllotalpa_sp._AD-2013
CRANIATA	Geotrypetes_seraphini
MOLLUSCA	Gadila_tolmiei
ANNELIDA	Golfingia_vulgaris
ARTHROPODA	Gymnobisium_sp._MCZ_139238
NEMATODA	Halichoanolaimus_dolichurus
MOLLUSCA	Helluoherpia_aegiri
NEMATODA	Halicephalobus_sp._NKZ332
ARTHROPODA	Halocaridina_rubra
ARTHROPODA	Homarus_americanus
ARTHROPODA	Hanseniella_sp._RF-2016
MOLLUSCA	Haminoea_antillarum
ARTHROPODA	Hyalella_azteca
MOLLUSCA	Hinea_brasiliana
ARTHROPODA	Henia_brevis
ANNELIDA	Hermodice_carunculata
MOLLUSCA	Hermissenda_crassicornis_-_Hermissenda_opalescens
ARTHROPODA	Halotydeus_destructor
ARTHROPODA	Hyalomma_excavatum
TARDIGRADA	Hypsibius_exemplaris
ANNELIDA	Heteromastus_filiformis
ARTHROPODA	Hierodula_formosana
ARTHROPODA	Himantarium_gabrielis
NEMATODA	Halomonhystera_hermesi
ARTHROPODA	Helicorthomorpha_holstii
PLACOZOA	Hoilungia_hongkongensis
NEMERTEA	Hubrechtella_ijimai
ARTHROPODA	Henia_illyrica
ARTHROPODA	Heterocypris_incongruens
ARTHROPODA	Hippolyte_inermis
ANNELIDA	Hypania_invalida
ANNELIDA	Histriobdella_sp._ET-2021
MOLLUSCA	Helix_lucorum
ARTHROPODA	Hutchinsoniella_macracantha
ANNELIDA	Hirudo_medicinalis
NEMATODA	Halicephalobus_mephisto
ACOELA	Hofstenia_miamia
ARTHROPODA	Haploglomeris_multistriata
ARTHROPODA	Hanseniella_nivea
MOLLUSCA	Hydatina_physis
BRACHIOPODA	Hemithiris_psittacea
ARTHROPODA	Halice_quarta
ARTHROPODA	Homalenotus_remyi
CRANIATA	Hynobius_retardatus
ANNELIDA	Helobdella_robusta
ANNELIDA	Hrabeiella_periglandulata
ARTHROPODA	Hypochthonius_rufulus
CRANIATA	Homo_sapiens
PRIAPULIDA	Halicryptus_spinulosus
CRANIATA	Hydromantes_strinatii
ARTHROPODA	Hydroschendyla_submarina
ARTHROPODA	Homalonychus_theologus
ARTHROPODA	Habronattus_ustulatus
CNIDARIA	Hydra_vulgaris
ARTHROPODA	Hydroptila_sp._AD-2013
ARTHROPODA	Ideobisium_crassimanum
PLATYHELMINTHES	Itaspiella_helgolandica
ARTHROPODA	Ischyropsalis_nodifera
ACOELA	Isodiametra_pulchra
MOLLUSCA	Idiosepius_pygmaeus
PLATYHELMINTHES	Issoca_rezendei
ARTHROPODA	Ixodes_scapularis
ARTHROPODA	Ischnura_elegans
ARTHROPODA	Ischnura_senegalensis
ARTHROPODA	Konetontli_acapulco
ARTHROPODA	Kukulcania_hibernalis
CRANIATA	Kryptolebias_marmoratus
ONYCHOPHORA	Kumbadjena_occidentalis
CHAETOGNATHA	Krohnitta_subtilis
MOLLUSCA	Katharina_tunicata
PLATYHELMINTHES	Kontikia_ventrolineata
ANNELIDA	Lacydonia_sp._ET-2021
CTENOPHORA	Lampea_sp._Ct11R
BRACHIOPODA	Lingula_anatina
ARTHROPODA	Lepidurus_apus_apus
BRACHIOPODA	Laqueus_californianus
CRANIATA	Latimeria_chalumnae
ARTHROPODA	Lepidurus_couessii
ARTHROPODA	Lepidurus_cryptus
ARTHROPODA	Lirceus_culveri
ARTHROPODA	Lernaea_cyprinacea
ARTHROPODA	Leptestheria_dahalacensis
ARTHROPODA	Leptotrombidium_deliense
ARTHROPODA	Loxosceles_deserta
ARTHROPODA	Lepicerus_sp._AD-2013
NEMERTEA	Leptonemertes_chalicophora
PLATYHELMINTHES	Luteostriata_ernesti
CRANIATA	Lepidogalaxias_salamandroides
NEMATODA	Levipalatum_texanum
PLATYHELMINTHES	Leptoplana_tremellaris
ARTHROPODA	Ligia_exotica
ANNELIDA	Lepidonotopodium_sp._YZ-2016
MOLLUSCA	Limacus_flavus
MOLLUSCA	Lottia_gigantea
MOLLUSCA	Laevipilina_hyalina
ARTHROPODA	Lightiella_incisa
NEMATODA	Linhomoeidae
ARTHROPODA	Lithobius_niger
ANNELIDA	Laetmonice_cf._iocasica_ET-2021
ARTHROPODA	Liposcelis_sp._PH-2016
CRANIATA	Leptobrachium_leishanense
NEMERTEA	Lineus_longissimus
ARTHROPODA	Lipara_lucens
ARTHROPODA	Lysiosquilla_maculata
MICROGNATHOZOA	Limnognathia_maerski
MOLLUSCA	Limax_maximus
CRANIATA	Latimeria_menadoensis
ARTHROPODA	Locusta_migratoria_manilensis
MOLLUSCA	Lobiger_nevilli
ENTOPROCTA	Loxosomella_nordgaardi
ARTHROPODA	Leptodius_sp._NTOU-LMT-BRA0070
MOLLUSCA	Lanistes_nyassanus
CRANIATA	Lepisosteus_oculatus
ENTOPROCTA	Loxomitra_sp._KK-2020
ANNELIDA	Lopadorrhynchus_sp._ET-2021
ARTHROPODA	Limulus_polyphemus
CRANIATA	Lepisdosiren_pradoxa
ANNELIDA	Leitoscoloplos_robustus
MOLLUSCA	Leptochiton_rugatus
NEMERTEA	Lineus_sanguineus
ANNELIDA	Lamellibrachia_satsuma
MOLLUSCA	Lymnaea_stagnalis
ARTHROPODA	Liphistius_thaleban
ARTHROPODA	Lucensosergia_lucens
ECHINODERMATA	Lytechinus_variegatus
ARTHROPODA	Lepidocampa_weberi
ARTHROPODA	Lysmata_wurdemanni
ARTHROPODA	Lynceus_sp._MCZ_IZ_141354
MOLLUSCA	Marisa_cornuarietis
ARTHROPODA	Macrotrichidae
CRANIATA	Monopterus_albus
ARTHROPODA	Metasiro_americanus
MOLLUSCA	Mya_arenaria
CRANIATA	Mastacembelus_armatus
MOLLUSCA	Meghimatium_bilineatum
Outgroup	Monosiga_brevicollis
MOLLUSCA	Mytilus_unguiculatus
CRANIATA	Megalops_cyprinoides
ANNELIDA	Megadrilus_sp._A5911
PLATYHELMINTHES	Mesostoma_lingua
ARTHROPODA	Metaplax_longipes
ARTHROPODA	Menneus_sp._RK-2018
TARDIGRADA	Mesobiotus_philippinicus
CRANIATA	Microhyla_fissipes
MOLLUSCA	Micromenia_fodiens
ARTHROPODA	Metopograpsus_frontalis
MOLLUSCA	Meghimatium_fruhstorferi
ARTHROPODA	Megahexura_fulva
ARTHROPODA	Menopon_gallinae
ARTHROPODA	Megacormus_gertschi
ARTHROPODA	Mastigoproctus_giganteus
NEMERTEA	Malacobdella_grossa
ARTHROPODA	Mecistocephalus_guildingii
ARTHROPODA	Microdipoena_guttata
ANNELIDA	Myriochele_heeri
MOLLUSCA	Magallana_hongkongensis
ARTHROPODA	Machilis_hrabei
CRANIATA	Mus_musculus
PLATYHELMINTHES	Microplana_groga
PLATYHELMINTHES	Minona_ileanae
ONYCHOPHORA	Metaperipatus_inae
ANNELIDA	Myxicola_infundibulum
PLATYHELMINTHES	Microplana_plurioculata
PLATYHELMINTHES	Microplana_scharffi
ARTHROPODA	Ligia_oceanica
MOLLUSCA	Monodonta_labio
GASTROTRICHA	Mesodasys_laticaudatus
ARTHROPODA	Mysmena_leichhardti
MOLLUSCA	Melibe_leonina
PLATYHELMINTHES	Macrostomum_lignano
PLATYHELMINTHES	Microstomum_lineare
MOLLUSCA	Margaritifera_margaritifera
CRANIATA	Menidia_menidia
ANNELIDA	Mesochaetopterus_minutus
CRANIATA	Myripristis_murdjan
MOLLUSCA	Mopalia_muscosa
PLATYHELMINTHES	Microplana_nana
ARTHROPODA	Macrobrachium_nipponense
ARTHROPODA	Meganyctiphanes_norvegica
ANNELIDA	Manayunkia_occidentalis
ANNELIDA	Melinna_oculata
ARTHROPODA	Moina_sp._MCZ_IZ_74079
MOLLUSCA	Mourgona_sp.5
ANNELIDA	Magelona_pitelkai
MOLLUSCA	Macellomenia_schanderi
ARTHROPODA	Mithraculus_sculptus
NEMERTODERMATIDA	Meara_stichopi
MOLLUSCA	Meiomenia_swedmarki
PLATYHELMINTHES	Microplana_terrestris
ONYCHOPHORA	Macroperipatus_torquatus
CRANIATA	Microcaecilia_unicolor
BRACHIOPODA	Magellania_venosa
CNIDARIA	Morbakka_virulenta
ANNELIDA	Metaphire_vulgaris
ARTHROPODA	Morlockia_williamsi
MOLLUSCA	Mizuhopecten_(Patinopecten)_yessoensis
ARTHROPODA	Newportia_adisi
MOLLUSCA	Nerita_albicilla
BRACHIOPODA	Novocrania_anomala
ARTHROPODA	Neoscona_arabesca
ARTHROPODA	Nebalia_bipes
PLATYHELMINTHES	Nematoplana_coelogynoporoides
ARTHROPODA	Neocaridina_davidi
ARTHROPODA	Nemophora_degeerella
Outgroup	Nuclearia_delicatula
ANNELIDA	Naineris_dendritica
ARTHROPODA	Nemastomella_dubia
ARTHROPODA	Neocaridina_denticulata
ARTHROPODA	Notostira_elongata
ARTHROPODA	Neocarus_sp._MCZ_IZ_162194
ANNELIDA	Nephtys_sp._ET-2021
ARTHROPODA	Nylanderia_fulva
ACOELA	Neochildia_fusca
NEMERTEA	Notospermus_geniculatus
ARTHROPODA	Notiphilides_grandis
ARTHROPODA	Niphargus_hrabei
ARTHROPODA	Nicodamidae_sp._2_RK-2018
MOLLUSCA	Nipponacmea_fuscoviridis
ARTHROPODA	Neosarmatium_indicum
ARTHROPODA	Nilaparvata_lugens
MOLLUSCA	Nuttallochiton_mirandus
ARTHROPODA	Nymphon_molleri
ARTHROPODA	Notodromas_monacha
NEMATOMORPHA	Nectonema_munidae
ANNELIDA	Norana_najaformis
ANNELIDA	Ninoe_nigripes
ARTHROPODA	Nipponentomon_nippon
ARTHROPODA	Niponia_nodulosa
ARTHROPODA	Novanapis_sp._RK-2018
ARTHROPODA	Nothrus_palustris
MOLLUSCA	Nautilus_pompilius
MOLLUSCA	Neritina_pulligera
ANNELIDA	Neoamphitrite_robusta
MOLLUSCA	Nucula_tumidula
CNIDARIA	Nematostella_vectensis
ARTHROPODA	Nasonia_vitripennis
NEMERTODERMATIDA	Nemertoderma_westbladi
CRANIATA	Nematolebias_whitei
ARTHROPODA	Nymphon_gracile
ANNELIDA	Ophelina_acuminata
ANNELIDA	Oasisia_alvinae
CRANIATA	Ornithorhynchus_anatinus
MOLLUSCA	Onychoteuthis_banksii
MOLLUSCA	Octopus_bimaculoides
PLATYHELMINTHES	Obama_braunsi
PLATYHELMINTHES	Obama_carinata
ARTHROPODA	Ocypode_ceratophthalmus
ARTHROPODA	Ochyrocera_sp._RK-2018
ARTHROPODA	Orchesella_cincta
ARTHROPODA	Octostigma_sinensis
MOLLUSCA	Octopoteuthis_deletron
UROCHORDATA	Oikopleura_dioica
ARTHROPODA	Oecobius_cellariorum
MOLLUSCA	Ostrea_edulis
MOLLUSCA	Onchidella_floridana
ANNELIDA	Osedax_frankpressi
ANNELIDA	Owenia_fusiformis
ONYCHOPHORA	Occiperipatoides_gilesii
ARTHROPODA	Orchestia_grillus
MOLLUSCA	Olea_hansineensis
MOLLUSCA	Oncomelania_hupensis
ARTHROPODA	Occasjapyx_japonicus
ONYCHOPHORA	Opisthopatus_kwazululandi
ANNELIDA	Olavius_sp._CE14538
PORIFERA	Oopsacas_minuta
PLATYHELMINTHES	Obama_nungara
ARTHROPODA	Ozestheria_pilosa
ARTHROPODA	Opopaea_sp._RK-2018
ARTHROPODA	Opilioacaridae_sp._CSL-2018
ARTHROPODA	Oratosquilla_oratoria
MOLLUSCA	Onchidium_reevesii
ARTHROPODA	Ornithodoros_rostratus
ARTHROPODA	Orsolobidae_sp._RK-2018
ARTHROPODA	Ozestheria_rubra
MOLLUSCA	Octopus_sinensis
MOLLUSCA	Oxystele_tabularis
ARTHROPODA	Onthophagus_taurus
ARTHROPODA	Opilioacarus_texanus
NEMATODA	Oscheius_tipulae
MOLLUSCA	Onchidium_verrucosum
ANNELIDA	Ophryotrocha_xiamen
MOLLUSCA	Physella_acuta
CHAETOGNATHA	Parasagitta_elegans
CRANIATA	Protopterus_aethiopicus
ARTHROPODA	Parasesarma_affine
ANNELIDA	Phascolosoma_agassizii
NEMATODA	Parapristionchus_giblindavisi
ANNELIDA	Perinereis_aibuhitensis
ARTHROPODA	Pararchaea_alba
ARTHROPODA	Pachygrapsus_marmoratus
ARTHROPODA	Periplaneta_americana
CRANIATA	Protopterus_annectens
ARTHROPODA	Parachelifer_persimilis
ARTHROPODA	Pleomothra_apletocheles
ARTHROPODA	Paramatachia_sp._RK-2018
ARTHROPODA	Parasergestes_armatus
ARTHROPODA	Paratya_australiensis
ANNELIDA	Paranais_sp._DSW-2020
ARTHROPODA	Paraplatyarthrus_subterraneus
PHORONIDA	Phoronis_australis
ARTHROPODA	Pontocypris_avena
ARTHROPODA	Paruroctonus_baergi
ANNELIDA	Psammodrilus_balanoglossoides
ONYCHOPHORA	Peripatopsis_bolandi
MOLLUSCA	Phylliroe_bucephala
ANNELIDA	Pareurythoe_californica
ARTHROPODA	Paralithodes_camtschaticus
MOLLUSCA	Pomacea_canaliculata
PRIAPULIDA	Priapulus_caudatus
ENTOPROCTA	Pedicellina_cernua
ANNELIDA	Protodriloides_chaetifer
Outgroup	Pigoraptor_chileana
ARTHROPODA	Panonychus_citri
MOLLUSCA	Pseudosuccinea_columella
ARTHROPODA	Polydesmus_complanatus
PLATYHELMINTHES	Prostheceraeus_crozieri
MOLLUSCA	Proneomenia_custodiens
CHAETOGNATHA	Pterosagitta_draco
ANNELIDA	Platynereis_dumerilii
ANNELIDA	Paraescarpia_echinospica
MOLLUSCA	Pomatias_elegans
ARTHROPODA	Pellobunus_sp._RF-2017
ANNELIDA	Pelodrilus_sp._HAPS2
CRANIATA	Periophthalmus_magnuspinnatus
ONYCHOPHORA	Peripatidae_sp._Panama_MCZ_IZ_141128_/_Epiperipatus_bernali
ONYCHOPHORA	Peripatus_(Epiperipatus)_solorzanoi
CRANIATA	Petromyzon_marinus
ARTHROPODA	Parides_eurimedes
PLATYHELMINTHES	Polycelis_felina
ARTHROPODA	Phoxichilidium_cf._femoratum_JB-2020
ARTHROPODA	Pallenella_flava
CHAETOGNATHA	Pseudosagitta_gazellae
ARTHROPODA	Polyzonium_germanicum
KINORHYNCHA	Pycnophyes_giganteus
CHAETOGNATHA	Paraspadella_gotoi
ANNELIDA	Phascolopsis_gouldii
PLATYHELMINTHES	Phagocata_gracilis
ANNELIDA	Phagodrilus_sp._DSW-2020
ARTHROPODA	Photeros_annecohenae
PHORONIDA	Phoronopsis_harmeri
ARTHROPODA	Parhyale_hawaiensis
ANNELIDA	Pholoe_baltica
ANNELIDA	Parergodrilus_heideri
ANNELIDA	Phascolosoma_granulatum
MOLLUSCA	Pterygioteuthis_hoylei
ANNELIDA	Phreodrilidae_sp._C_DSW-2020
ANNELIDA	Phreodrilidae_sp._A_DSW-2020
ARTHROPODA	Pediculus_humanus
ARTHROPODA	Pauropus_huxleyi
ANNELIDA	Phyllochaetopterus_sp._KMH-2014
MOLLUSCA	Plakobranchus_ianthobapsus
PHORONIDA	Phoronis_ijimai
KINORHYNCHA	Pycnophyes_ilyocryptus
ARTHROPODA	Pandinus_imperator
ARTHROPODA	Proasellus_jaloniacus
PLATYHELMINTHES	Psammomacrostomum_sp._2_JNB-2019
MOLLUSCA	Placida_kingstoni
ARTHROPODA	Polyxenus_lagurus
ARTHROPODA	Petrolisthes_lamarckii
MOLLUSCA	Pleurobranchaea_californica
CRANIATA	Plethodon_cinereus
ARTHROPODA	Pycnogonum_litorale
ARTHROPODA	Protimesius_longipalpis
ARTHROPODA	Platorchestia_sp.
MOLLUSCA	Pomacea_maculata
BRYOZOA	Pectinatella_magnifica
ARTHROPODA	Pholcus_manueli
ARTHROPODA	Phrynus_marginemaculatus
MOLLUSCA	Pecten_maximus
ANNELIDA	Phyllodoce_medipapillata
TARDIGRADA	Paramacrobiotus_metropolitanus
ANNELIDA	Parvidrilus_meyssonnieri
ARTHROPODA	Penaeus_monodon
PLATYHELMINTHES	Phagocata_morgani
CRANIATA	Podarcis_muralis
ARTHROPODA	Pogonognathellus_sp._AD-2013
PLATYHELMINTHES	Polycelis_nigra
ARTHROPODA	Phalangium_opilio
ARTHROPODA	Panulirus_ornatus
CRANIATA	Polypterus_senegalus
ARTHROPODA	Portunus_trituberculatus
ARTHROPODA	Progradungula_otwayensis
MOLLUSCA	Pythia_pachyodon
ARTHROPODA	Platynothrus_peltifer
ARTHROPODA	Pollicipes_pollicipes
ARTHROPODA	Porcellionides_pruinosus
PHORONIDA	Phoronis_psammophila
NEMATODA	Prionchulus_punctatus
ARTHROPODA	Photinus_pyralis
KINORHYNCHA	Paracentrophyes_quadridentatus
MOLLUSCA	Plectotropis_quelpartensis
ARTHROPODA	Pseudosphyrapus_quintolongus
ARTHROPODA	Procambarus_clarkii
NEMATODA	Panagrellus_redivivus
TARDIGRADA	Paramacrobiotus_richtersi
NEMATODA	Propanagrolaimus_sp._JU765
ARTHROPODA	Protochelifer_sp._MCZ_49984
NEMATODA	Pristionchus_pacificus
ACOELA	Paratomella_rubra
MOLLUSCA	Patelloida_saccharina
NEMATODA	Plectus_sambesii
ARTHROPODA	Petrobunus_schwendingeri
CHAETOGNATHA	Parasagitta_setosa
ARTHROPODA	Pseudopolydesmus_sp._MB-2013
ARTHROPODA	Prorhinotermes_simplex
ARTHROPODA	Protolophus_singularis
PLATYHELMINTHES	Prosthiostomum_siphunculus
MOLLUSCA	Phallomedusa_solida
CRANIATA	Polyodon_spathula
ARTHROPODA	Plagusia_squamosa
ARTHROPODA	Pseudotyrannochthonius_sp._B_LB-2019
PLATYHELMINTHES	Prorhynchus_stagnalis
ARTHROPODA	Parahya_submersa
ANNELIDA	Protodriloides_symbioticus
PLATYHELMINTHES	Polycelis_tenuis
ARTHROPODA	Parasteatoda_tepidariorum
HEMICHORDATA	Ptychodera_flava
PLATYHELMINTHES	Planaria_torva
MOLLUSCA	Phorcus_turbinatus
MOLLUSCA	Patella_ulyssiponensis
ARTHROPODA	Paralimnadia_urukhai
ARTHROPODA	Paralamyctes_validus
ARTHROPODA	Penaeus_vannamei
NEMATOMORPHA	Paragordius_varius
PLATYHELMINTHES	Phagocata_velata
MOLLUSCA	Phasianella_ventricosa
ANNELIDA	Pilargis_verrucosa
ANNELIDA	Propappus_volki
NEMATODA	Pontonema_vulgare
ARTHROPODA	Prokoenenia_wheeleri
ANNELIDA	Randiella_sp._DSW-2020
HEMICHORDATA	Rhabdopleura_annulata
ARTHROPODA	Ricinoides_atewa
CRANIATA	Rhinatrema_bivittatum
MOLLUSCA	Rissoella_caribaea
TARDIGRADA	Richtersius_coronifer
CNIDARIA	Rhopilema_esculentum
PLATYHELMINTHES	Rhynchomesostoma_sp._ER-2019
ARTHROPODA	Rhysida_immarginata
ARTHROPODA	Rhysida_longipes
ARTHROPODA	Rakaia_minutissima
NEMERTEA	Riseriellus_occultus
ANNELIDA	Riftia_pachyptila
ANNELIDA	Rhyacodrilus_pigueti
ARTHROPODA	Rhodnius_prolixus
ARTHROPODA	Rhizoglyphus_robini
PLATYHELMINTHES	Rhynchomesostoma_rostratum
ARTHROPODA	Rhipicephalus_sanguineus
ROTIFERA	Rotaria_socialis
PLATYHELMINTHES	Rhynchodemus_sylvaticus
CRANIATA	Rana_temporaria
TARDIGRADA	Ramazzottius_varieornatus
ARTHROPODA	Strigamia_acuminata
ARTHROPODA	Synsphyronus_apimelus
KINORHYNCHA	Semnoderes_armiger
ARTHROPODA	Sarcoptes_scabiei
ARTHROPODA	Scolopendropsis_bahiensis
ARTHROPODA	Siro_boyerae
MOLLUSCA	Scapharca_(Anadara)_broughtonii
ANNELIDA	Struwela_camposi
ARTHROPODA	Sergiolus_capulatus
ARTHROPODA	Schendyla_carniolensis
CHAETOGNATHA	Spadella_cephaloptera
ARTHROPODA	Stylopallene_cheilorhynchus
PORIFERA	Sycon_ciliatum
ARTHROPODA	Scolopendra_cingulata
ARTHROPODA	Scutigera_coleoptrata
MOLLUSCA	Sinonovacula_constricta
ARTHROPODA	Scorpiops_sp._PPS-2014
ARTHROPODA	Sida_crystallina
Outgroup	Sphaerothecum_destruens
ARTHROPODA	Superstitionia_donensis
ARTHROPODA	Stegodyphus_dumicola
MOLLUSCA	Semisulcospira_coreana
ARTHROPODA	Segestria_sp._NG-2016
CRANIATA	Scleropages_formosus
ARTHROPODA	Spodoptera_frugiperda
MOLLUSCA	Saccostrea_glomerata
ANNELIDA	Sphaerodorum_gracilis
ANNELIDA	Stylodrilus_heringianus
MOLLUSCA	Simrothiella_margaritacea
ANNELIDA	Scalibregma_inflatum
MOLLUSCA	Siphonaria_sp.2
CRANIATA	Synaphobranchus_kaupii
HEMICHORDATA	Saccoglossus_kowalevskii
PLATYHELMINTHES	Stenostomum_leucops
ARTHROPODA	Stenotaenia_linearis
ARTHROPODA	Sitalcina_lobata
ARTHROPODA	Saramacia_lucasae
ARTHROPODA	Steganacarus_magnus
ARTHROPODA	Strigramia_maritima
CRANIATA	Scophthalmus_maximus
PLATYHELMINTHES	Schmidtea_mediterranea
ARTHROPODA	Scapholeberis_cf._mucronata
MOLLUSCA	Siphonaria_normalis
ANNELIDA	Sipunculus_nudus
ARTHROPODA	Solpugema_sp._MCZ_49525
CRANIATA	Sphaeramia_orbicularis
CYCLIOPHORA	Symbion_pandora
MOLLUSCA	Siphonaria_pectinata
ANNELIDA	Spinther_sp._SA-2015
PLATYHELMINTHES	Schmidtea_polychroa
ARTHROPODA	Stenochrus_portoricensis
NEMATODA	Sphaerolaimus_sp._T62
CRANIATA	Sphenodon_punctatus
Outgroup	Salpingoeca_rosetta
ARTHROPODA	Schizocosa_rovneri
ARTHROPODA	Scolopocryptops_rubiginosus
ARTHROPODA	Sphodros_rufipes
CRANIATA	Salamandra_salamandra
ANNELIDA	Sternaspis_scutata
CHAETOGNATHA	Serratosagitta_serratodentata
ARTHROPODA	Scolopocryptops_sexspinosus
MOLLUSCA	Sacoproteus_smaragdinus
ARTHROPODA	Scatella_stagnalis
PLATYHELMINTHES	Stenostomum_sthenum
MOLLUSCA	Stylomenia_sulcodoryata
ARTHROPODA	Sphaeroma_terebrans
ARTHROPODA	Sternophoridae_sp._MCZ_133496
CRANIATA	Sebastes_umbrosus
MOLLUSCA	Scutopus_ventrolineatus
ARTHROPODA	Simocephalus_vetulus
ARTHROPODA	Scutigerina_weberi
ANNELIDA	Syllis_gracilis
ARTHROPODA	Symphylella_sp._AD-2014
ACOELA	Symsagittifera_roscoffensis
NEMATODA	Turbatrix_aceti
CRANIATA	Tachyglossus_aculeatus
ARTHROPODA	Talitrus_saltator
ANNELIDA	Trilobodrilus_axi
ARTHROPODA	Timema_californicum
ARTHROPODA	Triops_cancriformis
ARTHROPODA	Tribolium_castaneum
ARTHROPODA	Tetranychus_cinnabarinus
ARTHROPODA	Trigoniulus_corallinus
ARTHROPODA	Thermobia_domestica
ARTHROPODA	Tetraclita_japonica
ANNELIDA	Terebellides_stroemi
ARTHROPODA	Tricholepidion_gertschi
ARTHROPODA	Tachypleus_gigas
ARTHROPODA	Triops_granarius
ARTHROPODA	Thrasychirus_gulosus
ARTHROPODA	Theromaster_sp._RF-2017
MOLLUSCA	Thuridilla_gracilis
ARTHROPODA	Tigriopus_californicus
ARTHROPODA	Thysanoessa_inermis
ARTHROPODA	Tigriopus_japonicus
ARTHROPODA	Tygarrup_javanicus
ANNELIDA	Troglodrilus_jugeti
ARTHROPODA	Tanaella_kommritzia
MOLLUSCA	Titiscania_limacina
MOLLUSCA	Tonicella_lineata
NEMERTEA	Tetrastemma_longissimum
ARTHROPODA	Trogulus_martensi
NEMERTEA	Tetrastemma_melanocephalum
BRYOZOA	Terminoflustra_membranaceotruncata
ARTHROPODA	Tropilaelaps_mercedesae
ANNELIDA	Thoracophelia_mucronata
ARTHROPODA	Triops_newberryi
MOLLUSCA	Trochus_nigropunctatus
NEMATODA	Tobrilus_sp.
ANNELIDA	Tomopteris_sp._ET-2021
ARTHROPODA	Tanystylum_orbiculare
ARTHROPODA	Thrips_palmi
MOLLUSCA	Theba_pisana
NEMERTEA	Tubulanus_polymorphus
ARTHROPODA	Tomocerus_qinae
ARTHROPODA	Tengella_radiata
ANNELIDA	Travisiopsis_sp._ET-2021
ARTHROPODA	Trichocorixa_calva
PLACOZOA	Trichoplax_sp._H2
ARTHROPODA	Triops_longicaudatus
ARTHROPODA	Trinorchestia_longiramus
ANNELIDA	Trichobranchus_roseus
ARTHROPODA	Theridiosoma_savannum
KINORHYNCHA	Tubulideres_seminoli
ARTHROPODA	Theatops_spinicaudus
ARTHROPODA	Troglokhammouanus_steineri
ANNELIDA	Trichodrilus_strandi
ARTHROPODA	Tetrix_subulata
BRACHIOPODA	Terebratalia_transversa
ARTHROPODA	Tachypleus_tridentatus
ARTHROPODA	Thereuonema_tuberculata
ARTHROPODA	Tetranychus_urticae
ARTHROPODA	Upogebia_africana
ARTHROPODA	Urodacus_elongatus
ARTHROPODA	Uroctonites_huachuca
CRANIATA	Uperoleia_mahonyi
ARTHROPODA	Uroctonus_mordax
ARTHROPODA	Varroa_destructor
ARTHROPODA	Vargula_hilgendorfii
MOLLUSCA	Vampyroteuthis_infernalis
ARTHROPODA	Varroa_jacobsoni
ARTHROPODA	Vaejovis_mexicanus
MOLLUSCA	Williamia_peltoides
ANNELIDA	Whitmania_pigra
BRYOZOA	Watersipora_subtorquata
XENOTURBELLIDA	Xenoturbella_bocki
CRANIATA	Xiphophorus_couchianus
CRANIATA	Xenopus_laevis
XENOTURBELLIDA	Xenoturbella_profunda
CRANIATA	Xenopus_tropicalis
ARTHROPODA	Xibalbanus_tulumensis
ARTHROPODA	Xenos_vesparum
KINORHYNCHA	Zelinkaderes_brightae
ARTHROPODA	Zerene_cesonia
ARTHROPODA	Zootermopsis_nevadensis
KINORHYNCHA	Zelinkaderes_yong
Rhodophyta	Cyanidioschyzon_merolae
Rhodophyta	Cyanidium_caldarium
Rhodophyta	Galdieria_sulphuraria
Rhodophyta	Porphyra_purpurea
Rhodophyta	Porphyra_umbilicalis
Rhodophyta	Pyropia_yezoensis
Rhodophyta	Calliarthron_tuberculosum
Rhodophyta	Hildenbrandia_rubra
Rhodophyta	Palmaria_palmata
Rhodophyta	Griffithsia_okiensis
Rhodophyta	Furcellaria_lumbricalis
Rhodophyta	Chondrus_crispus
Rhodophyta	Eucheuma_denticulatum
Rhodophyta	Gracilaria_changii
Rhodophyta	Madagascaria_erythrocladioides
Rhodophyta	Rhodochaete_pulchella
Rhodophyta	Compsopogon_caeruleus
Rhodophyta	Erythrolobus_australicus
Rhodophyta	Erythrolobus_madagascarensis
Rhodophyta	Porphyridium_aerugineum
Rhodophyta	Porphyridium_purpureum
Rhodophyta	Timspurckia_oligopyrenoides
Rhodophyta	Rhodella_violacea
Rhodophyta	Purpureofilum_apyrenoidigerum
Rhodophyta	Rhodosorus_marinus
Rhodophyta	Bangiopsis_sp_CCMP1999
Glaucophyta	Cyanoptyche_gloeocystis
Glaucophyta	Glaucocystis_incrassata
Glaucophyta	Gloeochaete_wittrockiana
Picozoa	Picozoa_sp_Boothbay-MS584-11
Rhodelphidia	Rhodelphis_limneticus
Rhodelphidia	Rhodelphis_marinus
Rhodophyta	Agarophyton_chilense
Rhodophyta	Galdieria_phlegrea
Rhodophyta	Gracilariopsis_chorda
Picozoa	Picozoa_sp_COSAG02
Picozoa	Picomonas_judraskeda
Picozoa	Picozoa_sp_COSAG04
Picozoa	Picozoa_sp_COSAG06
Picozoa	Picozoa_sp_COSAG01
Picozoa	Picozoa_sp_COSAG05
Picozoa	Picozoa_sp_SAG25
Picozoa	Picozoa_sp_SAG11
Picozoa	Picozoa_sp_SAG22
Picozoa	Picozoa_sp_SAG31
Choanoflagellata	Acanthoeca_spectabilis
Choanoflagellata	Acanthoecidae_sp_10tr
Choanoflagellata	Helgoeca_nana
Choanoflagellata	Savillea_parva
Choanoflagellata	Didymoeca_costata
Choanoflagellata	Diaphanoeca_grandis
Choanoflagellata	Stephanoeca_diplocostata
Choanoflagellata	Codosiga_hollandica
Choanoflagellata	Microstomoeca_roanoka
Choanoflagellata	Salpingoeca_rosetta
Choanoflagellata	Choanoeca_perplexa
Choanoflagellata	Monosiga_brevicollis
Choanoflagellata	Mylnosiga_fluctuans
Choanoflagellata	Salpingoeca_helianthica
Choanoflagellata	Salpingoeca_infusionum
Choanoflagellata	Salpingoeca_kvevrii
Choanoflagellata	Salpingoeca_urceolata
Choanoflagellata	Salpingoeca_macrocollata
Choanoflagellata	Salpingoeca_punica
Choanoflagellata	Salpingoeca_dolichothecata
Choanoflagellata	Hartaetosiga_balthica
Choanoflagellata	Hartaetosiga_gracilis
Filasterea	Capsaspora_owczarzaki
Ichthyosporea	Abeoforma_whisleri
Ichthyosporea	Pirum_gemmata
Ichthyosporea	Amoebidium_parasiticum
Ichthyosporea	Ichthyophonus_hoferi
Ichthyosporea	Sphaeroforma_arctica
Ichthyosporea	Sphaerothecum_destruens
Pluriformea	Corallochytrium_limacisporum
Pluriformea	Syssomonas_multiformis
Rotosphaerida	Fonticula_alba
Rotosphaerida	Parvularia_atlantis
Choanoflagellata	Bicosta_minor
Choanoflagellata	Choanoeca_flexa
Rotosphaerida	Lithocolla_globosa
Rotosphaerida	Pompholyxophrys_punicea
Rotosphaerida	Pompholyxophrys_sp_LG126
Fungi	Undaria_pinnatifida
Choanoflagellata	Craspedida_sp_UC1
Choanoflagellata	Choanoflagellata_sp_UC4
Ichthyosporea	Creolimax_fragrantissima
Ichthyosporea	Chromosphaera_perkinsii
Filasterea	Pigoraptor_vietnamica
Filasterea	Pigoraptor_chileana
Choanoflagellata	Barroeca_monosierra
bryophytes	Anthoceros_agrestis
bryophytes	Anthoceros_fusiformis
bryophytes	Anthoceros_punctatus
bryophytes	Aulacomnium_turgidum
bryophytes	Calypogeia_fissa
bryophytes	Ceratodon_purpureus
bryophytes	Leiosporoceros_dussii
bryophytes	Marchantia_paleacea
bryophytes	Marchantia_polymorpha
bryophytes	Megaceros_flagellaris
bryophytes	Notothylas_orbicularis
bryophytes	Paraphymatoceros_pearsonii
bryophytes	Phaeoceros_carolinianus
bryophytes	Phaeomegaceros_chiloensis
bryophytes	Phymatoceros_phymatodes
bryophytes	Physcomitrium_patens
bryophytes	Polytrichastrum_alpinum
bryophytes	Riccia_fluitans
bryophytes	Sphagnum_balticum
bryophytes	Sphagnum_compactum
bryophytes	Sphagnum_fallax
bryophytes	Sphagnum_jensenii
bryophytes	Sphagnum_magellanicum
bryophytes	Sphagnum_tenellum
bryophytes	Sphagnum_troendelagicum
bryophytes	Straminergon_stramineum
bryophytes	Takakia_lepidozioides
bryophytes	Thuidium_tamariscinum
bryophytes	Ulota_crispa
chlorophyta	Apatococcus_fuscideae
chlorophyta	Apatococcus_lobatus
chlorophyta	Astrephomene_gubernaculifera
chlorophyta	Auxenochlorella_protothecoides
chlorophyta	Auxenochlorella_protothecoides_x_Auxenochlorella_symbiontica
chlorophyta	Bathycoccus_prasinos
chlorophyta	Chara_braunii
chlorophyta	Chlamydomonas_eustigma
chlorophyta	Chlamydomonas_incerta
chlorophyta	Chlamydomonas_reinhardtii
chlorophyta	Chlamydomonas_schloesseri
chlorophyta	Chlorella_ohadii
chlorophyta	Chlorella_variabilis
chlorophyta	Chlorella_vulgaris
chlorophyta	Chloropicon_primus
chlorophyta	Chloropicon_roscoffensis
chlorophyta	Coccomyxa_elongata
chlorophyta	Coccomyxa_subellipsoidea
chlorophyta	Coccomyxa_viridis
chlorophyta	Cymbomonas_tetramitiformis
chlorophyta	Dunaliella_salina
chlorophyta	Edaphochlamys_debaryana
chlorophyta	Elliptochloris_bilobata
chlorophyta	Gonium_pectorale
chlorophyta	Haematococcus_lacustris
chlorophyta	Klebsormidium_nitens
chlorophyta	Micractinium_conductrix
chlorophyta	Micractinium_tetrahymenae
chlorophyta	Micromonas_commoda
chlorophyta	Micromonas_pusilla
chlorophyta	Monoraphidium_minutum
chlorophyta	Monoraphidium_neglectum
chlorophyta	Myrmecia_bisecta
chlorophyta	Nephroselmis_pyriformis
chlorophyta	Ostreobium_quekettii
chlorophyta	Ostreococcus_lucimarinus
chlorophyta	Ostreococcus_tauri
chlorophyta	Parachlorella_kessleri
chlorophyta	Pleodorina_starrii
chlorophyta	Prasinoderma_coloniale
chlorophyta	Pseudoscourfieldia_marina
chlorophyta	Pycnococcus_provasolii
chlorophyta	Raphidocelis_subcapitata
chlorophyta	Sanguina_aurantia
chlorophyta	Symbiochloris_irregularis
chlorophyta	Tetrabaena_socialis
chlorophyta	Tetradesmus_obliquus
chlorophyta	Ulva_prolifera
chlorophyta	Volvox_africanus
chlorophyta	Volvox_carteri
chlorophyta	Volvox_reticuliferus
lycophytes	Diphasiastrum_complanatum
lycophytes	Huperzia_asiatica
lycophytes	Isoetes_sinensis
lycophytes	Selaginella_kraussiana
lycophytes	Selaginella_moellendorffii
gymnosperms	Cycas_panzhihuaensis
gymnosperms	Cryptomeria_japonica
gymnosperms	Gnetum_montanum
gymnosperms	Pinus_longaeva
gymnosperms	Pinus_taeda
gymnosperms	Sequoia_sempervirens
gymnosperms	Taxus_chinensis
gymnosperms	Taxus_wallichiana
gymnosperms	Thuja_plicata
gymnosperms	Torreya_grandis
gymnosperms	Welwitschia_mirabilis
angiosperms	Amborella_trichopoda
angiosperms	Ancistrocladus_abbreviatus
angiosperms	Aristolochia_californica
angiosperms	Aristolochia_fimbriata
angiosperms	Asimina_triloba
angiosperms	Chloranthus_sessilifolius
angiosperms	Kingdonia_uniflora
angiosperms	Magnolia_sinica
angiosperms	Piper_nigrum
angiosperms	Schisandra_chinensis
angiosperms	Tasmannia_lanceolata
angiosperms	Acorus_calamus
angiosperms	Acorus_gramineus
angiosperms	Allium_cepa
angiosperms	Allium_fistulosum
angiosperms	Alopecurus_aequalis
angiosperms	Ampelocalamus_luodianensis
angiosperms	Ananas_comosus
angiosperms	Apostasia_shenzhenica
angiosperms	Asparagus_officinalis
angiosperms	Asparagus_setaceus
angiosperms	Bambusa_tulda
angiosperms	Bonia_amplexicaulis
angiosperms	Brachypodium_distachyon
angiosperms	Canna_indica
angiosperms	Carex_littledalei
angiosperms	Carex_rostrata
angiosperms	Curcuma_longa
angiosperms	Dendrobium_catenatum
angiosperms	Dendrobium_chrysotoxum
angiosperms	Dendrobium_nobile
angiosperms	Dendrobium_thyrsiflorum
angiosperms	Dendrocalamus_sinicus
angiosperms	Dichanthelium_oligosanthes
angiosperms	Digitaria_exilis
angiosperms	Dioscorea_cayenensis
angiosperms	Dioscorea_sansibarensis
angiosperms	Dioscorea_zingiberensis
angiosperms	Elaeis_guineensis
angiosperms	Eleusine_coracana
angiosperms	Ensete_ventricosum
angiosperms	Eragrostis_curvula
angiosperms	Festuca_glaucescens
angiosperms	Guadua_angustifolia
angiosperms	Hordeum_erectifolium
angiosperms	Hordeum_vulgare
angiosperms	Hsuehochloa_calcarea
angiosperms	Juncus_effusus
angiosperms	Lolium_multiflorum
angiosperms	Lolium_perenne
angiosperms	Lolium_rigidum
angiosperms	Melocanna_baccifera
angiosperms	Miscanthus_floridulus
angiosperms	Miscanthus_lutarioriparius
angiosperms	Musa_acuminata
angiosperms	Musa_balbisiana
angiosperms	Musa_banksii
angiosperms	Musa_textilis
angiosperms	Musa_troglodytarum
angiosperms	Olyra_latifolia
angiosperms	Oryza_brachyantha
angiosperms	Oryza_glaberrima
angiosperms	Oryza_sativa
angiosperms	Otatea_glauca
angiosperms	Panicum_hallii
angiosperms	Panicum_virgatum
angiosperms	Phalaenopsis_equestris
angiosperms	Phoenix_dactylifera
angiosperms	Phragmites_australis
angiosperms	Phyllostachys_edulis
angiosperms	Platanthera_guangdongensis
angiosperms	Platanthera_zijinensis
angiosperms	Puccinellia_chinampoensis
angiosperms	Raddia_guianensis
angiosperms	Rhipidocladum_racemiflorum
angiosperms	Rhynchospora_breviuscula
angiosperms	Rhynchospora_pubera
angiosperms	Rhynchospora_tenuis
angiosperms	Setaria_italica
angiosperms	Setaria_viridis
angiosperms	Sorghum_bicolor
angiosperms	Sphenostylis_stenocarpa
angiosperms	Spirodela_intermedia
angiosperms	Typha_angustifolia
angiosperms	Typha_latifolia
angiosperms	Triticum_aestivum
angiosperms	Triticum_dicoccoides
angiosperms	Triticum_urartu
angiosperms	Wolffia_australiana
angiosperms	Zea_mays
angiosperms	Zingiber_officinale
angiosperms	Zizania_palustris
angiosperms	Zoysia_sinica
angiosperms	Abeliophyllum_distichum
angiosperms	Abrus_precatorius
angiosperms	Acacia_confusa
angiosperms	Acacia_crassicarpa
angiosperms	Acacia_pycnantha
angiosperms	Acer_negundo
angiosperms	Acer_pseudosieboldianum
angiosperms	Acer_saccharum
angiosperms	Acer_truncatum
angiosperms	Acer_yangbiense
angiosperms	Actinidia_arguta
angiosperms	Actinidia_chinensis
angiosperms	Actinidia_cylindrica
angiosperms	Actinidia_deliciosa
angiosperms	Actinidia_eriantha
angiosperms	Actinidia_hemsleyana
angiosperms	Actinidia_latifolia
angiosperms	Actinidia_macrosperma
angiosperms	Actinidia_polygama
angiosperms	Actinidia_rufa
angiosperms	Actinidia_zhejiangensis
angiosperms	Aegilops_comosa
angiosperms	Aegilops_geniculata
angiosperms	Aegilops_speltoides
angiosperms	Aegilops_tauschii
angiosperms	Ageratina_adenophora
angiosperms	Ajuga_decumbens
angiosperms	Akebia_trifoliata
angiosperms	Albizia_julibrissin
angiosperms	Alnus_glutinosa
angiosperms	Amaranthus_hypochondriacus
angiosperms	Amaranthus_tricolor
angiosperms	Amblyopyrum_muticum
angiosperms	Ambrosia_artemisiifolia
angiosperms	Andrographis_paniculata
angiosperms	Androsace_septentrionalis
angiosperms	Androsace_vitaliana
angiosperms	Androsace_wulfeniana
angiosperms	Angophora_floribunda
angiosperms	Anisodus_acutangulus
angiosperms	Anisodus_tanguticus
angiosperms	Antiaris_toxicaria
angiosperms	Antirrhinum_hispanicum
angiosperms	Antirrhinum_majus
angiosperms	Apios_americana
angiosperms	Apios_priceana
angiosperms	Apium_graveolens
angiosperms	Apocynum_pictum
angiosperms	Aquilegia_coerulea
angiosperms	Arabidopsis_arenicola
angiosperms	Arabidopsis_arenosa
angiosperms	Arabidopsis_halleri
angiosperms	Arabidopsis_lyrata
angiosperms	Arabidopsis_suecica
angiosperms	Arabidopsis_thaliana
angiosperms	Arabidopsis_thaliana_x_Arabidopsis_arenosa
angiosperms	Arabis_caerulea
angiosperms	Arabis_ciliata
angiosperms	Arachis_duranensis
angiosperms	Arachis_hypogaea
angiosperms	Arachis_ipaensis
angiosperms	Arachis_stenosperma
angiosperms	Arctium_lappa
angiosperms	Argentina_anserina
angiosperms	Aristida_adscensionis
angiosperms	Asclepias_curassavica
angiosperms	Asclepias_syriaca
angiosperms	Atropa_belladonna
angiosperms	Bauhinia_variegata
angiosperms	Benincasa_hispida
angiosperms	Bertholletia_excelsa
angiosperms	Beta_vulgaris
angiosperms	Biancaea_sappan
angiosperms	Bidens_hawaiensis
angiosperms	Bienertia_sinuspersici
angiosperms	Brassica_carinata
angiosperms	Brassica_cretica
angiosperms	Brassica_napus
angiosperms	Brassica_oleracea
angiosperms	Brassica_rapa
angiosperms	Buddleja_alternifolia
angiosperms	Cajanus_cajan
angiosperms	Camelina_sativa
angiosperms	Camellia_fascicularis
angiosperms	Camellia_lanceoleosa
angiosperms	Camellia_sinensis
angiosperms	Camellia_sinensis_var._sinensis
angiosperms	Canavalia_gladiata
angiosperms	Cannabis_sativa
angiosperms	Capsella_rubella
angiosperms	Capsicum_annuum
angiosperms	Capsicum_chacoense
angiosperms	Capsicum_galapagoense
angiosperms	Cardamine_amara
angiosperms	Cardamine_hirsuta
angiosperms	Cardamine_resedifolia
angiosperms	Carica_papaya
angiosperms	Carnegiea_gigantea
angiosperms	Carpinus_fangiana
angiosperms	Carya_illinoinensis
angiosperms	Castanea_dentata
angiosperms	Castanea_mollissima
angiosperms	Castanea_sativa
angiosperms	Castilleja_foliolosa
angiosperms	Centaurea_solstitialis
angiosperms	Cephalotus_follicularis
angiosperms	Ceratopteris_richardii
angiosperms	Chenopodium_album
angiosperms	Chenopodium_quinoa
angiosperms	Cichorium_intybus
angiosperms	Cinchona_calisaya
angiosperms	Cinnamomum_camphora
angiosperms	Cinnamomum_chago
angiosperms	Cinnamomum_kanehirae
angiosperms	Cinnamomum_micranthum
angiosperms	Citrus_sinensis
angiosperms	Citrus_x_aurantiifolia
angiosperms	Citrus_x_changshan-huyou
angiosperms	Citrus_x_changshanhuyou
angiosperms	Citrus_x_clementina
angiosperms	Coffea_arabica
angiosperms	Coffea_eugenioides
angiosperms	Coptis_chinensis
angiosperms	Corchorus_capsularis
angiosperms	Corchorus_olitorius
angiosperms	Cornus_florida
angiosperms	Corylus_avellana
angiosperms	Corymbia_citriodora
angiosperms	Craigia_yunnanensis
angiosperms	Crotalaria_pallida
angiosperms	Cucumis_melo
angiosperms	Cucumis_sativus
angiosperms	Cucurbita_argyrosperma
angiosperms	Cucurbita_maxima
angiosperms	Cucurbita_moschata
angiosperms	Cucurbita_pepo
angiosperms	Cuscuta_australis
angiosperms	Cuscuta_europaea
angiosperms	Cynara_cardunculus
angiosperms	Datura_stramonium
angiosperms	Daucus_carota
angiosperms	Deinandra_increscens
angiosperms	Delonix_regia
angiosperms	Dillenia_turbinata
angiosperms	Dionaea_muscipula
angiosperms	Diospyros_lotus
angiosperms	Diplodiscus_trichospermus
angiosperms	Dipteronia_dyeriana
angiosperms	Dipteronia_sinensis
angiosperms	Dorcoceras_hygrometricum
angiosperms	Dovyalis_caffra
angiosperms	Drosera_capensis
angiosperms	Drosera_rotundifolia
angiosperms	Durio_zibethinus
angiosperms	Erigeron_canadensis
angiosperms	Eruca_vesicaria
angiosperms	Erythranthe_guttata
angiosperms	Erythranthe_nasuta
angiosperms	Erythranthe_tilingii
angiosperms	Erythroxylum_novogranatense
angiosperms	Escallonia_herrerae
angiosperms	Escallonia_rubra
angiosperms	Eucalyptus_globulus
angiosperms	Eucalyptus_grandis
angiosperms	Euphorbia_lathyris
angiosperms	Euphorbia_peplus
angiosperms	Eutrema_salsugineum
angiosperms	Fagus_crenata
angiosperms	Flemingia_macrophylla
angiosperms	Forsythia_ovata
angiosperms	Fragaria_vesca
angiosperms	Fraxinus_pennsylvanica
angiosperms	Gastrolobium_bilobum
angiosperms	Genlisea_aurea
angiosperms	Gleditsia_sinensis
angiosperms	Glycine_max
angiosperms	Glycine_soja
angiosperms	Gossypium_arboreum
angiosperms	Gossypium_aridum
angiosperms	Gossypium_armourianum
angiosperms	Gossypium_australe
angiosperms	Gossypium_darwinii
angiosperms	Gossypium_davidsonii
angiosperms	Gossypium_gossypioides
angiosperms	Gossypium_harknessii
angiosperms	Gossypium_hirsutum
angiosperms	Gossypium_klotzschianum
angiosperms	Gossypium_laxum
angiosperms	Gossypium_lobatum
angiosperms	Gossypium_raimondii
angiosperms	Gossypium_schwendimanii
angiosperms	Gossypium_stocksii
angiosperms	Gossypium_trilobum
angiosperms	Gypsophila_vaccaria
angiosperms	Handroanthus_impetiginosus
angiosperms	Helianthus_annuus
angiosperms	Helianthus_anomalus
angiosperms	Helianthus_debilis
angiosperms	Heliosperma_pusillum
angiosperms	Henckelia_pumila
angiosperms	Heracleum_sosnowskyi
angiosperms	Herrania_umbratica
angiosperms	Hevea_brasiliensis
angiosperms	Hibiscus_cannabinus
angiosperms	Hibiscus_sabdariffa
angiosperms	Hibiscus_syriacus
angiosperms	Hibiscus_trionum
angiosperms	Hottonia_inflata
angiosperms	Hottonia_palustris
angiosperms	Humulus_lupulus
angiosperms	Ilex_paraguariensis
angiosperms	Impatiens_glandulifera
angiosperms	Ipomoea_nil
angiosperms	Ipomoea_triloba
angiosperms	Iris_pallida
angiosperms	Jatropha_curcas
angiosperms	Juglans_microcarpa
angiosperms	Juglans_microcarpa_x_Juglans_regia
angiosperms	Juglans_regia
angiosperms	Kalanchoe_gracilipes
angiosperms	Lactuca_saligna
angiosperms	Lactuca_sativa
angiosperms	Lactuca_serriola
angiosperms	Lactuca_virosa
angiosperms	Lathyrus_oleraceus
angiosperms	Lathyrus_sativus
angiosperms	Leucaena_leucocephala
angiosperms	Linum_grandiflorum
angiosperms	Linum_perenne
angiosperms	Linum_tenue
angiosperms	Linum_trigynum
angiosperms	Liquidambar_formosana
angiosperms	Lithocarpus_litseifolius
angiosperms	Lithospermum_erythrorhizon
angiosperms	Lonicera_macranthoides
angiosperms	Lotus_japonicus
angiosperms	Lupinus_albus
angiosperms	Lupinus_angustifolius
angiosperms	Lupinus_luteus
angiosperms	Lycium_barbarum
angiosperms	Lycium_ferocissimum
angiosperms	Macadamia_integrifolia
angiosperms	Macleaya_cordata
angiosperms	Malania_oleifera
angiosperms	Malus_domestica
angiosperms	Malus_sylvestris
angiosperms	Mangifera_indica
angiosperms	Manihot_esculenta
angiosperms	Medicago_truncatula
angiosperms	Melastoma_candidum
angiosperms	Melia_azedarach
angiosperms	Mercurialis_annua
angiosperms	Microthlaspi_erraticum
angiosperms	Mikania_cordata
angiosperms	Mikania_micrantha
angiosperms	Mimosa_bimucronata
angiosperms	Momordica_charantia
angiosperms	Morella_rubra
angiosperms	Morus_notabilis
angiosperms	Myrothamnus_flabellifolius
angiosperms	Neltuma_alba
angiosperms	Nelumbo_nucifera
angiosperms	Nepenthes_gracilis
angiosperms	Nicotiana_attenuata
angiosperms	Nicotiana_benthamiana
angiosperms	Nicotiana_sylvestris
angiosperms	Nicotiana_tabacum
angiosperms	Nicotiana_tomentosiformis
angiosperms	Noccaea_brachypetala
angiosperms	Noccaea_rotundifolia
angiosperms	Nymphaea_colorata
angiosperms	Nymphaea_thermarum
angiosperms	Nyssa_sinensis
angiosperms	Oldenlandia_corymbosa
angiosperms	Olea_europaea
angiosperms	Orobanche_gracilis
angiosperms	Orobanche_minor
angiosperms	Oxalis_oulophora
angiosperms	Papaver_armeniacum
angiosperms	Papaver_atlanticum
angiosperms	Papaver_bracteatum
angiosperms	Papaver_californicum
angiosperms	Papaver_nudicaule
angiosperms	Papaver_somniferum
angiosperms	Parasponia_andersonii
angiosperms	Penstemon_davidsonii
angiosperms	Penstemon_smallii
angiosperms	Persea_americana
angiosperms	Petunia_x_hybrida
angiosperms	Phaseolus_coccineus
angiosperms	Phaseolus_vulgaris
angiosperms	Phlomoides_rotata
angiosperms	Phtheirospermum_japonicum
angiosperms	Pistacia_atlantica
angiosperms	Pistacia_integerrima
angiosperms	Pistacia_vera
angiosperms	Pisum_sativum
angiosperms	Plectranthus_ornatus
angiosperms	Populus_alba
angiosperms	Populus_alba_x_Populus_x_berolinensis
angiosperms	Populus_euphratica
angiosperms	Populus_nigra
angiosperms	Populus_tomentosa
angiosperms	Populus_trichocarpa
angiosperms	Populus_x_canadensis
angiosperms	Primulina_eburnea
angiosperms	Primulina_huaijiensis
angiosperms	Primulina_tabacum
angiosperms	Prosopis_cineraria
angiosperms	Protea_cynaroides
angiosperms	Prunus_avium
angiosperms	Prunus_brigantina
angiosperms	Prunus_campanulata
angiosperms	Prunus_dulcis
angiosperms	Prunus_mume
angiosperms	Prunus_persica
angiosperms	Prunus_speciosa
angiosperms	Psophocarpus_tetragonolobus
angiosperms	Pterospermum_kingtungense
angiosperms	Punica_granatum
angiosperms	Pyrus_communis
angiosperms	Pyrus_ussuriensis
angiosperms	Pyrus_ussuriensis_x_Pyrus_communis
angiosperms	Pyrus_x_bretschneideri
angiosperms	Quercus_lobata
angiosperms	Quercus_robur
angiosperms	Quercus_rubra
angiosperms	Quercus_suber
angiosperms	Quillaja_saponaria
angiosperms	Ranunculus_cassubicifolius
angiosperms	Raphanus_sativus
angiosperms	Reevesia_pubescens
angiosperms	Rehmannia_glutinosa
angiosperms	Rhamnella_rubrinervis
angiosperms	Rhodamnia_argentea
angiosperms	Rhodiola_kirilowii
angiosperms	Rhododendron_griersonianum
angiosperms	Rhododendron_molle
angiosperms	Rhododendron_vialii
angiosperms	Rhododendron_williamsianum
angiosperms	Ricinus_communis
angiosperms	Rosa_chinensis
angiosperms	Rosa_luciae_x_Rosa_x_odorata
angiosperms	Rosa_rugosa
angiosperms	Rosa_sericea
angiosperms	Rubroshorea_leprosula
angiosperms	Rubus_argutus
angiosperms	Rumex_salicifolius
angiosperms	Rutidosis_leptorrhynchoides
angiosperms	Salix_koriyanagi
angiosperms	Salix_suchowensis
angiosperms	Salix_udensis
angiosperms	Salvia_divinorum
angiosperms	Salvia_hispanica
angiosperms	Salvia_miltiorrhiza
angiosperms	Salvia_splendens
angiosperms	Saponaria_officinalis
angiosperms	Sarracenia_purpurea
angiosperms	Senna_tora
angiosperms	Sesamum_alatum
angiosperms	Sesamum_angolense
angiosperms	Sesamum_angustifolium
angiosperms	Sesamum_calycinum
angiosperms	Sesamum_indicum
angiosperms	Sesamum_latifolium
angiosperms	Sesamum_radiatum
angiosperms	Sesbania_bispinosa
angiosperms	Shorea_laevis
angiosperms	Silene_latifolia
angiosperms	Sinapis_alba
angiosperms	Smallanthus_sonchifolius
angiosperms	Solanum_bulbocastanum
angiosperms	Solanum_commersonii
angiosperms	Solanum_demissum
angiosperms	Solanum_dulcamara
angiosperms	Solanum_lycopersicum
angiosperms	Solanum_melongena
angiosperms	Solanum_pennellii
angiosperms	Solanum_pinnatisectum
angiosperms	Solanum_stenotomum
angiosperms	Solanum_stoloniferum
angiosperms	Solanum_tuberosum
angiosperms	Solanum_verrucosum
angiosperms	Spatholobus_suberectus
angiosperms	Spinacia_oleracea
angiosperms	Stemona_tuberosa
angiosperms	Stephania_cephalantha
angiosperms	Stephania_japonica
angiosperms	Stephania_yunnanensis
angiosperms	Stipagrostis_hirtigluma
angiosperms	Striga_asiatica
angiosperms	Striga_hermonthica
angiosperms	Stylosanthes_scabra
angiosperms	Syzygium_grande
angiosperms	Syzygium_oleosum
angiosperms	Tagetes_erecta
angiosperms	Tanacetum_coccineum
angiosperms	Taraxacum_koksaghyz
angiosperms	Tarenaya_hassleriana
angiosperms	Telopea_speciosissima
angiosperms	Tetracentron_sinense
angiosperms	Tetrastigma_harmandii
angiosperms	Tetrastigma_loheri
angiosperms	Tetrastigma_magnum
angiosperms	Tetrastigma_scariosum
angiosperms	Tetrastigma_voinierianum
angiosperms	Thalictrum_thalictroides
angiosperms	Theobroma_cacao
angiosperms	Thlaspi_arvense
angiosperms	Trapa_natans
angiosperms	Trema_orientale
angiosperms	Trifolium_medium
angiosperms	Trifolium_pratense
angiosperms	Trifolium_repens
angiosperms	Tripterygium_wilfordii
angiosperms	Turnera_subulata
angiosperms	Ulmus_minor
angiosperms	Urochloa_decumbens
angiosperms	Urochloa_humidicola
angiosperms	Utricularia_aurea
angiosperms	Vaccinium_darrowii
angiosperms	Vicia_faba
angiosperms	Vicia_villosa
angiosperms	Victoria_cruziana
angiosperms	Vigna_angularis
angiosperms	Vigna_mungo
angiosperms	Vigna_radiata
angiosperms	Vigna_umbellata
angiosperms	Vigna_unguiculata
angiosperms	Vitis_riparia
angiosperms	Vitis_vinifera
angiosperms	Warburgia_ugandensis
angiosperms	Withania_somnifera
angiosperms	Xanthoceras_sorbifolium
angiosperms	Ziziphus_jujuba
angiosperms	Zostera_marina
angiosperms	Cicer_arietinum
angiosperms	Tillandsia_fasciculata
angiosperms	Tillandsia_leiboldiana
pteridophyte	Adiantum_capillusveneris
pteridophyte	Alsophila_spinulosa
bryophytes	Niphotrichum_japonicum
Chryptisa	Guillardia_theta_CCMP2712
Chryptisa	Baffinella_frigidus
Fungi	Candidozyma_auris
Fungi	Pichia_kudriavzevii
Fungi	Lodderomyces_elongisporus
Fungi	Candida_dubliniensis_CD36
Fungi	Yamadazyma_tenuis
Fungi	Saccharomyces_kudriavzevii_IFO_1802
Fungi	Rhodotorula_sphaerocarpa
Fungi	Saccharomyces_mikatae_IFO_1815
Fungi	Kwoniella_botswanensis
Fungi	Sugiyamaella_lignohabitans
Fungi	Schizosaccharomyces_osmophilus
Fungi	Malassezia_nana
Fungi	Malassezia_arunalokei
Fungi	Malassezia_japonica
Fungi	Malassezia_vespertilionis
Fungi	Emydomyces_testavorans
Fungi	Remersonia_thermophila
Fungi	Kwoniella_bestiolae_CBS_10118
Fungi	Cryptococcus_depauperatus_CBS_7841
Fungi	Kwoniella_dejecticola_CBS_10117
Fungi	Kwoniella_shivajii
Fungi	Kwoniella_dendrophila_CBS_6074
Fungi	Kwoniella_pini_CBS_10737
Fungi	Kwoniella_shandongensis
Fungi	Eremothecium_sinecaudum
Fungi	Torulaspora_globosa
Fungi	Parajaminaea_phylloscopi
Fungi	Sympodiomycopsis_kandeliae
Fungi	Brettanomyces_nanus
Fungi	Cutaneotrichosporon_cavernicola
Fungi	Lodderomyces_beijingensis
Fungi	Malassezia_brasiliensis
Fungi	Rhodosporidiobolus_nylandii
Fungi	Malassezia_obtusa
Fungi	Malassezia_cuniculi
Fungi	Malassezia_psittaci
Fungi	Malassezia_yamatoensis
Fungi	Malassezia_caprae
Fungi	Savitreella_phatthalungensis
Fungi	Saccharomyces_cerevisiae_S288C
Fungi	Fusarium_oxysporum_Fo47
Fungi	Aspergillus_flavus
Fungi	Yarrowia_lipolytica
Fungi	Botrytis_cinerea_B05.10
Fungi	Kluyveromyces_marxianus_DMKU3-1042
Fungi	Rhizoctonia_solani
Fungi	Trichoderma_atroviride
Fungi	Trichoderma_asperellum
Fungi	Kluyveromyces_lactis
Fungi	Talaromyces_marneffei
Fungi	Ustilaginoidea_virens
Fungi	Saccharomyces_uvarum
Fungi	Puccinia_triticina
Fungi	Penicillium_digitatum
Fungi	Thermothelomyces_thermophilus_ATCC_42464
Fungi	Aspergillus_luchuensis
Fungi	Coccidioides_posadasii_str._Silveira
Fungi	Hanseniaspora_uvarum
Fungi	Brettanomyces_bruxellensis
Fungi	Malassezia_restricta
Fungi	Cercospora_beticola
Fungi	Sordaria_macrospora
Fungi	Cryptococcus_bacillisporus_CA1280
Fungi	Histoplasma_ohiense
Fungi	Cordyceps_javanica
Fungi	Trichoderma_asperelloides
Fungi	Aspergillus_chevalieri
Fungi	Fusarium_culmorum
Fungi	Fusarium_acuminatum
Fungi	Diplodia_sapinea
Fungi	Epichloe_festucae_Fl1
Fungi	Eremothecium_gossypii_ATCC_10895
Fungi	Fusarium_sambucinum
Fungi	Diutina_catenulata
Fungi	Fusarium_falciforme
Fungi	Ascochyta_rabiei
Fungi	Metarhizium_brunneum
Fungi	Hirsutella_rhossiliensis
Fungi	Colletotrichum_lupini
Fungi	Colletotrichum_destructivum
Fungi	Cordyceps_cateniannulata
Fungi	Trichothecium_roseum
Fungi	Malassezia_furfur
Fungi	Hanseniaspora_vineae
Fungi	Monosporozyma_servazzii
Fungi	Fulvia_fulva
Fungi	Fusarium_solani-melongenae
Fungi	Aspergillus_puulaauensis
Fungi	Alternaria_dauci
Fungi	Purpureocillium_takamizusanense
Fungi	Venturia_effusa
Fungi	Cryptococcus_decagattii
Fungi	Hanseniaspora_guilliermondii
Fungi	Hanseniaspora_opuntiae
Fungi	Zygosaccharomyces_parabailii
Fungi	Ustilago_bromivora
Fungi	Kwoniella_europaea_PYCC6329
Fungi	Thermothielavioides_terrestris_NRRL_8126
Fungi	Rhynchosporium_graminicola
Fungi	Trichoderma_simmonsii
Fungi	Talaromyces_rugulosus
Fungi	Vanrija_pseudolonga
Fungi	Peltaster_fructicola
Fungi	Ascochyta_lentis
Fungi	Zygotorulaspora_mrakii
Fungi	Vairimorpha_necatrix
Fungi	Monosporozyma_unispora
Fungi	Pneumocystis_wakefieldiae
Fungi	Jaminaea_angkorensis_CBS_10918
Fungi	Kwoniella_fici
Fungi	Trichoderma_semiorbis
Fungi	Discula_destructiva
Fungi	Exobasidium_rhododendri
Fungi	Hypoxylon_texense
Fungi	Colletotrichum_jinshuiense
Fungi	Septoria_linicola
Fungi	Kwoniella_ovata
Fungi	Australozyma_saopauloensis
Fungi	[Candida]_anglica
Fungi	Acrodontium_crateriforme
Fungi	Hanseniaspora_osmophila
Fungi	[Ashbya]_aceris_(nom._inval.)
Fungi	Hanseniaspora_menglaensis
Fungi	Malassezia_equina
Fungi	Jaminaea_pallidilutea
Fungi	Saitoella_coloradoensis
Fungi	Nakaseomyces_glabratus
Fungi	Debaryomyces_hansenii_CBS767
Fungi	Zygosaccharomyces_rouxii
Fungi	Saccharomyces_paradoxus
Fungi	Naumovozyma_castellii
Fungi	Torulaspora_delbrueckii
Fungi	Lachancea_thermotolerans_CBS_6340
Fungi	Cryptococcus_deuterogattii_R265
Fungi	Kazachstania_africana_CBS_2517
Fungi	Sporisorium_graminicola
Fungi	Henningerozyma_blattae_CBS_6284
Fungi	Huiozyma_naganishii_CBS_8797
Fungi	Naumovozyma_dairenensis_CBS_421
Fungi	Schizosaccharomyces_pombe
Fungi	Candida_albicans_SC5314
Fungi	Cryptococcus_neoformans_H99
Fungi	Aspergillus_nidulans_FGSC_A4
Fungi	Komagataella_phaffii_GS115
Fungi	Saccharomyces_pastorianus
Fungi	Fusarium_fujikuroi_IMI_58289
Fungi	Cryptococcus_deneoformans_JEC21
Fungi	Rhizophagus_irregularis
Fungi	Cryptococcus_gattii_WM276
Fungi	Candida_orthopsilosis_Co_90-125
Fungi	Encephalitozoon_cuniculi_GB-M1
Fungi	Pyrrhoderma_noxium
Fungi	Pleurotus_cornucopiae
Fungi	Sporisorium_reilianum_f._sp._reilianum
Fungi	Encephalitozoon_intestinalis_ATCC_50506
Fungi	Sungouiella_intermedia
Fungi	Eremothecium_cymbalariae_DBVPG#7215
Fungi	Monilinia_vaccinii-corymbosi
Fungi	Somion_occarium
Fungi	Mycosarcoma_maydis
Fungi	Zymoseptoria_tritici_IPO323
Fungi	Komagataella_pastoris
Fungi	Ogataea_parapolymorpha_DL-1
Fungi	Hamiltosporidium_tvaerminnensis
Fungi	Kwoniella_mangroviensis_CBS_8507
Fungi	Kwoniella_newhampshirensis
Fungi	Lachancea_dasiensis
Fungi	Tetrapisispora_phaffii_CBS_4417
Fungi	Lachancea_nothofagi_CBS_11611
Fungi	Lachancea_meyersii_CBS_8951
Fungi	Podospora_pseudopauciseta
Fungi	Podospora_bellae-mahoneyi
Fungi	Lachancea_mirantina
Fungi	Aspergillus_fumigatus_Af293
Fungi	Neurospora_crassa_OR74A
Fungi	Fusarium_graminearum_PH-1
Fungi	Pyricularia_oryzae_70-15
Fungi	Aspergillus_oryzae_RIB40
Fungi	Fusarium_verticillioides_7600
Fungi	Penicillium_oxalicum
Fungi	Puccinia_striiformis_f._sp._tritici
Fungi	Monascus_purpureus
Fungi	Pyricularia_grisea
Fungi	Fusarium_pseudograminearum_CS3096
Fungi	Scheffersomyces_stipitis_CBS_6054
Fungi	Saccharomyces_eubayanus
Fungi	Pochonia_chlamydosporia_170
Fungi	Colletotrichum_higginsianum_IMI_349063
Fungi	Blumeria_graminis_f._sp._triticale
Fungi	Pyrenophora_tritici-repentis
Fungi	Fusarium_poae
Fungi	Erysiphe_necator
Fungi	Cladobotryum_mycophilum
Fungi	Akanthomyces_muscarius
Fungi	Saccharomycodes_ludwigii
Fungi	Drechmeria_coniospora
Fungi	Marasmius_oreades
Fungi	Psilocybe_cubensis
Fungi	Cryptococcus_tetragattii_IND107
Fungi	Encephalitozoon_hellem_ATCC_50504
Fungi	Trichoderma_breve
Fungi	Fusarium_musae
Fungi	Phlyctema_vagabunda
Fungi	Encephalitozoon_romaleae_SJ-2008
Fungi	Gaeumannomyces_hyphopodioides
Fungi	Lepraria_neglecta
Fungi	Gaeumannomyces_avenae
Fungi	Podospora_pseudoanserina
Fungi	Penicillium_psychrofluorescens
Fungi	Fusarium_keratoplasticum
Fungi	Podospora_pseudocomata
Fungi	Trichoderma_cornu-damae
Fungi	Pyricularia_pennisetigena
Fungi	Aspergillus_niger
Fungi	Verticillium_dahliae_VdLs.17
Fungi	Podospora_anserina_S_mat+
Fungi	Fusarium_vanettenii_77-13-4
Fungi	Trichoderma_reesei_QM6a
Fungi	Trichoderma_harzianum_CBS_226.95
Fungi	Meyerozyma_guilliermondii_ATCC_6260
Fungi	Purpureocillium_lilacinum
Fungi	Aspergillus_sydowii_CBS_593.65
Fungi	Trichosporon_asahii_var._asahii_CBS_2479
Fungi	Colletotrichum_graminicola_M1.001
Fungi	Cyberlindnera_jadinii_NRRL_Y-1542
Fungi	Paecilomyces_variotii
Fungi	Pseudogymnoascus_destructans
Fungi	Malassezia_pachydermatis
Fungi	Aspergillus_aculeatus_ATCC_16872
Fungi	Paracoccidioides_lutzii_Pb01
Fungi	Spathaspora_passalidarum_NRRL_Y-27907
Fungi	Aspergillus_versicolor_CBS_583.65
Fungi	Exophiala_spinifera
Fungi	Ophidiomyces_ophidiicola
Fungi	Saitoella_complicata_NRRL_Y-17804
Fungi	Moesziomyces_antarcticus
Fungi	Cladophialophora_bantiana_CBS_173.52
Fungi	Aspergillus_glaucus_CBS_516.65
Fungi	Metschnikowia_bicuspidata_var._bicuspidata_NRRL_YB-4993
Fungi	Penicillium_subrubescens
Fungi	Thermomyces_dupontii
Fungi	Gilbertella_persicaria
Fungi	Aspergillus_alliaceus
Fungi	Mrakia_frigida
Fungi	Wickerhamomyces_ciferrii
Fungi	Mucor_bainieri
Fungi	Colletotrichum_salicis
Fungi	Trichoderma_parareesei
Fungi	Pachysolen_tannophilus_NRRL_Y-2460
Fungi	Cryptococcus_amylolentus_CBS_6039
Fungi	Aspergillus_fischeri_NRRL_181
Fungi	Malassezia_globosa_CBS_7966
Fungi	Thermochaetoides_thermophila_DSM_1495
Fungi	Glarea_lozoyensis_ATCC_20868
Fungi	Schizosaccharomyces_cryophilus_OY26
Fungi	Aspergillus_japonicus_CBS_114.51
Fungi	Aspergillus_aculeatinus_CBS_121060
Fungi	Hyphopichia_burtonii_NRRL_Y-1933
Fungi	Vanderwaltozyma_polyspora_DSM_70294
Fungi	Aspergillus_tanneri
Fungi	Phyllosticta_capitalensis
Fungi	Alternaria_burnsii
Fungi	Exophiala_xenobiotica
Fungi	Aspergillus_udagawae
Fungi	Exophiala_mesophila
Fungi	Cladophialophora_immunda
Fungi	Piromyces_finnis
Fungi	Rhodotorula_pacifica
Fungi	Colletotrichum_cuscutae
Fungi	Verruconis_gallopava
Fungi	Colletotrichum_filicis
Fungi	Thermoascus_crustaceus
Fungi	Anaeromyces_robustus
Fungi	Candida_theae
Fungi	Debaryomyces_fabryi
Fungi	Colletotrichum_simmondsii
Fungi	Fonsecaea_pedrosoi_CBS_271.37
Fungi	Talaromyces_stipitatus_ATCC_10500
Fungi	Cokeromyces_recurvatus
Fungi	Aspergillus_clavatus_NRRL_1
Fungi	Rhinocladiella_mackenziei_CBS_650.93
Fungi	Tortispora_caseinolytica_NRRL_Y-17796
Fungi	Cladophialophora_carrionii_CBS_160.54
Fungi	Aspergillus_brasiliensis_CBS_101740
Fungi	Pichia_membranifaciens_NRRL_Y-2026
Fungi	Aspergillus_costaricaensis_CBS_115574
Fungi	Sodiomyces_alcalophilus_JCM_7366
Fungi	Cryptococcus_wingfieldii_CBS_7118
Fungi	Aspergillus_neoniger_CBS_115656
Fungi	Aspergillus_homomorphus_CBS_101889
Fungi	Aspergillus_uvarum_CBS_121591
Fungi	Wallemia_mellicola_CBS_633.66
Fungi	Mycothermus_thermophilus
Fungi	Aspergillus_nomiae_NRRL_13137
Fungi	Rasamsonia_emersonii_CBS_393.64
Fungi	Lichtheimia_hyalospora_FSU_10163
Fungi	Emergomyces_pasteurianus_Ep9510
Fungi	Chaetomium_strumarium
Fungi	Aspergillus_steynii_IBT_23096
Fungi	Aspergillus_novofumigatus_IBT_16806
Fungi	Halteromyces_radiatus
Fungi	Benjaminiella_poitrasii
Fungi	Hypoxylon_trugodes
Fungi	Pseudomassariella_vexata
Fungi	Scheffersomyces_xylosifermentans
Fungi	Scheffersomyces_coipomensis
Fungi	Morchella_hispaniolensis
Fungi	Scheffersomyces_amazonensis
Fungi	Radiomyces_spectabilis
Fungi	Knufia_obscura
Fungi	Exophiala_viscosa
Fungi	Lipomyces_oligophaga
Fungi	Acaromyces_ingoldii
Fungi	Baudoinia_panamericana_UAMH_10762
Fungi	Annulohypoxylon_maeteangense
Fungi	Candida_jiufengensis
Fungi	Aureobasidium_namibiae_CBS_147.97
Fungi	Cyphellophora_attinorum
Fungi	Durotheca_rogersii
Fungi	Filobasidium_floriforme
Fungi	Aspergillus_sclerotioniger_CBS_115572
Fungi	Chlamydoabsidia_padenii
Fungi	Linderina_pennispora
Fungi	Coemansia_mojavensis
Fungi	Limtongia_smithiae
Fungi	Neohortaea_acidophila
Fungi	Aspergillus_eucalypticola_CBS_122712
Fungi	Kockiozyma_suomiensis
Fungi	Candida_pseudojiufengensis
Fungi	Trichoderma_camerunense
Fungi	Aureobasidium_subglaciale_EXF-2481
Fungi	Fimicolochytrium_jonesii
Fungi	Capronia_coronata_CBS_617.96
Fungi	Hyaloraphidium_curvatum
Fungi	Lachancea_lanzarotensis
Fungi	Aspergillus_vadensis_CBS_113365
Fungi	Lobosporangium_transversale
Fungi	Cladophialophora_yegresii_CBS_114405
Fungi	Aspergillus_heteromorphus_CBS_117.55
Fungi	Jaminaea_rosea
Fungi	Meira_miltonrushii
Fungi	Cyphellophora_europaea_CBS_101466
Fungi	Aspergillus_multicolor
Fungi	Exophiala_aquamarina_CBS_119918
Fungi	Venustampulla_echinocandica
Fungi	Trematosphaeria_pertusa
Fungi	Aspergillus_piperis_CBS_112811
Fungi	Neoarthrinium_moseri
Fungi	Aspergillus_ambiguus
Fungi	Emericellopsis_atlantica
Fungi	Aaosphaeria_arxii_CBS_175.79
Fungi	Synchytrium_microbalum
Fungi	Dothidotthia_symphoricarpi_CBS_119687
Fungi	Cladophialophora_psammophila_CBS_110553
Fungi	Microstroma_glucosiphilum
Fungi	Polychytrium_aggregatum
Fungi	Zasmidium_cellare_ATCC_36951
Fungi	Aspergillus_pseudodeflectus
Fungi	Kuraishia_capsulata_CBS_1993
Fungi	Gamsiella_multidivaricata
Fungi	Xylona_heveae_TC161
Fungi	Polyrhizophydium_stewartii
Fungi	Wallemia_ichthyophaga_EXF-994
Fungi	Aspergillus_karnatakaensis
Fungi	Aspergillus_lucknowensis
Fungi	Aspergillus_insuetus
Fungi	Aspergillus_undulatus
Fungi	Colletotrichum_navitas
Fungi	Zychaea_mexicana
Fungi	Aspergillus_sergii
Fungi	Aspergillus_fijiensis_CBS_313.89
Fungi	Aspergillus_foveolatus
Fungi	Westerdykella_ornata
Fungi	Kalmanozyma_brasiliensis_GHG001
Fungi	Aspergillus_ibericus_CBS_121593
Fungi	Dissoconium_aciculare_CBS_342.82
Fungi	Diplodia_corticola
Fungi	Fonsecaea_monophora
Fungi	Aspergillus_venezuelensis
Fungi	Lipomyces_chichibuensis
Fungi	Aspergillus_transmontanensis
Fungi	Aspergillus_recurvatus
Fungi	Aspergillus_brunneoviolaceus_CBS_621.78
Fungi	Aspergillus_novoparasiticus
Fungi	Aspergillus_bombycis
Fungi	Pseudovirgaria_hyperparasitica
Fungi	Zopfochytrium_polystomum
Fungi	Colletotrichum_eremochloae
Fungi	Macroventuria_anomochaeta
Fungi	Lipomyces_japonicus
Fungi	Aspergillus_mulundensis
Fungi	Aspergillus_desertorum
Fungi	Aspergillus_californicus
Fungi	Ceraceosorus_guamensis
Fungi	Aspergillus_heterothallicus
Fungi	Dipodascopsis_tothii
Fungi	Aspergillus_floccosus
Fungi	Babjeviella_inositovora_NRRL_Y-12698
Fungi	Teratosphaeria_nubilosa
Fungi	Aspergillus_germanicus
Fungi	Rostrohypoxylon_terebratum
Fungi	Aspergillus_aurantiobrunneus
Fungi	Candida_margitis
Fungi	Aspergillus_pseudonomiae
Fungi	Penicilliopsis_zonata_CBS_506.65
Fungi	Mytilinidion_resinicola
Fungi	Lipomyces_doorenjongii
Fungi	Suhomyces_tanzawaensis_NRRL_Y-17324
Fungi	Aspergillus_keveii
Fungi	Eremomyces_bilateralis_CBS_781.70
Fungi	Aspergillus_crustosus
Fungi	Ordospora_pajunii
Fungi	Blastomyces_parvus
Fungi	Lachnellula_hyalina
Fungi	Candida_oxycetoniae
Fungi	Aspergillus_taichungensis
Fungi	Daldinia_bambusicola
Fungi	Aspergillus_pseudocaelatus
Fungi	Lichtheimia_ornata
Fungi	Didymella_exigua_CBS_183.55
Fungi	Aspergillus_falconensis
Fungi	Aspergillus_leporis
Fungi	Colletotrichum_zoysiae
Fungi	Calcarisporiella_thermophila
Fungi	Aspergillus_bertholletiae
Fungi	Tilletiaria_anomala_UBC_951
Fungi	Aplosporella_prunicola_CBS_121167
Fungi	Sodiomyces_alkalinus_F11
Fungi	Aspergillus_similis
Fungi	Lindgomyces_ingoldianus
Fungi	Colletotrichum_somersetense
Fungi	Aspergillus_varians
Fungi	Aspergillus_navahoensis
Fungi	Aspergillus_pseudoustus
Fungi	Aspergillus_caelatus
Fungi	[Candida]_subhashii
Fungi	Rasamsonia_byssochlamydoides
Fungi	Aspergillus_egyptiacus
Fungi	Bifiguratus_adelaidae
Fungi	Dacryopinax_primogenitus
Fungi	Colletotrichum_caudatum
Fungi	Aspergillus_coremiiformis
Fungi	Entophlyctis_luteolus
Fungi	Martensiomyces_pterosporus
Fungi	Coemansia_asiatica
Fungi	Mucor_atramentarius
Fungi	Atractiella_rhizophila
Fungi	Trichocladium_antarcticum
Fungi	Colletotrichum_tanaceti
Fungi	Mitosporidium_daphniae
Fungi	Violaceomyces_palustris
Fungi	Dissophora_ornata
Fungi	Phialemonium_thermophilum
Fungi	Ramicandelaber_brevisporus
Fungi	Rhizopus_azygosporus
Fungi	Colletotrichum_shisoi
Fungi	Coemansia_furcata
Fungi	Trichoderma_aggressivum_f._europaeum
Fungi	Aspergillus_cavernicola
Fungi	Aspergillus_sclerotiicarbonarius_CBS_121057
Fungi	Meredithblackwellia_eburnea_MCA_4105
Fungi	Aspergillus_indologenus_CBS_114.80
Fungi	Amniculicola_lignicola_CBS_123094
Fungi	[Candida]_arabinofermentans_NRRL_YB-2248
Fungi	Bimuria_novae-zelandiae_CBS_107.79
Fungi	Aspergillus_ellipticus_CBS_707.79
Fungi	Gonapodya_prolifera_JEL478
Fungi	Delitschia_confertaspora_ATCC_74209
Fungi	Lepidopterella_palustris_CBS_459.81
Fungi	Magnaporthiopsis_poae_ATCC_64411
Fungi	Penicillium_malachiteum
Fungi	Penicillium_fimorum
Fungi	Penicillium_robsamsonii
Fungi	Parahypoxylon_ruwenzoriense
Fungi	Aspergillus_melleus
Fungi	Apiospora_hydei
Fungi	Apiospora_aurea
Fungi	Penicillium_paradoxum
Fungi	Penicillium_samsonianum
Fungi	Apiospora_marii
Fungi	Penicillium_angulare
Fungi	Magnusiomyces_paraingens
Fungi	Penicillium_canariense
Fungi	Penicillium_hetheringtonii
Fungi	Penicillium_soppii
Fungi	Ceratocystis_lukuohia
Fungi	[Neocosmospora]_mangrovei
Fungi	Penicillium_maclennaniae
Fungi	Apiospora_phragmitis
Fungi	Botrytis_porri
Fungi	Cutaneotrichosporon_spelunceum
Fungi	Aureobasidium_mustum
Fungi	Basidioascus_undulatus
Fungi	Botrytis_sinoallii
Fungi	Aureobasidium_vineae
Fungi	Aureobasidium_uvarum
Fungi	Alternaria_incomplexa
Fungi	Alternaria_triticimaculans
Fungi	Alternaria_arbusti
Fungi	Cryptotrichosporon_argae
Fungi	Alternaria_ventricosa
Fungi	Botrytis_byssoidea
Fungi	Alternaria_novae-zelandiae
Fungi	Alternaria_infectoria
Fungi	Saxophila_tyrrhenica
Fungi	Alternaria_viburni
Fungi	Alternaria_metachromatica
Fungi	Metarhizium_hybridum
Fungi	Alternaria_hordeiaustralica
Fungi	Exophiala_bonariae
Fungi	Phialophora_macrospora
Fungi	Alternaria_ethzedia
Fungi	Cryoendolithus_antarcticus
Fungi	Naganishia_onofrii
Fungi	Penicillium_arizonense
Fungi	Cytospora_paraplurivora
Fungi	Cladophialophora_sylvestris
Fungi	Recurvomyces_mirabilis
Fungi	Trichoderma_afarasin
Fungi	Ogataea_philodendri
Fungi	Trichoderma_barbatum
Fungi	Trichoderma_austrokoningii
Fungi	Sporobolomyces_koalae
Fungi	Fonsecaea_nubica
Fungi	Alternaria_postmessia
Fungi	Sporobolomyces_salmoneus
Fungi	Trichoderma_aethiopicum
Fungi	Trichoderma_chlorosporum
Fungi	Pseudogymnoascus_verrucosus
Fungi	Debaryomyces_tyrocola
Fungi	Maudiozyma_saulgeensis
Fungi	Nematocida_major
Fungi	Monosporascus_cannonballus
Fungi	Stagonosporopsis_vannaccii
Fungi	Rhodosporidiobolus_poonsookiae
Fungi	Pseudohyphozyma_bogoriensis
Fungi	Fusarium_oligoseptatum
Fungi	Aspergillus_nanangensis
Fungi	Diplogelasinospora_grovesii
Fungi	Fusarium_tjaetaba
Fungi	Cercophora_samala
Fungi	Aureobasidium_aubasidani
Fungi	Rhodosporidiobolus_lusitaniae
Fungi	Geranomyces_michiganensis
Fungi	Polytolypa_hystricis_UAMH7299
Fungi	Coemansia_umbellata
Fungi	Thermocarpiscus_australiensis
Fungi	Fusarium_acutatum
Fungi	Wallemia_hederae
Fungi	Corynascus_novoguineensis
Fungi	Diutina_rugosa
Fungi	Fusarium_denticulatum
Fungi	Fusarium_mundagurra
Fungi	Rhodosporidiobolus_microsporus
Fungi	Pichia_inconspicua
Fungi	Trichoderma_ceciliae
Fungi	Monosporascus_ibericus
Fungi	Nematocida_minor
Fungi	Trichoderma_compactum
Fungi	Fusarium_phyllophilum
Fungi	Fusarium_austroafricanum
Fungi	Fusarium_coicis
Fungi	Candolleomyces_eurysporus
Fungi	Aspergillus_hancockii
Fungi	Fusarium_globosum
Fungi	Cladophialophora_minutissima
Fungi	Chaetomidium_leptoderma
Fungi	Mycoemilia_scoparia
Fungi	Fusarium_pseudoanthophilum
Fungi	Cladophialophora_humicola
Fungi	Claviceps_capensis
Fungi	Claviceps_pazoutovae
Fungi	Colletotrichum_spinosum
Fungi	Fusarium_sarcochroum
Fungi	Athelia_psychrophila
Fungi	Sporobolomyces_blumeae
Fungi	Rhodotorula_araucariae
Fungi	Sporobolomyces_salmonicolor
Fungi	Claviceps_monticola
Fungi	Aspergillus_sclerotialis
Fungi	Tieghemiomyces_parasiticus
Fungi	Paramicrosporidium_saccamoebae
Fungi	Dactylella_cylindrospora
Fungi	Coemansia_javaensis
Fungi	Staphylotrichum_tortipilum
Fungi	Thermothelomyces_hinnuleus
Fungi	Thermothelomyces_myriococcoides
Fungi	Chaetomium_olivicolor
Fungi	Friedmanniomyces_simplex
Fungi	Enteropsectra_breve
Fungi	Thermoascus_thermophilus
Fungi	Cryomyces_minteri
Fungi	Emergomyces_africanus
Fungi	Humicola_hyalothermophila
Fungi	Quaeritorhiza_haematococci
Fungi	Podila_epigama
Fungi	Pancytospora_epiphaga
Fungi	Coemansia_biformis
Fungi	Coemansia_helicoidea
Fungi	Spiromyces_aspiralis
Fungi	Beauveria_bassiana_ARSEF_2860
Fungi	Alternaria_alternata
Fungi	Candida_tropicalis_MYA-3404
Fungi	Fusarium_solani
Fungi	Rhodotorula_toruloides_NP11
Fungi	Sclerotinia_sclerotiorum_1980_UF-70
Fungi	Pleurotus_ostreatus
Fungi	Aspergillus_terreus_NIH2624
Fungi	Candida_parapsilosis
Fungi	Colletotrichum_gloeosporioides
Fungi	Cordyceps_militaris_CM01
Fungi	Aureobasidium_pullulans_EXF-150
Fungi	Lentinula_edodes
Fungi	Penicillium_chrysogenum
Fungi	Trichophyton_rubrum_CBS_118892
Fungi	Ophiocordyceps_sinensis
Fungi	Coprinopsis_cinerea_okayama7#130
Fungi	Penicillium_expansum
Fungi	Agaricus_bisporus_var._bisporus_H97
Fungi	Wickerhamomyces_anomalus_NRRL_Y-366-8
Fungi	Schizophyllum_commune_H4-8
Fungi	Fusarium_proliferatum_ET1
Fungi	Orbilia_oligospora_ATCC_24927
Fungi	Clavispora_lusitaniae
Fungi	Metarhizium_anisopliae
Fungi	Colletotrichum_fructicola_Nara_gc5
Fungi	Bipolaris_sorokiniana_ND90Pr
Fungi	Histoplasma_capsulatum_G186AR
Fungi	Metarhizium_robertsii_ARSEF_23
Fungi	Rhizopus_microsporus_ATCC_52813
Fungi	Lasiodiplodia_theobromae
Fungi	Mucor_circinelloides
Fungi	Metarhizium_acridum
Fungi	Botryosphaeria_dothidea
Fungi	Aspergillus_tubingensis
Fungi	Cryphonectria_parasitica_EP155
Fungi	Batrachochytrium_dendrobatidis_JAM81
Fungi	Plenodomus_lingam
Fungi	Pneumocystis_jirovecii_RU7
Fungi	Mortierella_alpina
Fungi	Schizosaccharomyces_japonicus_yFS275
Fungi	Exophiala_dermatitidis_NIH/UT8656
Fungi	Aureobasidium_melanogenum_CBS_110374
Fungi	Fusarium_odoratissimum_NRRL_54006
Fungi	Rhizopus_delemar_RA_99-880
Fungi	Trichoderma_virens_Gv29-8
Fungi	Chaetomium_globosum_CBS_148.51
Fungi	Trametes_versicolor_FP-101664_SS1
Fungi	Pleurotus_pulmonarius
Fungi	Geotrichum_candidum
Fungi	Penicillium_roqueforti
Fungi	Exserohilum_turcica_Et28A
Fungi	Laccaria_bicolor_S238N-H82
Fungi	Paxillus_involutus_ATCC_200175
Fungi	Microsporum_canis_CBS_113480
Fungi	Penicillium_citrinum
Fungi	Monilinia_fructicola
Fungi	Rhodotorula_paludigena
Fungi	Colletotrichum_fioriniae
Fungi	Candidozyma_haemuli
Fungi	Postia_placenta_MAD-698-R-SB12
Fungi	Puccinia_graminis_f._sp._tritici_CRL_75-36-700-3
Fungi	Arthrobotrys_flagrans
Fungi	Morchella_sextelata
Fungi	Morchella_importuna
Fungi	Aspergillus_welwitschiae
Fungi	Bipolaris_maydis
Fungi	Vairimorpha_ceranae
Fungi	Coccidioides_immitis_RS
Fungi	Parastagonospora_nodorum_SN15
Fungi	Sporothrix_schenckii_1099-18
Fungi	Colletotrichum_orbiculare_MAFF_240422
Fungi	Aspergillus_carbonarius_ITEM_5010
Fungi	Fusarium_venenatum
Fungi	Leucocoprinus_gongylophorus
Fungi	Colletotrichum_truncatum
Fungi	Colletotrichum_acutatum
Fungi	Trichoderma_citrinoviride
Fungi	Mucor_lusitanicus
Fungi	Papiliotrema_laurentii
Fungi	Ogataea_polymorpha
Fungi	Epicoccum_nigrum
Fungi	Tuber_melanosporum
Fungi	Melampsora_larici-populina_98AG31
Fungi	Bipolaris_oryzae_ATCC_44560
Fungi	Laetiporus_sulphureus_93-53
Fungi	Blastocladiella_emersonii_ATCC_22665
Fungi	Colletotrichum_siamense
Fungi	Colletotrichum_scovillei
Fungi	Sanghuangporus_sanghuang
Fungi	Trametes_sanguinea
Fungi	Candida_metapsilosis
Fungi	Ogataea_angusta
Fungi	Cyclocybe_aegerita
Fungi	Amanita_muscaria
Fungi	Thermomyces_lanuginosus
Fungi	Daldinia_eschscholtzii
Fungi	Umbelopsis_isabellina
Fungi	Grosmannia_clavigera_kw1407
Fungi	Phycomyces_blakesleeanus_NRRL_1555(-)
Fungi	Serpula_lacrymans_var._lacrymans_S7.9
Fungi	Penicillium_rubens
Fungi	Trichophyton_benhamiae_CBS_112371
Fungi	Blastomyces_dermatitidis_ER-3
Fungi	Pseudozyma_hubeiensis_SY62
Fungi	Cordyceps_fumosorosea_ARSEF_2679
Fungi	Rhodotorula_graminis_WP1
Fungi	Penicillium_crustosum
Fungi	Ilyonectria_destructans
Fungi	Berkeleyomyces_rouxiae
Fungi	Boeremia_exigua
Fungi	Penicillium_griseofulvum
Fungi	Vanrija_humicola
Fungi	Scedosporium_apiospermum
Fungi	Diaporthe_amygdali
Fungi	Batrachochytrium_salamandrivorans
Fungi	Monilinia_fructigena
Fungi	Penicillium_brasilianum
Fungi	Paraphaeosphaeria_sporulosa
Fungi	Phanerochaete_sordida
Fungi	Blakeslea_trispora
Fungi	Verticillium_nonalfalfae
Fungi	Tilletia_controversa
Fungi	Pleurotus_djamor
Fungi	Tuber_magnatum
Fungi	Pisolithus_microcarpus
Fungi	Alternaria_arborescens
Fungi	Sphaerulina_musiva_SO2202
Fungi	Pyronema_omphalodes
Fungi	Schizosaccharomyces_octosporus_yFS286
Fungi	Cenococcum_geophilum_1.58
Fungi	Dichomitus_squalens_LYAD-421_SS1
Fungi	Gaeumannomyces_tritici_R3-111a-1
Fungi	Serendipita_indica_DSM_11827
Fungi	Pneumocystis_murina_B123
Fungi	Pneumocystis_carinii_B80
Fungi	Amorphotheca_resinae_ATCC_22711
Fungi	Pseudocercospora_fijiensis_CIRAD86
Fungi	Neurospora_tetrasperma_FGSC_2508
Fungi	Paracoccidioides_brasiliensis_Pb18
Fungi	Ascosphaera_apis_ARSEF_7405
Fungi	Nosema_bombycis_CQ1
Fungi	Diplocarpon_coronariae
Fungi	Cronartium_quercuum_f._sp._fusiforme_G11
Fungi	Trichoderma_afroharzianum
Fungi	Plectosphaerella_cucumerina
Fungi	Hirsutella_rhossiliensis
Fungi	Penicillium_brevicompactum
Fungi	Penicillium_solitum
Fungi	Hermanssonia_centrifuga
Fungi	Candidozyma_duobushaemuli
Fungi	Arthrobotrys_conoides
Fungi	Diplocarpon_rosae
Fungi	Linnemannia_elongata
Fungi	Armillaria_mellea
Fungi	Dactylonectria_macrodidyma
Fungi	Fusarium_redolens
Fungi	Maudiozyma_humilis
Fungi	Ustilago_hordei
Fungi	Aspergillus_calidoustus
Fungi	Talaromyces_amestolkiae
Fungi	Mucor_flavus
Fungi	Colletotrichum_godetiae
Fungi	Abortiporus_biennis
Fungi	Pisolithus_albus
Fungi	Xylaria_flabelliformis
Fungi	Trichoglossum_hirsutum
Fungi	Colletotrichum_tamarilloi
Fungi	Armillaria_borealis
Fungi	Lactarius_deliciosus
Fungi	Aspergillus_lentulus
Fungi	Aspergillus_affinis
Fungi	Tuber_borchii
Fungi	Glutinoglossum_americanum
Fungi	Rhizophlyctis_rosea
Fungi	Trametes_cinnabarina
Fungi	Agrocybe_chaxingu
Fungi	Basidiobolus_ranarum
Fungi	Coelomomyces_lativittatus
Fungi	Vairimorpha_bombi
Fungi	Mucor_velutinosus
Fungi	Moniliophthora_roreri
Fungi	Phyllosticta_citricarpa
Fungi	Mixia_osmundae_IAM_14324
Fungi	Pestalotiopsis_fici_W106-1
Fungi	Spizellomyces_punctatus_DAOM_BR117
Fungi	Fomitiporia_mediterranea_MF3/22
Fungi	Drepanopeziza_brunnea_f._sp._'multigermtubi'
Fungi	Heterobasidion_irregulare_TC_32-1
Fungi	Aspergillus_wentii_DTO_134E9
Fungi	Malassezia_sympodialis_ATCC_42132
Fungi	Thermoascus_aurantiacus_ATCC_26904
Fungi	Catenaria_anguillulae_PL171
Fungi	Nannizzia_gypsea_CBS_118893
Fungi	Tremella_mesenterica_DSM_1558
Fungi	Bipolaris_zeicola_26-R-13
Fungi	Podila_verticillata_NRRL_6337
Fungi	Trichophyton_verrucosum_HKI_0517
Fungi	Endocarpon_pusillum_Z07020
Fungi	Gloeophyllum_trabeum_ATCC_11539
Fungi	Akanthomyces_lecanii_RCEF_1005
Fungi	Ganoderma_sinense_ZZ0214-1
Fungi	Trametes_coccinea_BRFM310
Fungi	Basidiobolus_meristosporus_CBS_931.73
Fungi	Tolypocladium_ophioglossoides_CBS_100239
Fungi	Piloderma_croceum_F_1598
Fungi	Colletotrichum_tofieldiae
Fungi	Penicillium_verrucosum
Fungi	Madurella_fahalii
Fungi	Apiospora_arundinis
Fungi	Apiospora_rasikravindrae
Fungi	Penicillium_capsulatum
Fungi	Paramyrothecium_foliicola
Fungi	Cunninghamella_echinulata
Fungi	Sarocladium_strictum
Fungi	Mucor_hiemalis
Fungi	Diplodia_seriata
Fungi	Coniochaeta_hoffmannii
Fungi	Sparassis_crispa
Fungi	Cutaneotrichosporon_oleaginosum
Fungi	Fomes_fomentarius
Fungi	Sclerotinia_nivalis
Fungi	Agrocybe_pediades
Fungi	Butyriboletus_roseoflavus
Fungi	Orbilia_brochopaga
Fungi	Talaromyces_proteolyticus
Fungi	Sanghuangporus_baumii
Fungi	Monilinia_laxa
Fungi	Colletotrichum_costaricense
Fungi	Linnemannia_hyalina
Fungi	Trametes_polyzona
Fungi	Dioszegia_hungarica
Fungi	Phyllosticta_citriasiana
Fungi	Chiua_virens
Fungi	Paraphoma_chrysanthemicola
Fungi	Plenodomus_lindquistii
Fungi	Cubamyces_lactineus
Fungi	Stromatinia_cepivora
Fungi	Lyophyllum_shimeji
Fungi	Ramalina_farinacea
Fungi	Venturia_nashicola
Fungi	Apiotrichum_porosum
Fungi	Rhizophagus_clarus
Fungi	Ilyonectria_robusta
Fungi	Tricladium_varicosporioides
Fungi	Rhodofomes_roseus
Fungi	Aspergillus_pseudoviridinutans
Fungi	Boletus_reticuloceps
Fungi	Saitozyma_podzolica
Fungi	Powellomyces_hirtus
Fungi	Exophiala_oligosperma
Fungi	Colletotrichum_abscissum
Fungi	Ustulina_deusta
Fungi	Lactarius_indigo
Fungi	Ephemerocybe_angulata
Fungi	Xylaria_arbuscula
Fungi	Protomyces_lactucae-debilis
Fungi	Lenzites_betulinus
Fungi	Desarmillaria_tabescens
Fungi	Candidozyma_pseudohaemuli
Fungi	Schizophyllum_amplum
Fungi	Trichoderma_gamsii
Fungi	Aspergillus_viridinutans
Fungi	Scheffersomyces_spartinae
Fungi	Neocallimastix_californiae
Fungi	Suillus_placidus
Fungi	Pilaira_anomala
Fungi	Talaromyces_atroroseus
Fungi	Xylaria_curta
Fungi	Suillus_bovinus
Fungi	Daldinia_caldariorum
Fungi	Suillus_clintonianus
Fungi	Aspergillus_arachidicola
Fungi	Fomitopsis_betulina
Fungi	Trichoderma_ghanense
Fungi	Aspergillus_candidus
Fungi	Xylaria_bambusicola
Fungi	Entomophthora_muscae
Fungi	Aspergillus_pseudotamarii
Fungi	Stereum_hirsutum_FP-91666_SS1
Fungi	Paraphysoderma_sedebokerense
Fungi	Lactifluus_volemus
Fungi	Stemphylium_lycopersici
Fungi	Choanephora_cucurbitarum
Fungi	Ramularia_collo-cygni
Fungi	Lasiodiplodia_hormozganensis
Fungi	Xylaria_longipes
Fungi	Bipolaris_victoriae_FI3
Fungi	Sporodiniella_umbellata
Fungi	Colletotrichum_incanum
Fungi	Hyaloscypha_hepaticicola
Fungi	Pterulicium_gracile
Fungi	Massospora_cicadina
Fungi	Ascodesmis_nigricans
Fungi	Suillus_spraguei
Fungi	Punctularia_strigosozonata_HHB-11173_SS5
Fungi	Cadophora_malorum
Fungi	Rickenella_mellea
Fungi	Ciborinia_camelliae
Fungi	Geosiphon_pyriformis
Fungi	Hymenopellis_radicata
Fungi	Cladorrhinum_samala
Fungi	Aspergillus_hiratsukae
Fungi	Obba_rivulosa
Fungi	Periconia_macrospinosa
Fungi	Artomyces_pyxidatus
Fungi	Geosmithia_morbida
Fungi	Antrodiella_citrinella
Fungi	Mucor_plumbeus
Fungi	Diversispora_epigaea
Fungi	Phellinidium_pouzarii
Fungi	Aspergillus_rambellii
Fungi	Gigaspora_rosea
Fungi	Lachnellula_subtilissima
Fungi	Tuber_aestivum
Fungi	Parasitella_parasitica
Fungi	Mortierella_antarctica
Fungi	Rhizina_undulata
Fungi	Glomus_cerebriforme
Fungi	Synchytrium_endobioticum
Fungi	Podila_minutissima
Fungi	Hericium_alpestre
Fungi	Tilletia_laevis
Fungi	Funneliformis_mosseae
Fungi	Physocladia_obscura
Fungi	Erysiphe_neolycopersici
Fungi	Golovinomyces_cichoracearum
Fungi	Aspergillus_awamori
Fungi	Aspergillus_ochraceoroseus_IBT_24754
Fungi	Cadophora_gregata
Fungi	Syncephalastrum_racemosum
Fungi	Cystobasidium_minutum_MCA_4210
Fungi	Hanseniaspora_valbyensis
Fungi	Candida_maltosa_Xu316
Fungi	Hyaloscypha_bicolor_E
Fungi	Cryomyces_antarcticus
Fungi	Oidiodendron_maius_Zn
Fungi	Coniosporium_apollinis_CBS_100218
Fungi	Lecanosticta_acicola
Fungi	Hebeloma_cylindrosporum
Fungi	Lentinus_tigrinus_ALCF2SS1-7
Fungi	Phaeoacremonium_minimum_UCRPA7
Fungi	Aspergillus_ruber_CBS_135680
Fungi	Phaeomoniella_chlamydospora
Fungi	Thermothelomyces_heterothallicus_CBS_202.75
Fungi	Botryobasidium_botryosum_FD-172_SS1
Fungi	Phanerochaete_carnosa_HHB-10118-sp
Fungi	Amanita_thiersii_Skay4041
Fungi	Coemansia_reversa_NRRL_1564
Fungi	Rozella_allomycis_CSF55
Fungi	Verticillium_alfalfae_VaMs.102
Fungi	Plenodomus_tracheiphilus_IPT5
Fungi	Blastomyces_gilchristii_SLH14081
Fungi	Plicaturopsis_crispa_FD-325_SS-3
Fungi	Gymnopus_androsaceus_JB14
Fungi	Drechslerella_stenobrocha_248
Fungi	Hirsutella_minnesotensis_3608
Fungi	Uncinocarpus_reesii_1704
Fungi	Suillus_brevipes_Sb2
Fungi	Suillus_luteus_UH-Slu-Lm8-n1
Fungi	Phlebiopsis_gigantea_11061_1_CR5-6
Fungi	Allomyces_macrogynus_ATCC_38327
Fungi	Serendipita_vermifera_MAFF_305830
Fungi	Tulasnella_calospora_MUT_4182
Fungi	Rhizopogon_salebrosus_TDB-379
Fungi	Neolecta_irregularis_DAH-3
Fungi	Podospora_appendiculata
Fungi	Bombardia_bombarda
Fungi	Lasiosphaeria_miniovina
Fungi	Absidia_cylindrospora
Fungi	Fusarium_nematophilum
Fungi	Arthroderma_uncinatum
Fungi	Immersiella_caudata
Fungi	Lasiosphaeria_hispida
Fungi	Lasiosphaeria_ovina
Fungi	Cercophora_scortea
Fungi	Lasiosphaeris_hirsuta
Fungi	Mycena_sanguinolenta
Fungi	Fusarium_flagelliforme
Fungi	Cercophora_newfieldiana
Fungi	Schizothecium_vesticola
Fungi	Neurospora_tetraspora
Fungi	Chaetomium_tenue
Fungi	Staphylotrichum_longicolle
Fungi	Apodospora_peruviana
Fungi	Podospora_didyma
Fungi	Chaetomium_fimeti
Fungi	Penicillium_canescens
Fungi	Neurospora_hispaniola
Fungi	Purpureocillium_lavendulum
Fungi	Cercospora_kikuchii
Fungi	Trichoderma_gracile
Fungi	Desarmillaria_ectypa
Fungi	Truncatella_angustata
Fungi	Hypoxylon_fragiforme
Fungi	Armillaria_fumosa
Fungi	Sporothrix_brasiliensis_5110
Fungi	Ophiocordyceps_camponoti-floridani
Fungi	Arthrobotrys_musiformis
Fungi	Fusarium_phalaenopsidis
Fungi	Vanrija_albida
Fungi	Sordaria_brevicollis
Fungi	Microdochium_trichocladiopsis
Fungi	Colletotrichum_paranaense
Fungi	Fusarium_chlamydosporum
Fungi	Amphichorda_felina
Fungi	Alternaria_rosae
Fungi	Daedaleopsis_nitida
Fungi	Mucor_fragilis
Fungi	Hyaloscypha_variabilis
Fungi	Diaporthe_batatas
Fungi	Apiosordaria_backusii
Fungi	Phyllosticta_citrichinensis
Fungi	Elaphomyces_granulatus
Fungi	Daldinia_grandis
Fungi	Armillaria_nabsnona
Fungi	Paraphaeosphaeria_minitans
Fungi	Mycena_capillaripes
Fungi	Wickerhamiella_sorbophila
Fungi	Peziza_echinospora
Fungi	Phyllosticta_citribraziliensis
Fungi	Botrytis_fragariae
Fungi	Delphinella_strobiligena
Fungi	Crassisporium_funariophilum
Fungi	Stachybotrys_elegans
Fungi	Sclerotinia_trifoliorum
Fungi	Thelephora_terrestris
Fungi	Letharia_lupina
Fungi	Lentinula_detonsa
Fungi	Earliella_scabrosa
Fungi	Morchella_angusticeps
Fungi	Mycotypha_africana
Fungi	Trametes_meyenii
Fungi	Dendryphion_nanum
Fungi	Neodothiora_populina
Fungi	Umbelopsis_vinacea
Fungi	Morchella_pulchella
Fungi	Trametes_maxima
Fungi	Morchella_punctipes
Fungi	Morchella_prava
Fungi	Panaeolus_papilionaceus
Fungi	Bacidia_gigantensis
Fungi	Colletotrichum_phormii
Fungi	Morchella_brunnea
Fungi	Morchella_diminutiva
Fungi	Mycena_floridula
Fungi	Lipomyces_tetrasporus
Fungi	Morchella_fluvialis
Fungi	Aspergillus_campestris_IBT_28561
Fungi	Rhizodiscina_lignyota
Fungi	Halenospora_varia
Fungi	Geopyxis_carbonaria
Fungi	Mycena_filopes
Fungi	Clarireedia_jacksonii
Fungi	Dactylonectria_estremocensis
Fungi	Morchella_disparilis
Fungi	Pyronema_domesticum
Fungi	Pisolithus_tinctorius
Fungi	Massariosphaeria_phaeospora
Fungi	Absidia_repens
Fungi	Lentinula_raphanica
Fungi	Mycena_albidolilacea
Fungi	Daldinia_childiae
Fungi	Morchella_snyderi
Fungi	Maudiozyma_exigua
Fungi	Roridomyces_roridus
Fungi	Lentinula_aciculospora
Fungi	Mycena_epipterygia
Fungi	Annulohypoxylon_nitens
Fungi	Russula_ochroleuca
Fungi	Thelonectria_olida
Fungi	Colletotrichum_spaethianum
Fungi	Morchella_kakiicolor
Fungi	Xylaria_nigripes
Fungi	Kockovaella_imperatae
Fungi	Melampsora_americana
Fungi	Phascolomyces_articulosus
Fungi	Dichotomocladium_elegans
Fungi	Arxiozyma_heterogenica
Fungi	Tricharina_praecox
Fungi	Coemansia_spiralis
Fungi	Trichoderma_velutinum
Fungi	Hypomontagnella_submonticulosa
Fungi	Thamnidium_elegans
Fungi	Mycena_amicta
Fungi	Myxozyma_melibiosi
Fungi	Gymnopus_earleae
Fungi	Tricholomella_constricta
Fungi	Helicostylum_pulchrum
Fungi	Phlyctochytrium_arcticum
Fungi	Armillaria_luteobubalina
Fungi	Trametes_punicea
Fungi	Mycena_rebaudengoi
Fungi	Mycena_latifolia
Fungi	Naganishia_friedmannii
Fungi	Mycena_polygramma
Fungi	Armillaria_novae-zelandiae
Fungi	Syncephalis_plumigaleata
Fungi	Penicillium_olsonii
Fungi	Microdochium_bolleyi
Fungi	Trametes_elegans
Fungi	Circinella_umbellata
Fungi	Morchella_arbutiphila
Fungi	Suillus_subaureus
Fungi	Letharia_columbiana
Fungi	Cubamyces_menziesii
Fungi	Cristinia_sonorae
Fungi	Phyllosticta_paracitricarpa
Fungi	Cucurbitaria_berberidis_CBS_394.84
Fungi	Tirmania_nivea
Fungi	Fusarium_mangiferae
Fungi	Kalaharituber_pfeilii
Fungi	Lophiotrema_nucula
Fungi	Naganishia_liquefaciens
Fungi	Morchella_steppicola
Fungi	Kickxella_alabastrina
Fungi	Gorgonomyces_haynaldii
Fungi	Pisolithus_orientalis
Fungi	Annulohypoxylon_truncatum
Fungi	Trichoderma_evansii
Fungi	Cantharellus_anzutake
Fungi	Gaertneriomyces_semiglobifer
Fungi	Hesseltinella_vesiculosa
Fungi	Pisolithus_thermaeus
Fungi	Mycena_belliarum
Fungi	Astrocystis_sublimbata
Fungi	Russula_emetica
Fungi	Lophium_mytilinum
Fungi	Suillus_tomentosus
Fungi	Gongronella_butleri
Fungi	Boletus_coccyginus
Fungi	Mycena_crocata
Fungi	Hypoxylon_crocopeplum
Fungi	Trametopsis_cervina
Fungi	Xylaria_scruposa
Fungi	Suillus_plorans
Fungi	Syncephalis_fuscata
Fungi	Mycena_vitilis
Fungi	Microthyrium_microscopicum
Fungi	Fonsecaea_multimorphosa_CBS_102226
Fungi	Daldinia_decipiens
Fungi	Suillus_fuscotomentosus
Fungi	Suillus_subluteus
Fungi	Ophiobolus_disseminans
Fungi	Lipomyces_arxii
Fungi	Pilobolus_umbonatus
Fungi	Lentinula_guzmanii
Fungi	Pneumocystis_canis
Fungi	Cladochytrium_replicatum
Fungi	Hypoxylon_cercidicola
Fungi	Sarocladium_implicatum
Fungi	Daldinia_vernicosa
Fungi	Linnemannia_gamsii
Fungi	Mycena_maculata
Fungi	Thyridium_curvatum
Fungi	Mollisia_scopiformis
Fungi	Pneumocystis_oryctolagi
Fungi	Lentinula_lateritia
Fungi	Xylaria_cubensis
Fungi	Gloeopeniophorella_convolvens
Fungi	Suillus_discolor
Fungi	Whalleya_microplaca
Fungi	Hyaloscypha_finlandica
Fungi	Mycena_metata
Fungi	Spinellus_fusiger
Fungi	Rhodotorula_taiwanensis
Fungi	Phellopilus_nigrolimitatus
Fungi	Geranomyces_variabilis
Fungi	Mycena_vulgaris
Fungi	Xylaria_castorea
Fungi	Mycena_alexandri
Fungi	Trametes_cingulata
Fungi	Suillus_cothurnatus
Fungi	Daldinia_loculata
Fungi	Aspergillus_stella-maris
Fungi	Emericellopsis_cladophorae
Fungi	Epithele_typhae
Fungi	Suillus_paluster
Fungi	Annulohypoxylon_moriforme
Fungi	Rhizoclosmatium_globosum
Fungi	Russula_dissimulans
Fungi	Aspergillus_fruticulosus
Fungi	Colletotrichum_orchidophilum
Fungi	Xylaria_venustula
Fungi	Capronia_epimyces_CBS_606.96
Fungi	Aspergillus_saccharolyticus_JOP_1030-1
Fungi	Phialemonium_atrogriseum
Fungi	Pisolithus_croceorrhizus
Fungi	Testicularia_cyperi
Fungi	Pholiota_molesta
Fungi	Lactarius_akahatsu
Fungi	Dichotomopilus_funicola
Fungi	Umbelopsis_ramanniana_AG
Fungi	Metarhizium_album_ARSEF_1941
Fungi	Nematocida_displodere
Fungi	Lactarius_sanguifluus
Fungi	Mycena_rosella
Fungi	Nemania_serpens
Fungi	Ordospora_colligata_OC4
Fungi	Terfezia_claveryi
Fungi	Tothia_fuscella
Fungi	Nematocida_ausubeli
Fungi	Coniophora_puteana_RWD-64-598_SS2
Fungi	Chytridium_lagenaria
Fungi	Flammula_alnicola
Fungi	Tilletiopsis_washingtonensis
Fungi	Naematelia_encephala
Fungi	Mycena_olivaceomarginata
Fungi	Suillus_subalutaceus
Fungi	Pisolithus_marmoratus
Fungi	Lactarius_vividus
Fungi	Mucor_mucedo
Fungi	Biscogniauxia_marginata
Fungi	Suillus_lakei
Fungi	Xylaria_acuta
Fungi	Fomitopsis_serialis
Fungi	Obelidium_mucronatum
Fungi	Nemania_abortiva
Fungi	Lactifluus_subvellereus
Fungi	Gautieria_morchelliformis
Fungi	Trichoderma_guizhouense
Fungi	Aspergillus_tetrazonus
Fungi	Russula_vinacea
Fungi	Infundibulicybe_gibba
Fungi	Suillus_variegatus
Fungi	Ascoidea_rubescens_DSM_1968
Fungi	Trichodelitschia_bisporula
Fungi	Multifurca_ochricompacta
Fungi	Clohesyomyces_aquaticus
Fungi	Camillea_tinctor
Fungi	Xylaria_intraflava
Fungi	Heliocybe_sulcata
Fungi	Mycena_leptocephala
Fungi	Mycena_haematopus
Fungi	Parathielavia_appendiculata
Fungi	Aspergillus_spectabilis
Fungi	Canariomyces_notabilis
Fungi	Amylocystis_lapponica
Fungi	Xylaria_digitata
Fungi	Aspergillus_granulosus
Fungi	Xylaria_telfairii
Fungi	Rhodocollybia_butyracea
Fungi	Aspergillus_fumigatiaffinis
Fungi	Russula_brevipes
Fungi	Trichophaea_hybrida
Fungi	Lactarius_pseudohatsudake
Fungi	Cerioporus_squamosus
Fungi	Hypoxylon_fuscum
Fungi	Irpex_rosettiformis
Fungi	Xylaria_palmicola
Fungi	Polyplosphaeria_fusca
Fungi	Russula_compacta
Fungi	Mucor_saturninus
Fungi	Lineolata_rhizophorae
Fungi	Colletotrichum_kahawae
Fungi	Pilatotrama_ljubarskyi
Fungi	Acephala_macrosclerotiorum
Fungi	Rhizomucor_pusillus
Fungi	Nematocida_parisii_ERTm1
Fungi	Fomitopsis_schrenkii
Fungi	Suillus_ampliporus
Fungi	Mucidula_mucida
Fungi	Jackrogersella_minutella
Fungi	Sphaerosporella_brunnea
Fungi	Podila_humilis
Fungi	Amanita_phalloides
Fungi	Crepidotus_variabilis
Fungi	Decorospora_gaudefroyi
Fungi	Colletotrichum_plurivorum
Fungi	Schizopora_paradoxa
Fungi	Lactarius_psammicola
Fungi	Aspergillus_turcosus
Fungi	Circinella_minor
Fungi	Cytidiella_melzeri
Fungi	Entophlyctis_helioformis
Fungi	Suillus_occidentalis
Fungi	Crucibulum_laeve
Fungi	Aspergillus_thermomutatus
Fungi	Gyrodon_lividus
Fungi	Lactarius_quietus
Fungi	Caulochytrium_protostelioides
Fungi	[Emmonsia]_crescens
Fungi	Coprinopsis_marcescibilis
Fungi	Phlegmacium_glaucopus
Fungi	Leucogyrophana_mollusca
Fungi	Aspergillus_oleicola
Fungi	Cylindrodendrum_hubeiense
Fungi	Pholiota_conissans
Fungi	Suillus_hirtellus
Fungi	Usnea_florida
Fungi	Sclerotinia_borealis_F-4128
Fungi	Rhodotorula_dairenensis
Fungi	Schizophyllum_fasciatum
Fungi	Byssothecium_circinans
Fungi	Russula_earlei
Fungi	Aspergillus_filifer
Fungi	Parathielavia_hyrcaniae
Fungi	Lactarius_hengduanensis
Fungi	Lentinula_boryana
Fungi	Tilletia_walkeri
Fungi	Poronia_punctata
Fungi	Penicillium_occitanis_(nom._inval.)
Fungi	Amylocarpus_encephaloides
Fungi	Aspergillus_avenaceus
Fungi	Collybia_nuda
Fungi	Suillus_weaverae
Fungi	Linnemannia_zychae
Fungi	Actinomortierella_wolfii
Fungi	Ramaria_rubella
Fungi	Vavraia_culicis_subsp._floridensis
Fungi	Clathrospora_elynae
Fungi	Calycina_marina
Fungi	Chytriomyces_hyalinus
Fungi	Vittaforma_corneae_ATCC_50505
Fungi	Lentinula_novae-zelandiae
Fungi	Thelephora_ganbajun
Fungi	Geotrichum_bryndzae
Fungi	Paxillus_ammoniavirescens
Fungi	Imleria_badia
Fungi	Suillus_americanus
Fungi	Coemansia_erecta
Fungi	Suillus_decipiens
Fungi	Pseudozyma_flocculosa_PF-1
Fungi	Globomyces_pollinis-pini
Fungi	Hygrophoropsis_aurantiaca
Fungi	Pluteus_cervinus
Fungi	Actinomortierella_ambigua
Fungi	Dimargaris_cristalligena
Fungi	Coemansia_aciculifera
Fungi	Chytriomyces_confervae
Fungi	Gigaspora_margarita
Fungi	Podila_horticola
Fungi	Histoplasma_mississippiense
Fungi	Lobulomyces_angularis
Fungi	Dissophora_globulifera
Fungi	Thamnocephalis_sphaerospora
Fungi	Blastocladiella_britannica
Fungi	Podila_clonocystis
Fungi	Mortierella_polycephala
Fungi	Podila_epicladia
Fungi	Entomortierella_chlamydospora
Fungi	Clydaea_vesicula
Fungi	Vairimorpha_apis_BRL_01
Fungi	Amylostereum_chailletii
Fungi	Coemansia_thaxteri
Fungi	Phlebia_brevispora
Fungi	Jimgerdemannia_flammicorona
Fungi	Absidia_glauca
Fungi	Piptocephalis_cylindrospora
Fungi	Trachipleistophora_hominis
Fungi	Pseudoloma_neurophilia
Fungi	Syncephalis_pseudoplumigaleata
Fungi	Lunasporangiospora_selenospora
Fungi	Hepatospora_eriocheir
Fungi	Coemansia_nantahalensis
Fungi	Haplosporangium_bisporale
Fungi	Modicella_reniformis
Fungi	Olpidium_bornovanus
Fungi	Penicillium_nalgiovense
Fungi	Myriangium_duriaei_CBS_260.36
Fungi	Zygosaccharomyces_bisporus
Fungi	Nakaseomyces_bracarensis
Fungi	Melanopsichium_pennsylvanicum
Fungi	Aspergillus_phoenicis_ATCC_13157
Fungi	Mycena_galopus_ATCC_62051
Fungi	Coniochaeta_ligniaria_NRRL_30616
Fungi	Zopfia_rhizophila_CBS_207.26
Fungi	Karstenula_rhodostoma_CBS_690.94
Fungi	Kwoniella_heveanensis_BCC8398
Fungi	Metarhizium_guizhouense_ARSEF_977
Fungi	Sporormia_fimetaria_CBS_119925
Fungi	Polychaeton_citri_CBS_116435
Fungi	Fistulina_hepatica_ATCC_64428
Fungi	Guyanagaster_necrorhizus
Fungi	Nadsonia_fulvescens_var._elongata_DSM_6958
Fungi	Aspergillus_violaceofuscus_CBS_115571
Fungi	Annulohypoxylon_bovei_var._microspora
Fungi	Sistotremastrum_niveocremeum_HHB9708
Fungi	Calocera_viscosa_TUFC12733
Fungi	Ascobolus_immersus_RN42
Fungi	Lophiostoma_macrostomum_CBS_122681
Fungi	Patellaria_atrata_CBS_101060
Fungi	Amanita_inopinata_Kibby_2008
Fungi	Daedalea_quercina_L-15889
Fungi	Saccharata_proteae_CBS_121410
Fungi	Aspergillus_terricola_var._indicus
Fungi	Aulographum_hederae_CBS_113979
Fungi	Moelleriella_libera_RCEF_2490
Fungi	Choiromyces_venosus_120613-1
Fungi	Terfezia_boudieri_ATCC_MYA-4762
Fungi	Piedraia_hortae_CBS_480.64
Fungi	Collybiopsis_luxurians_FD-317_M1
Fungi	Massarina_eburnea_CBS_473.64
Fungi	Edhazardia_aedis_USNM_41457
Fungi	Niveomyces_insectorum_RCEF_264
Fungi	Pyrenophora_seminiperda_CCB06
Fungi	Jaapia_argillacea_MUCL_33604
Fungi	Sistotremastrum_suecicum_HHB10207_ss-3
Fungi	Neolentinus_lepideus_HHB14362_ss-1
Fungi	Lojkania_enalia
Fungi	Lentithecium_fluviatile_CBS_122367
Fungi	Calocera_cornea_HHB12733
Fungi	Neoconidiobolus_thromboides_FSU_785
Fungi	Marasmius_fiardii_PR-910
Fungi	Hydnum_rufescens_UP504
Fungi	Vararia_minispora_EC-137
Fungi	Panus_rudis_PR-1116_ss-1
Fungi	Pleomassaria_siparia_CBS_279.74
Fungi	Wilcoxina_mikolae_CBS_423.85
Fungi	Melanomma_pulvis-pyrius_CBS_109.77
Fungi	Dendrothele_bispora_CBS_962.96
Fungi	Hydnomerulius_pinastri_MD-312
Fungi	Stachybotrys_chlorohalonatus_IBT_40285
Fungi	Exidia_glandulosa_HHB12029
Fungi	Macrolepiota_fuliginosa_MF-IS2
Fungi	Rhizopogon_vinicolor_AM-OR11-026
Fungi	Backusella_circina_FSU_941
Fungi	Laccaria_amethystina_LaAM-08-1
Fungi	Trichophyton_equinum_CBS_127.97
Fungi	Sphaerobolus_stellatus_SS14
Fungi	Paxillus_rubicundulus_Ve08.2h10
Fungi	Amanita_brunnescens_Koide_BX004
Fungi	Anncaliia_algerae_PRA339
Fungi	Seiridium_cardinale
Fungi	Penicillium_majusculum
Fungi	Penicillium_concentricum
Fungi	Penicillium_viridicatum
Fungi	Penicillium_vulpinum
Fungi	Penicillium_freii
Fungi	Penicillium_mononematosum
Fungi	Penicillium_psychrosexuale
Fungi	Apiospora_saccharicola
Fungi	Gnomoniopsis_smithogilvyi
Fungi	Mycena_venus
Fungi	Penicillium_desertorum
Fungi	Diaporthe_citri
Fungi	Anthostomella_pinea
Fungi	Rasamsonia_columbiensis
Fungi	Apiospora_kogelbergensis
Fungi	Colletotrichum_aenigma
Fungi	Penicillium_lividum
Fungi	Mycena_indigotica
Fungi	Penicillium_hordei
Fungi	Phyllachora_maydis
Fungi	Penicillium_argentinense
Fungi	Penicillium_taxi
Fungi	Ceratocystis_huliohia
Fungi	Penicillium_odoratum
Fungi	Penicillium_waksmanii
Fungi	Penicillium_nucicola
Fungi	Penicillium_daleae
Fungi	Penicillium_longicatenatum
Fungi	Didymosphaeria_variabile
Fungi	Penicillium_frequentans
Fungi	Penicillium_cataractarum
Fungi	Penicillium_pulvis
Fungi	Penicillium_cosmopolitanum
Fungi	Clonostachys_chloroleuca
Fungi	Penicillium_tannophilum
Fungi	Orbilia_javanica
Fungi	Penicillium_coprophilum
Fungi	Penicillium_manginii
Fungi	Penicillium_chermesinum
Fungi	Penicillium_cinerascens
Fungi	Penicillium_macrosclerotiorum
Fungi	Penicillium_atrosanguineum
Fungi	Penicillium_antarcticum
Fungi	Penicillium_hispanicum
Fungi	Colletotrichum_tabaci
Fungi	Penicillium_lagena
Fungi	Penicillium_verhagenii
Fungi	Microdochium_nivale
Fungi	Penicillium_riverlandense
Fungi	Microdochium_majus
Fungi	Penicillium_diatomitis
Fungi	Penicillium_bovifimosum
Fungi	Penicillium_alfredii
Fungi	Clathrus_columnatus
Fungi	Periconia_digitata
Fungi	Mycena_kentingensis_(nom._inval.)
Fungi	Botrytis_aclada
Fungi	Hohenbuehelia_grisea
Fungi	Colletotrichum_melonis
Fungi	Alternaria_panax
Fungi	Lecanora_helva
Fungi	Elsinoe_batatas
Fungi	Fusarium_lateritium
Fungi	Botryotinia_globosa
Fungi	Marasmius_tenuissimus
Fungi	Orbilia_blumenaviensis
Fungi	Lanmaoa_asiatica
Fungi	Martiniozyma_asiatica_(nom._inval.)
Fungi	Tylopilus_felleus
Fungi	Saccharomycopsis_crataegensis
Fungi	Alternaria_atra
Fungi	Lithohypha_guttulata
Fungi	Xanthoria_calcicola
Fungi	Arthrobotrys_megalospora
Fungi	Scedosporium_boydii
Fungi	Cladosporium_inversicolor
Fungi	Parascedosporium_putredinis
Fungi	Alternaria_gaisen
Fungi	Leucocoprinus_leucothites
Fungi	Orbilia_ellipsospora
Fungi	Mycena_chlorophos
Fungi	Hyphodiscus_hymeniophilus
Fungi	[Torrubiella]_hemipterigena
Fungi	Alternaria_conjuncta
Fungi	Clonostachys_solani
Fungi	Morchella_norvegiensis
Fungi	Cladosporium_allicinum
Fungi	Candida_verbasci
Fungi	Umbelopsis_nana
Fungi	Fonsecaea_erecta
Fungi	Cladosporium_fusiforme
Fungi	Cladonia_borealis
Fungi	Morchella_anatolica
Fungi	Tilletia_maclaganii
Fungi	Neocucurbitaria_cava
Fungi	Thecaphora_frezii
Fungi	Favolaschia_claudopus
Fungi	Plenodomus_biglobosus
Fungi	Microbotryum_saponariae
Fungi	Morchella_dunalii
Fungi	Bathelium_mastoideum
Fungi	Candelina_mexicana
Fungi	Pseudogymnoascus_australis
Fungi	Colletotrichum_liriopes
Fungi	Lyophyllum_atratum
Fungi	Holtermanniella_festucosa
Fungi	Cladophialophora_chaetospira
Fungi	Metarhizium_humberi
Fungi	Elasticomyces_elasticus
Fungi	Botrytis_deweyae
Fungi	Plectosphaerella_plurivora
Fungi	Neocallimastix_lanati_(nom._inval.)
Fungi	Gurleya_vavrai
Fungi	Coniosporium_tulheliwenetii
Fungi	Penicillium_rolfsii
Fungi	Ustilago_trichophora
Fungi	Ustilago_tritici
Fungi	Exophiala_sideris
Fungi	Lizonia_empirigonia
Fungi	Naganishia_vaughanmartiniae
Fungi	Ustilago_nuda
Fungi	Scleroderma_yunnanense
Fungi	Nothophoma_quercina
Fungi	Ustilago_loliicola
Fungi	Morchella_americana
Fungi	Trichoderma_lentiforme
Fungi	Zalaria_obscura
Fungi	Caeruleum_heppii
Fungi	Mycena_pura
Fungi	Clonostachys_byssicola
Fungi	Fusarium_irregulare
Fungi	Stygiomarasmius_scandens
Fungi	Fusarium_chuoi
Fungi	Stereocaulon_virgatum
Fungi	Cirrosporium_novae-zelandiae
Fungi	Cerrena_zonata
Fungi	Morchella_populiphila
Fungi	Candolleomyces_candolleanus
Fungi	Knufia_fluminis
Fungi	Pleurostoma_richardsiae
Fungi	Fusarium_torreyae
Fungi	Coleophoma_crateriformis
Fungi	Mycena_citricolor
Fungi	Physcia_stellaris
Fungi	Epibryon_interlamellare
Fungi	Friedmanniomyces_endolithicus
Fungi	Phenoliferia_psychrophenolica
Fungi	Sarcosagium_campestre
Fungi	Ogataea_haglerorum
Fungi	Hysterangium_stoloniferum
Fungi	Gomphillus_americanus
Fungi	Lambiella_insularis
Fungi	Curvularia_kusanoi
Fungi	Echria_macrotheca
Fungi	Puttea_exsequens
Fungi	Pycnora_praestabilis
Fungi	Oculimacula_yallundae
Fungi	Sporothrix_curviconia
Fungi	Colletotrichum_karsti
Fungi	[Candida]_jaroonii
Fungi	Glugoides_intestinalis
Fungi	Cladosporium_halotolerans
Fungi	Candida_africana
Fungi	Oleoguttula_mirabilis
Fungi	Sorochytrium_milnesiophthora
Fungi	Paramarasmius_palmivorus
Fungi	Coleophoma_cylindrospora
Fungi	Pseudocercospora_fuligena
Fungi	Didymella_pomorum
Fungi	Meristemomyces_frigidus
Fungi	Lepraria_finkii
Fungi	Neophaeotheca_triangularis
Fungi	Extremus_antarcticus
Fungi	Penicillium_glandicola
Fungi	Sphaceloma_murrayae
Fungi	Xylographa_vitiligo
Fungi	Alyxoria_varia
Fungi	Tetrapyrgos_nigripes
Fungi	Trichoderma_pleuroticola
Fungi	Ptychographa_xylographoides
Fungi	Lipomyces_mesembrius
Fungi	Binucleata_daphniae
Fungi	Gyalolechia_marmorata
Fungi	Seiridium_unicorne
Fungi	Ganoderma_adspersum
Fungi	Podospora_conica
Fungi	Penicillium_salamii
Fungi	Viridothelium_virens
Fungi	Trypethelium_subeluteriae
Fungi	Penicillium_flavigenum
Fungi	Vezdaea_aestivalis
Fungi	Letrouitia_transgressa
Fungi	Russula_decolorans
Fungi	Diplodia_intermedia
Fungi	Colletotrichum_chrysophilum
Fungi	Salinomyces_thailandicus
Fungi	Didymella_heteroderae
Fungi	Maudiozyma_barnettii
Fungi	Coniochaeta_pulveracea
Fungi	Pyrenula_ochraceoflavens
Fungi	Trapelia_coarctata
Fungi	Epibryon_bryophilum
Fungi	Sporothrix_thermara
Fungi	Sarea_resinae
Fungi	Sporothrix_eucalyptigena
Fungi	Puccinia_coronata_f._sp._avenae
Fungi	Sporothrix_bragantina
Fungi	Loxospora_ochrophaea
Fungi	Lipomyces_kononenkoae
Fungi	Aspergillus_destruens
Fungi	Geoglossum_simile
Fungi	Bogoriella_megaspora
Fungi	Candelaria_pacifica
Fungi	Thelocarpon_impressellum
Fungi	Neonectria_magnoliae
Fungi	Xylaria_multiplex
Fungi	Diatrype_stigma
Fungi	[Candida]_railenensis
Fungi	Agyrium_rufum
Fungi	Trichomonascus_vanleenenianus
Fungi	Aspergillus_magnivesiculatus
Fungi	Knufia_peltigerae
Fungi	Seiridium_cupressi
Fungi	Xylographa_pallens
Fungi	Rhodosporidiobolus_azoricus
Fungi	Thelotrema_lepadinum
Fungi	Triangularia_verruculosa
Fungi	Trichoderma_novae-zelandiae
Fungi	Lignoscripta_atroalba
Fungi	Sporobolomyces_ruberrimus
Fungi	Aspergillus_vitricola
Fungi	Gyalolechia_ehrenbergii
Fungi	Flavoplaca_citrina
Fungi	Xylographa_carneopallida
Fungi	Aspergillus_proliferans
Fungi	Setomelanomma_holmii
Fungi	Penicillium_pancosmium
Fungi	Piccolia_ochrophora
Fungi	Corynascus_similis_CBS_632.67
Fungi	Rhodosporidiobolus_ruineniae
Fungi	Rhypophila_decipiens
Fungi	Wallemia_canadensis
Fungi	Arthrobotrys_entomopaga
Fungi	Collybiopsis_confluens
Fungi	Fusarium_subglutinans
Fungi	Naganishia_cerealis
Fungi	Colletotrichum_noveboracense
Fungi	Xylographa_opegraphella
Fungi	Fusarium_heterosporum
Fungi	Imshaugia_aleurites
Fungi	Fusarium_duplospermum
Fungi	Vermiconidia_calcicola
Fungi	Fusarium_coffeatum
Fungi	Colletotrichum_chlorophyti
Fungi	Beauveria_thailandica
Fungi	Allomyces_arbusculus
Fungi	Penicillium_ucsense
Fungi	Stictis_urceolata
Fungi	Priceomyces_carsonii
Fungi	Sporothrix_epigloea
Fungi	Geoglossum_umbratile
Fungi	Diaporthe_ilicicola
Fungi	Neofusicoccum_ribis
Fungi	Botrytis_tulipae
Fungi	Candolleomyces_efflorescens
Fungi	Beauveria_neobassiana
Fungi	Pseudevernia_consocians
Fungi	Xylographa_parallela
Fungi	Fusarium_mexicanum
Fungi	Seirophora_lacunosa
Fungi	Didymella_keratinophila
Fungi	Xanthoria_mediterranea
Fungi	Colletotrichum_nupharicola
Fungi	Sporobolomyces_johnsonii
Fungi	Neopestalotiopsis_clavispora
Fungi	Sclerophora_amabilis
Fungi	Penicillium_discolor
Fungi	Teloschistes_flavicans
Fungi	Australozyma_monospora
Fungi	Fusarium_gaditjirri
Fungi	Epibryon_turfosorum
Fungi	Podospora_fimiseda
Fungi	Beauveria_namnaoensis
Fungi	Podospora_australis
Fungi	Rhynchosporium_agropyri
Fungi	Emarellia_grisea
Fungi	Fusarium_anthophilum
Fungi	Botrytis_paeoniae
Fungi	Fusarium_ambrosium
Fungi	Xylographa_soralifera
Fungi	Vezdaea_acicularis
Fungi	Neonectria_punicea
Fungi	Helicocarpus_griseus_UAMH5409
Fungi	Fusarium_pseudocircinatum
Fungi	Neophaeococcomyces_mojaviensis
Fungi	Botrytis_hyacinthi
Fungi	Scytalidium_lignicola
Fungi	Coniella_lustricola
Fungi	Boothiomyces_macroporosus
Fungi	Conoideocrella_luteorostrata
Fungi	Cephalotrichum_gorgonifer
Fungi	Teloschistes_chrysophthalmus
Fungi	Allomyces_javanicus
Fungi	Apophysomyces_ossiformis
Fungi	Pseudoneurospora_amorphoporcata
Fungi	Coniocarpon_cinnabarinum
Fungi	Botryotinia_convoluta
Fungi	Toensbergia_leucococca
Fungi	Melanogaster_broomeanus
Fungi	Colletotrichum_sojae
Fungi	Claviceps_arundinis
Fungi	Fusarium_kuroshium
Fungi	Mycoblastus_sanguinarius
Fungi	Phylliscum_demangeonii
Fungi	Fusarium_graminum
Fungi	Ophiocordyceps_camponoti-leonardi_(nom._inval.)
Fungi	Ceratocystis_pirilliformis
Fungi	Squamulea_squamosa
Fungi	Triangularia_setosa
Fungi	Claviceps_maximensis
Fungi	Teloschistes_peruensis
Fungi	Penicillium_egyptiacum
Fungi	Phlyctochytrium_planicorne
Fungi	Parachaetomium_inaequale
Fungi	Mortierella_hygrophila
Fungi	Icmadophila_ericetorum
Fungi	Fusarium_napiforme
Fungi	Ceratocystis_platani
Fungi	Pseudocercospora_eumusae
Fungi	Piptocephalis_tieghemiana
Fungi	Fusarium_beomiforme
Fungi	Xylaria_polymorpha
Fungi	Geotrichum_galactomycetum
Fungi	Cytospora_leucostoma
Fungi	Ascochyta_clinopodiicola
Fungi	Phialocephala_subalpina
Fungi	Trametes_cubensis
Fungi	Achaetomium_macrosporum
Fungi	Xanthocarpia_ochracea
Fungi	Lobaria_immixta
Fungi	Alectoria_fallacina
Fungi	Cercospora_berteroae
Fungi	Beauveria_gryllotalpidicola
Fungi	Colletotrichum_limetticola
Fungi	Zalerion_maritima
Fungi	Trametes_pubescens
Fungi	Tuber_brumale
Fungi	Nematocida_homosporus
Fungi	Pseudocyphellaria_aurata
Fungi	Botrytis_galanthina
Fungi	Talaromyces_islandicus
Fungi	Amanita_polypyramis_BW_CC
Fungi	Ophiocordyceps_camponoti-saundersi_(nom._inval.)
Fungi	Ophiocordyceps_australis
Fungi	Hymenoscyphus_albidus
Fungi	Fusarium_floridanum
Fungi	Stylonectria_norvegica
Fungi	Candolleomyces_aberdarensis
Fungi	Claviceps_humidiphila
Fungi	Steccherinum_ochraceum
Fungi	Rhynchosporium_secalis
Fungi	Botryotinia_calthae
Fungi	Fusarium_bulbicola
Fungi	Xylographa_bjoerkii
Fungi	Watsoniomyces_obsoletus
Fungi	Psilocybe_cyanescens
Fungi	Meripilus_lineatus
Fungi	Diplocarpon_mali
Fungi	Corynascus_sepedonium
Fungi	Letrouitia_subvulpina
Fungi	Xylographa_trunciseda
Fungi	Bondarzewia_mesenterica
Fungi	Xanthocarpia_lactea
Fungi	Cytospora_schulzeri
Fungi	Penicillium_thymicola
Fungi	Fusarium_zealandicum
Fungi	Varicellaria_rhodocarpa
Fungi	Beauveria_asiatica
Fungi	Claviceps_spartinae
Fungi	Botryotinia_narcissicola
Fungi	Mortierella_claussenii
Fungi	Pancytospora_philotis
Fungi	Coniferiporia_weirii
Fungi	Colletotrichum_musicola
Fungi	Fulgogasparrea_decipioides
Fungi	Pseudocercospora_musae
Fungi	Chaenotheca_gracillima
Fungi	Fibroporia_radiculosa
Fungi	Aphanocladium_album
Fungi	Lachnellula_arida
Fungi	Claviceps_africana
Fungi	Geotrichum_reessii
Fungi	Colletotrichum_sidae
Fungi	Tolypocladium_paradoxum
Fungi	Thelocarpon_superellum
Fungi	Blastenia_crenularia
Fungi	Fusarium_decemcellulare
Fungi	Xanthoria_steineri
Fungi	Thermomyces_stellatus
Fungi	Malbranchea_cinnamomea
Fungi	Gymnopilus_dilepis
Fungi	Claviceps_digitariae
Fungi	Leucocoprinus_birnbaumii
Fungi	Panaeolus_cyanescens
Fungi	Cudoniella_acicularis
Fungi	Ikaeria_aurantiellina
Fungi	Psora_testacea
Fungi	Tephrocybe_rancida
Fungi	Lachnellula_occidentalis
Fungi	Gyalolechia_gomerana
Fungi	Beauveria_mimosiformis
Fungi	Seirophora_scorigena
Fungi	Asterophora_parasitica
Fungi	Usnochroma_carphineum
Fungi	Psora_crenata
Fungi	Seirophora_villosa
Fungi	Flavoplaca_oasis
Fungi	Dentipellis_fragilis
Fungi	Ophiocordyceps_polyrhachis-furcata_BCC_54312
Fungi	Claviceps_cyperi
Fungi	Colletotrichum_trifolii
Fungi	Astathelohania_contejeani
Fungi	Enterospora_canceri
Fungi	Brigantiaea_leucoxantha
Fungi	Dinochytrium_kinnereticum
Fungi	Thermothelomyces_fergusii
Fungi	Kuettlingeria_erythrocarpa
Fungi	Caloplaca_aetnensis
Fungi	Phlyctochytrium_bullatum
Fungi	Fusarium_albosuccineum
Fungi	Marasmius_crinis-equi
Fungi	Ophiocordyceps_camponoti-rufipedis
Fungi	Gallowayella_weberi
Fungi	Diversispora_eburnea
Fungi	Lachnellula_cervina
Fungi	Paraglomus_brasilianum
Fungi	Thoreauomyces_humboldtii
Fungi	Haplosporangium_gracile
Fungi	Tolypocladium_capitatum
Fungi	Wetmoreana_brouardii
Fungi	Ophiocordyceps_unilateralis
Fungi	Gryganskiella_cystojenkinii
Fungi	Dispira_simplex
Fungi	Podosphaera_leucotricha
Fungi	Glonium_stellatum
Fungi	Sphagnurus_paluster
Fungi	Blastomyces_silverae
Fungi	Villophora_microphyllina
Fungi	Teloschistes_exilis
Fungi	Caloplaca_ligustica
Fungi	Variospora_fuerteventurae
Fungi	Lachnellula_suecica
Fungi	Irineochytrium_annulatum
Fungi	Teloschistes_hypoglaucus
Fungi	Variospora_velana
Fungi	Smittium_culicis
Fungi	Coprinellus_aureogranulatus
Fungi	Candelina_submexicana
Fungi	Claviceps_citrina
Fungi	Claviceps_sorghi
Fungi	Sticta_canariensis
Fungi	Smittium_mucronatum
Fungi	Paraglomus_occultum
Fungi	Borealophlyctis_nickersoniae
Fungi	Flavoplaca_limonia
Fungi	Claviceps_pusilla
Fungi	Diploschistes_diacapsis
Fungi	Umbilicaria_vellea
Fungi	Pleopsidium_flavum
Fungi	Gyalolechia_fulgens
Fungi	Coemansia_brasiliensis
Fungi	Dimargaris_xerosporica
Fungi	Nemania_bipapillata
Fungi	Claviceps_lovelessii
Fungi	Coemansia_pectinata
Fungi	Dimargaris_verticillata
Fungi	Lasiodiplodia_mahajangana
Fungi	Tubulinosema_ratisbonensis
Fungi	Xanthoria_aureola
Fungi	Erysiphe_pulchra
Fungi	Coemansia_interrupta
Fungi	Entomortierella_lignicola
Fungi	Flavoplaca_navasiana
Fungi	Linnemannia_exigua
Fungi	Peltigera_leucophlebia
Fungi	Funneliformis_geosporum
Fungi	Hamiltosporidium_magnivora
Fungi	Ceraceosorus_bombacis
Fungi	Ambispora_gerdemannii
Fungi	Entomortierella_beljakovae
Fungi	Cetraspora_pellucida
Fungi	Funneliformis_caledonium
Fungi	Tricholoma_furcatifolium
Fungi	Nosema_granulosis
Fungi	Mucor_ambiguus
Fungi	Astraeus_odoratus
Fungi	Circinaria_calcarea
Fungi	Cucumispora_dikerogammari
Fungi	Caloplaca_aegaea
Fungi	Acaulospora_colombiana
Fungi	Lachnellula_willkommii
Fungi	Rhizopogon_vesiculosus
Fungi	Variospora_aurantia
Fungi	Dentiscutata_erythropus
Fungi	Furculomyces_boomerangus
Fungi	Nucleospora_cyclopteri
Fungi	Smittium_angustum
Fungi	Ascosphaera_aggregata
Fungi	Coemansia_guatemalensis
Fungi	Dispira_parvispora
Fungi	Conglomerata_obtusa
Fungi	Ascosphaera_acerosa
Fungi	Dictyocoela_muelleri
Fungi	Ascosphaera_pollenicola
Fungi	Acaulospora_morrowiae
Fungi	Blyttiomyces_helicus
Fungi	Ambispora_leptoticha
Fungi	Dipsacomyces_acuminosporus
Fungi	Blastosporella_zonata
Fungi	Gallowayella_concinna
Fungi	Scutellospora_calospora
Fungi	Dentiscutata_heterogama
Fungi	Puccinia_sorghi
Fungi	Cladochytrium_tenue
Fungi	Racocetra_fulgida
Fungi	Arthromyces_matolae
Fungi	Flavoplaca_austrocitrina
Fungi	Rachicladosporium_monterosium
Fungi	Coniosporium_uncinatum
Fungi	Coemansia_linderi
Fungi	Smittium_simulii
Fungi	Racocetra_persica
Fungi	Dictyocoela_roeselum
Fungi	Ascosphaera_atra
Fungi	Linderina_macrospora
Fungi	Smittium_megazygosporum
Fungi	Rhizoclosmatium_hyalinum
Haptista	Emiliania_huxleyi_CCMP1516
Haptista	Diacronema_lutheri
Haptista	Chrysochromulina_tobinii
Rhodophyta	Cyanidioschyzon_merolae_strain_10D
Rhodophyta	Cyanidiococcus_yangmingshanensis
Rhodophyta	Galdieria_partita
Rhodophyta	Gracilaria_domingensis
Rhodophyta	Pyropia_vietnamensis
Rhodophyta	Delisea_pulchra
Rhodophyta	Galdieria_yellowstonensis
SAR	Plasmodium_falciparum_3D7
SAR	Plasmodium_yoelii
SAR	Plasmodiophora_brassicae
SAR	Theileria_orientalis_strain_Shintoku
SAR	Pelagomonas_calceolata
SAR	Plasmodium_vinckei_vinckei
SAR	Neospora_caninum_Liverpool
SAR	Babesia_microti_strain_RI
SAR	Peronospora_effusa
SAR	Plasmodium_coatneyi
SAR	Toxoplasma_gondii_ME49
SAR	Phaeodactylum_tricornutum_CCAP_1055/1
SAR	Plasmodium_vivax
SAR	Plasmodium_berghei_ANKA
SAR	Thalassiosira_pseudonana_CCMP1335
SAR	Cryptosporidium_parvum_Iowa_II
SAR	Babesia_bovis_T2Bo
SAR	Phytophthora_ramorum
SAR	Plasmodium_knowlesi_strain_H
SAR	Theileria_parva_strain_Muguga
SAR	Theileria_annulata
SAR	Ectocarpus_siliculosus
SAR	Babesia_bigemina
SAR	Cryptosporidium_meleagridis
SAR	Plasmodium_reichenowi
SAR	Theileria_equi_strain_WA
SAR	Plasmodium_cynomolgi_strain_B
SAR	Besnoitia_besnoiti
SAR	Plasmodium_brasilianum
SAR	Babesia_duncani
SAR	Bremia_lactucae
SAR	Plasmodium_relictum
SAR	Peronosclerospora_sorghi
SAR	Plasmodium_gaboni
SAR	Plasmodium_malariae
SAR	Plasmodium_adleri_(nom._inval.)
SAR	Plasmodium_blacklocki_(nom._inval.)
SAR	Cryptosporidium_hominis_TU502
SAR	Plasmodium_gonderi
SAR	Phytophthora_infestans_T30-4
SAR	Mayamaea_pseudoterrestris
SAR	Phytophthora_aleatoria
SAR	Phytophthora_fragariaefolia
SAR	Tetrahymena_thermophila_SB210
SAR	Phytophthora_sojae
SAR	Eimeria_tenella
SAR	Paramecium_tetraurelia
SAR	Phytophthora_nicotianae_INRA-310
SAR	Phytophthora_ramorum
SAR	Phytophthora_cinnamomi
SAR	Nannochloropsis_gaditana_CCMP526
SAR	Cyclospora_cayetanensis
SAR	Aureococcus_anophagefferens
SAR	Oxytricha_trifallax
SAR	Blastocystis_hominis
SAR	Paramecium_bursaria
SAR	Ichthyophthirius_multifiliis
SAR	Pseudo-nitzschia_multistriata
SAR	Eimeria_acervulina
SAR	Perkinsus_olseni
SAR	Heterosigma_akashiwo
SAR	Cyclotella_cryptica
SAR	Plasmopara_halstedii
SAR	Nannochloropsis_salina_CCMP1776
SAR	Globisporangium_splendens
SAR	Pseudocohnilembus_persalinus
SAR	Cladocopium_goreaui
SAR	Cylindrotheca_closterium
SAR	Aphanomyces_astaci
SAR	Eimeria_maxima
SAR	Conticribra_weissflogii
SAR	Perkinsus_marinus_ATCC_50983
SAR	Chaetoceros_tenuissimus
SAR	Aphanomyces_euteiches
SAR	Cafeteria_roenbergensis
SAR	Seminavis_robusta
SAR	Plasmodium_gallinaceum
SAR	Eimeria_necatrix
SAR	Stephanocyclus_meneghinianus
SAR	Moneuplotes_crassus
SAR	Cryptosporidium_muris_RN66
SAR	Stylonychia_lemnae
SAR	Saprolegnia_parasitica_CBS_223.65
SAR	Babesia_caballi
SAR	Amorphochlora_amoebiformis
SAR	Cryptosporidium_ubiquitum
SAR	Stentor_coeruleus
SAR	Phytophthora_pseudosyringae
SAR	Durusdinium_trenchii
SAR	Achlya_hypogyna
SAR	Aphanomyces_invadans
SAR	Cystoisospora_suis
SAR	Gregarina_niphandrodes
SAR	Eimeria_mitis
SAR	Vitrella_brassicaformis
SAR	Triparma_laevis_f._inornata
SAR	Nitzschia_inconspicua
SAR	Babesia_ovata
SAR	Chaetoceros_neogracilis
SAR	Amphidinium_carterae
SAR	Tetrahymena_malaccensis
SAR	Phytophthora_citrophthora
SAR	Cryptosporidium_xiaoi
SAR	Cryptosporidium_bovis
SAR	Peronospora_belbahrii
SAR	Cryptosporidium_ryanae
SAR	Polarella_glacialis
SAR	Cryptosporidium_andersoni
SAR	Cryptosporidium_serpentis
SAR	Cryptosporidium_canis
SAR	Plasmodium_inui_San_Antonio_1
SAR	Saprolegnia_diclina_VS20
SAR	Scytosiphon_promiscuus
SAR	Thraustotheca_clavata
SAR	Phytophthora_megakarya
SAR	Eimeria_brunetti
SAR	Aphanomyces_cochlioides
SAR	Perkinsus_chesapeaki
SAR	Thalassiosira_profunda
SAR	Blepharisma_stoltei
SAR	Tribonema_minus
SAR	Phytophthora_oleae
SAR	Cryptosporidium_proliferans
SAR	Symbiodinium_natans
SAR	Pylaiella_littoralis
SAR	Peronospora_farinosa
SAR	Hyaloperonospora_brassicae
SAR	Cyclostephanos_tholiformis
SAR	Ascophyllum_nodosum
SAR	Cryptosporidium_tyzzeri
SAR	Eimeria_stiedai
SAR	Discostella_pseudostelligera
SAR	Chrysophaeum_taylorii
SAR	Cryptosporidium_felis
SAR	Prorocentrum_cordatum
SAR	Eimeria_media
SAR	Eimeria_flavescens
SAR	Paramecium_sonneborni
SAR	Fragilaria_crotonensis
SAR	Eimeria_intestinalis
SAR	Eimeria_magna
SAR	Cyclotella_atomus
SAR	Cardiosporidium_cionae
SAR	Triparma_verrucosa
SAR	Triparma_strigata
SAR	Stephanodiscus_triporus
SAR	Globisporangium_polare
SAR	Phytophthora_idaei
SAR	Phytophthora_lilii
SAR	Skeletonema_menzelii
SAR	Aphanomyces_stellatus
SAR	Skeletonema_potamos
SAR	Chrysoparadoxa_australica
SAR	Triparma_columacea
SAR	Plasmodium_fragile
SAR	Discosporangium_mesarthrocarpum
SAR	Symbiodinium_necroappetens
SAR	Ectocarpus_fasciculatus
SAR	[Pythium]_brassicae_(nom._inval.)
SAR	Sphacelaria_rigidula
SAR	Marteilia_pararefringens
SAR	Choristocarpus_tenellus
SAR	Mediolabrus_comicus
SAR	Laminaria_digitata
SAR	Thalassiosira_exigua
SAR	Tetraparma_gracilis
SAR	Hapterophycus_canaliculatus
SAR	Reticulomyxa_filosa
SAR	Phaeothamnion_confervicola
SAR	Paramarteilia_canceri
SAR	Triparma_retinervis
SAR	Bonamia_ostreae
SAR	Plasmodium_chabaudi_chabaudi
