# built 2026-10-05 from NCBI taxdump; lineage = species taxid first, root 1 excluded
# group-level fallback taxid for species without a TaxID: Asgard=1935183 (Promethearchaeati, 436 species)
Species	TaxID	lineage_taxids
ASG001	1935183	1935183,2157,131567
ASG003	1935183	1935183,2157,131567
ASG004	1935183	1935183,2157,131567
ASG005	1935183	1935183,2157,131567
ASG006	1935183	1935183,2157,131567
ASG007	1935183	1935183,2157,131567
ASG008	1935183	1935183,2157,131567
ASG009	1935183	1935183,2157,131567
ASG010	1935183	1935183,2157,131567
ASG011	1935183	1935183,2157,131567
ASG012	1935183	1935183,2157,131567
ASG013	1935183	1935183,2157,131567
ASG014	1935183	1935183,2157,131567
ASG030	1935183	1935183,2157,131567
ASG031	1935183	1935183,2157,131567
ASG032	1935183	1935183,2157,131567
ASG033	1935183	1935183,2157,131567
ASG034	1935183	1935183,2157,131567
ASG035	1935183	1935183,2157,131567
ASG036	1935183	1935183,2157,131567
ASG037	1935183	1935183,2157,131567
ASG042	1935183	1935183,2157,131567
ASG043	1935183	1935183,2157,131567
ASG044	1935183	1935183,2157,131567
ASG045	1935183	1935183,2157,131567
ASG046	1935183	1935183,2157,131567
ASG047	1935183	1935183,2157,131567
ASG048	1935183	1935183,2157,131567
ASG049	1935183	1935183,2157,131567
ASG050	1935183	1935183,2157,131567
ASG051	1935183	1935183,2157,131567
ASG052	1935183	1935183,2157,131567
ASG053	1935183	1935183,2157,131567
ASG054	1935183	1935183,2157,131567
ASG055	1935183	1935183,2157,131567
ASG056	1935183	1935183,2157,131567
ASG057	1935183	1935183,2157,131567
ASG058	1935183	1935183,2157,131567
ASG059	1935183	1935183,2157,131567
ASG060	1935183	1935183,2157,131567
ASG061	1935183	1935183,2157,131567
ASG062	1935183	1935183,2157,131567
ASG063	1935183	1935183,2157,131567
ASG064	1935183	1935183,2157,131567
ASG065	1935183	1935183,2157,131567
ASG066	1935183	1935183,2157,131567
ASG067	1935183	1935183,2157,131567
ASG068	1935183	1935183,2157,131567
ASG069	1935183	1935183,2157,131567
ASG070	1935183	1935183,2157,131567
ASG071	1935183	1935183,2157,131567
ASG072	1935183	1935183,2157,131567
ASG073	1935183	1935183,2157,131567
ASG074	1935183	1935183,2157,131567
ASG075	1935183	1935183,2157,131567
ASG076	1935183	1935183,2157,131567
ASG077	1935183	1935183,2157,131567
ASG078	1935183	1935183,2157,131567
ASG079	1935183	1935183,2157,131567
ASG080	1935183	1935183,2157,131567
ASG081	1935183	1935183,2157,131567
ASG082	1935183	1935183,2157,131567
ASG083	1935183	1935183,2157,131567
ASG084	1935183	1935183,2157,131567
ASG085	1935183	1935183,2157,131567
ASG086	1935183	1935183,2157,131567
ASG087	1935183	1935183,2157,131567
ASG088	1935183	1935183,2157,131567
ASG089	1935183	1935183,2157,131567
ASG090	1935183	1935183,2157,131567
ASG091	1935183	1935183,2157,131567
ASG092	1935183	1935183,2157,131567
ASG093	1935183	1935183,2157,131567
ASG094	1935183	1935183,2157,131567
ASG095	1935183	1935183,2157,131567
ASG096	1935183	1935183,2157,131567
ASG097	1935183	1935183,2157,131567
ASG098	1935183	1935183,2157,131567
ASG099	1935183	1935183,2157,131567
ASG100	1935183	1935183,2157,131567
ASG101	1935183	1935183,2157,131567
ASG102	1935183	1935183,2157,131567
ASG103	1935183	1935183,2157,131567
ASG104	1935183	1935183,2157,131567
ASG105	1935183	1935183,2157,131567
ASG106	1935183	1935183,2157,131567
ASG107	1935183	1935183,2157,131567
ASG108	1935183	1935183,2157,131567
ASG109	1935183	1935183,2157,131567
ASG110	1935183	1935183,2157,131567
ASG111	1935183	1935183,2157,131567
ASG112	1935183	1935183,2157,131567
ASG113	1935183	1935183,2157,131567
ASG114	1935183	1935183,2157,131567
ASG115	1935183	1935183,2157,131567
ASG116	1935183	1935183,2157,131567
ASG117	1935183	1935183,2157,131567
ASG118	1935183	1935183,2157,131567
ASG119	1935183	1935183,2157,131567
ASG120	1935183	1935183,2157,131567
ASG121	1935183	1935183,2157,131567
ASG122	1935183	1935183,2157,131567
ASG123	1935183	1935183,2157,131567
ASG124	1935183	1935183,2157,131567
ASG125	1935183	1935183,2157,131567
ASG126	1935183	1935183,2157,131567
ASG127	1935183	1935183,2157,131567
ASG128	1935183	1935183,2157,131567
ASG129	1935183	1935183,2157,131567
ASG130	1935183	1935183,2157,131567
ASG131	1935183	1935183,2157,131567
ASG132	1935183	1935183,2157,131567
ASG133	1935183	1935183,2157,131567
ASG134	1935183	1935183,2157,131567
ASG135	1935183	1935183,2157,131567
ASG136	1935183	1935183,2157,131567
ASG137	1935183	1935183,2157,131567
ASG138	1935183	1935183,2157,131567
ASG139	1935183	1935183,2157,131567
ASG140	1935183	1935183,2157,131567
ASG141	1935183	1935183,2157,131567
ASG142	1935183	1935183,2157,131567
ASG143	1935183	1935183,2157,131567
ASG144	1935183	1935183,2157,131567
ASG145	1935183	1935183,2157,131567
ASG146	1935183	1935183,2157,131567
ASG147	1935183	1935183,2157,131567
ASG148	1935183	1935183,2157,131567
ASG149	1935183	1935183,2157,131567
ASG150	1935183	1935183,2157,131567
ASG151	1935183	1935183,2157,131567
ASG152	1935183	1935183,2157,131567
ASG153	1935183	1935183,2157,131567
ASG154	1935183	1935183,2157,131567
ASG155	1935183	1935183,2157,131567
ASG156	1935183	1935183,2157,131567
ASG157	1935183	1935183,2157,131567
ASG158	1935183	1935183,2157,131567
ASG159	1935183	1935183,2157,131567
ASG160	1935183	1935183,2157,131567
ASG161	1935183	1935183,2157,131567
ASG162	1935183	1935183,2157,131567
ASG163	1935183	1935183,2157,131567
ASG164	1935183	1935183,2157,131567
ASG165	1935183	1935183,2157,131567
ASG166	1935183	1935183,2157,131567
ASG167	1935183	1935183,2157,131567
ASG168	1935183	1935183,2157,131567
ASG169	1935183	1935183,2157,131567
ASG170	1935183	1935183,2157,131567
ASG171	1935183	1935183,2157,131567
ASG172	1935183	1935183,2157,131567
ASG173	1935183	1935183,2157,131567
ASG174	1935183	1935183,2157,131567
ASG175	1935183	1935183,2157,131567
ASG176	1935183	1935183,2157,131567
ASG177	1935183	1935183,2157,131567
ASG178	1935183	1935183,2157,131567
ASG179	1935183	1935183,2157,131567
ASG180	1935183	1935183,2157,131567
ASG181	1935183	1935183,2157,131567
ASG182	1935183	1935183,2157,131567
ASG183	1935183	1935183,2157,131567
ASG184	1935183	1935183,2157,131567
ASG185	1935183	1935183,2157,131567
ASG186	1935183	1935183,2157,131567
ASG187	1935183	1935183,2157,131567
ASG188	1935183	1935183,2157,131567
ASG189	1935183	1935183,2157,131567
ASG190	1935183	1935183,2157,131567
ASG191	1935183	1935183,2157,131567
ASG192	1935183	1935183,2157,131567
ASG193	1935183	1935183,2157,131567
ASG194	1935183	1935183,2157,131567
ASG195	1935183	1935183,2157,131567
ASG196	1935183	1935183,2157,131567
ASG197	1935183	1935183,2157,131567
ASG198	1935183	1935183,2157,131567
ASG199	1935183	1935183,2157,131567
ASG200	1935183	1935183,2157,131567
ASG201	1935183	1935183,2157,131567
ASG202	1935183	1935183,2157,131567
ASG203	1935183	1935183,2157,131567
ASG204	1935183	1935183,2157,131567
ASG205	1935183	1935183,2157,131567
ASG206	1935183	1935183,2157,131567
ASG207	1935183	1935183,2157,131567
ASG208	1935183	1935183,2157,131567
ASG209	1935183	1935183,2157,131567
ASG210	1935183	1935183,2157,131567
ASG232	1935183	1935183,2157,131567
ASG233	1935183	1935183,2157,131567
ASG235	1935183	1935183,2157,131567
ASG237	1935183	1935183,2157,131567
ASG242	1935183	1935183,2157,131567
ASG243	1935183	1935183,2157,131567
ASG244	1935183	1935183,2157,131567
ASG245	1935183	1935183,2157,131567
ASG246	1935183	1935183,2157,131567
ASG247	1935183	1935183,2157,131567
ASG249	1935183	1935183,2157,131567
ASG250	1935183	1935183,2157,131567
ASG251	1935183	1935183,2157,131567
ASG252	1935183	1935183,2157,131567
ASG253	1935183	1935183,2157,131567
ASG254	1935183	1935183,2157,131567
ASG255	1935183	1935183,2157,131567
ASG256	1935183	1935183,2157,131567
ASG257	1935183	1935183,2157,131567
ASG258	1935183	1935183,2157,131567
ASG259	1935183	1935183,2157,131567
ASG260	1935183	1935183,2157,131567
ASG261	1935183	1935183,2157,131567
ASG262	1935183	1935183,2157,131567
ASG263	1935183	1935183,2157,131567
ASG264	1935183	1935183,2157,131567
ASG265	1935183	1935183,2157,131567
ASG266	1935183	1935183,2157,131567
ASG267	1935183	1935183,2157,131567
ASG268	1935183	1935183,2157,131567
ASG269	1935183	1935183,2157,131567
ASG270	1935183	1935183,2157,131567
ASG271	1935183	1935183,2157,131567
ASG272	1935183	1935183,2157,131567
ASG273	1935183	1935183,2157,131567
ASG274	1935183	1935183,2157,131567
ASG275	1935183	1935183,2157,131567
ASG276	1935183	1935183,2157,131567
ASG277	1935183	1935183,2157,131567
ASG278	1935183	1935183,2157,131567
ASG279	1935183	1935183,2157,131567
ASG280	1935183	1935183,2157,131567
ASG281	1935183	1935183,2157,131567
ASG282	1935183	1935183,2157,131567
ASG283	1935183	1935183,2157,131567
ASG284	1935183	1935183,2157,131567
ASG285	1935183	1935183,2157,131567
ASG286	1935183	1935183,2157,131567
ASG287	1935183	1935183,2157,131567
ASG288	1935183	1935183,2157,131567
ASG289	1935183	1935183,2157,131567
ASG290	1935183	1935183,2157,131567
ASG291	1935183	1935183,2157,131567
ASG292	1935183	1935183,2157,131567
ASG293	1935183	1935183,2157,131567
ASG294	1935183	1935183,2157,131567
ASG295	1935183	1935183,2157,131567
ASG296	1935183	1935183,2157,131567
ASG297	1935183	1935183,2157,131567
ASG298	1935183	1935183,2157,131567
ASG299	1935183	1935183,2157,131567
ASG300	1935183	1935183,2157,131567
ASG301	1935183	1935183,2157,131567
ASG302	1935183	1935183,2157,131567
ASG303	1935183	1935183,2157,131567
ASG304	1935183	1935183,2157,131567
ASG305	1935183	1935183,2157,131567
ASG306	1935183	1935183,2157,131567
ASG307	1935183	1935183,2157,131567
ASG308	1935183	1935183,2157,131567
ASG309	1935183	1935183,2157,131567
ASG310	1935183	1935183,2157,131567
ASG311	1935183	1935183,2157,131567
ASG312	1935183	1935183,2157,131567
ASG313	1935183	1935183,2157,131567
ASG314	1935183	1935183,2157,131567
ASG315	1935183	1935183,2157,131567
ASG316	1935183	1935183,2157,131567
ASG317	1935183	1935183,2157,131567
ASG318	1935183	1935183,2157,131567
ASG319	1935183	1935183,2157,131567
ASG320	1935183	1935183,2157,131567
ASG321	1935183	1935183,2157,131567
ASG322	1935183	1935183,2157,131567
ASG323	1935183	1935183,2157,131567
ASG324	1935183	1935183,2157,131567
ASG325	1935183	1935183,2157,131567
ASG326	1935183	1935183,2157,131567
ASG327	1935183	1935183,2157,131567
ASG328	1935183	1935183,2157,131567
ASG329	1935183	1935183,2157,131567
ASG330	1935183	1935183,2157,131567
ASG331	1935183	1935183,2157,131567
ASG332	1935183	1935183,2157,131567
ASG333	1935183	1935183,2157,131567
ASG334	1935183	1935183,2157,131567
ASG335	1935183	1935183,2157,131567
ASG336	1935183	1935183,2157,131567
ASG338	1935183	1935183,2157,131567
ASG339	1935183	1935183,2157,131567
ASG340	1935183	1935183,2157,131567
ASG341	1935183	1935183,2157,131567
ASG342	1935183	1935183,2157,131567
ASG347	1935183	1935183,2157,131567
ASG349	1935183	1935183,2157,131567
ASG354	1935183	1935183,2157,131567
ASG361	1935183	1935183,2157,131567
ASG364	1935183	1935183,2157,131567
ASG366	1935183	1935183,2157,131567
ASG387	1935183	1935183,2157,131567
ASG391	1935183	1935183,2157,131567
ASG392	1935183	1935183,2157,131567
ASG393	1935183	1935183,2157,131567
ASG394	1935183	1935183,2157,131567
ASG395	1935183	1935183,2157,131567
ASG396	1935183	1935183,2157,131567
ASG397	1935183	1935183,2157,131567
ASG398	1935183	1935183,2157,131567
ASG399	1935183	1935183,2157,131567
ASG400	1935183	1935183,2157,131567
ASG401	1935183	1935183,2157,131567
ASG402	1935183	1935183,2157,131567
ASG403	1935183	1935183,2157,131567
ASG404	1935183	1935183,2157,131567
ASG405	1935183	1935183,2157,131567
ASG406	1935183	1935183,2157,131567
ASG407	1935183	1935183,2157,131567
ASG408	1935183	1935183,2157,131567
ASG409	1935183	1935183,2157,131567
ASG410	1935183	1935183,2157,131567
ASG411	1935183	1935183,2157,131567
ASG412	1935183	1935183,2157,131567
ASG417	1935183	1935183,2157,131567
ASG418	1935183	1935183,2157,131567
ASG419	1935183	1935183,2157,131567
ASG420	1935183	1935183,2157,131567
ASG421	1935183	1935183,2157,131567
ASG422	1935183	1935183,2157,131567
ASG423	1935183	1935183,2157,131567
ASG424	1935183	1935183,2157,131567
ASG425	1935183	1935183,2157,131567
ASG426	1935183	1935183,2157,131567
ASG427	1935183	1935183,2157,131567
ASG428	1935183	1935183,2157,131567
ASG429	1935183	1935183,2157,131567
ASG430	1935183	1935183,2157,131567
ASG431	1935183	1935183,2157,131567
ASG432	1935183	1935183,2157,131567
ASG433	1935183	1935183,2157,131567
ASG434	1935183	1935183,2157,131567
ASG435	1935183	1935183,2157,131567
ASG436	1935183	1935183,2157,131567
ASG437	1935183	1935183,2157,131567
ASG438	1935183	1935183,2157,131567
ASG439	1935183	1935183,2157,131567
ASG440	1935183	1935183,2157,131567
ASG441	1935183	1935183,2157,131567
ASG442	1935183	1935183,2157,131567
ASG443	1935183	1935183,2157,131567
ASG444	1935183	1935183,2157,131567
ASG445	1935183	1935183,2157,131567
ASG446	1935183	1935183,2157,131567
ASG447	1935183	1935183,2157,131567
ASG448	1935183	1935183,2157,131567
ASG449	1935183	1935183,2157,131567
ASG450	1935183	1935183,2157,131567
ASG451	1935183	1935183,2157,131567
ASG452	1935183	1935183,2157,131567
ASG453	1935183	1935183,2157,131567
ASG454	1935183	1935183,2157,131567
ASG455	1935183	1935183,2157,131567
ASG456	1935183	1935183,2157,131567
ASG457	1935183	1935183,2157,131567
ASG458	1935183	1935183,2157,131567
ASG467	1935183	1935183,2157,131567
ASG468	1935183	1935183,2157,131567
ASG469	1935183	1935183,2157,131567
ASG470	1935183	1935183,2157,131567
ASG472	1935183	1935183,2157,131567
ASG473	1935183	1935183,2157,131567
ASG474	1935183	1935183,2157,131567
ASG475	1935183	1935183,2157,131567
ASG476	1935183	1935183,2157,131567
ASG477	1935183	1935183,2157,131567
ASG478	1935183	1935183,2157,131567
ASG479	1935183	1935183,2157,131567
ASG480	1935183	1935183,2157,131567
ASG481	1935183	1935183,2157,131567
ASG482	1935183	1935183,2157,131567
ASG483	1935183	1935183,2157,131567
ASG484	1935183	1935183,2157,131567
ASG485	1935183	1935183,2157,131567
ASG486	1935183	1935183,2157,131567
ASG487	1935183	1935183,2157,131567
ASG488	1935183	1935183,2157,131567
ASG489	1935183	1935183,2157,131567
ASG490	1935183	1935183,2157,131567
ASG491	1935183	1935183,2157,131567
ASG492	1935183	1935183,2157,131567
ASG493	1935183	1935183,2157,131567
ASG494	1935183	1935183,2157,131567
ASG495	1935183	1935183,2157,131567
ASG496	1935183	1935183,2157,131567
ASG497	1935183	1935183,2157,131567
ASG498	1935183	1935183,2157,131567
ASG499	1935183	1935183,2157,131567
ASG500	1935183	1935183,2157,131567
ASG501	1935183	1935183,2157,131567
ASG502	1935183	1935183,2157,131567
ASG503	1935183	1935183,2157,131567
ASG504	1935183	1935183,2157,131567
ASG505	1935183	1935183,2157,131567
ASG506	1935183	1935183,2157,131567
ASG507	1935183	1935183,2157,131567
ASG508	1935183	1935183,2157,131567
ASG509	1935183	1935183,2157,131567
ASG510	1935183	1935183,2157,131567
ASG511	1935183	1935183,2157,131567
ASG512	1935183	1935183,2157,131567
ASG513	1935183	1935183,2157,131567
ASG514	1935183	1935183,2157,131567
ASG515	1935183	1935183,2157,131567
ASG516	1935183	1935183,2157,131567
ASG517	1935183	1935183,2157,131567
ASG518	1935183	1935183,2157,131567
ASG519	1935183	1935183,2157,131567
ASG520	1935183	1935183,2157,131567
ASG521	1935183	1935183,2157,131567
ASG523	1935183	1935183,2157,131567
ASG524	1935183	1935183,2157,131567
ASG525	1935183	1935183,2157,131567
ASG526	1935183	1935183,2157,131567
ASG528	1935183	1935183,2157,131567
ASG529	1935183	1935183,2157,131567
Aaosphaeria_arxii_CBS_175.79	1450172	1450172,1450171,1450170,147498,92860,451868,147541,715962,716546,147538,716545,4890,451864,4751,33154,2759,131567
Abarenicola_pacifica	273052	273052,273050,42115,105387,105389,6341,6340,1206795,2697495,33317,33213,6072,33208,33154,2759,131567
Abeliophyllum_distichum	126358	126358,126357,426104,4144,4143,91888,71274,1437201,91827,71240,1437183,3398,58024,78536,58023,3193,131221,35493,33090,2759,131567
Abeoforma_whisleri	749232	749232,1292362,198625,127916,33154,2759,131567
Abortiporus_biennis	137743	137743,137742,103388,5303,355688,155619,5302,5204,451864,4751,33154,2759,131567
Abrus_precatorius	3816	3816,3815,163715,2233855,2231382,2231393,3814,3803,72025,91835,71275,1437201,91827,71240,1437183,3398,58024,78536,58023,3193,131221,35493,33090,2759,131567
Absidia_cylindrospora	213030	213030,4828,4851,4827,2212703,451507,1913637,112252,4751,33154,2759,131567
Absidia_glauca	4829	4829,4828,4851,4827,2212703,451507,1913637,112252,4751,33154,2759,131567
Absidia_repens	90262	90262,4828,4851,4827,2212703,451507,1913637,112252,4751,33154,2759,131567
Acacia_confusa	3809	3809,3808,163485,3807,3804,3803,72025,91835,71275,1437201,91827,71240,1437183,3398,58024,78536,58023,3193,131221,35493,33090,2759,131567
Acacia_crassicarpa	499986	499986,3808,163485,3807,3804,3803,72025,91835,71275,1437201,91827,71240,1437183,3398,58024,78536,58023,3193,131221,35493,33090,2759,131567
Acacia_pycnantha	880440	880440,3808,163485,3807,3804,3803,72025,91835,71275,1437201,91827,71240,1437183,3398,58024,78536,58023,3193,131221,35493,33090,2759,131567
Acanthochitona_crinita	126420	126420,55703,6653,291892,6652,6651,6650,6447,1206795,2697495,33317,33213,6072,33208,33154,2759,131567
Acanthoeca_spectabilis	81533	81533,81532,28010,1924739,28009,33154,2759,131567
Acanthopleura_gemmata	167016	167016,61362,291889,39684,291862,6652,6651,6650,6447,1206795,2697495,33317,33213,6072,33208,33154,2759,131567
Acanthopleura_granulata	61363	61363,61362,291889,39684,291862,6652,6651,6650,6447,1206795,2697495,33317,33213,6072,33208,33154,2759,131567
Acaromyces_ingoldii	215250	215250,215249,62920,5404,452283,452284,5204,451864,4751,33154,2759,131567
Acaulospora_colombiana	27376	27376,27372,36752,214509,214506,3705879,214504,112252,4751,33154,2759,131567
Acaulospora_morrowiae	94023	94023,27372,36752,214509,214506,3705879,214504,112252,4751,33154,2759,131567
Acephala_macrosclerotiorum	886606	886606,327281,2755564,5178,147548,715989,716546,147538,716545,4890,451864,4751,33154,2759,131567
Acer_negundo	4023	4023,4022,1977919,1977916,23672,41937,91836,71275,1437201,91827,71240,1437183,3398,58024,78536,58023,3193,131221,35493,33090,2759,131567
Acer_pseudosieboldianum	47968	47968,4022,1977919,1977916,23672,41937,91836,71275,1437201,91827,71240,1437183,3398,58024,78536,58023,3193,131221,35493,33090,2759,131567
Acer_saccharum	4024	4024,4022,1977919,1977916,23672,41937,91836,71275,1437201,91827,71240,1437183,3398,58024,78536,58023,3193,131221,35493,33090,2759,131567
Acer_truncatum	47965	47965,4022,1977919,1977916,23672,41937,91836,71275,1437201,91827,71240,1437183,3398,58024,78536,58023,3193,131221,35493,33090,2759,131567
Acer_yangbiense	1000413	1000413,4022,1977919,1977916,23672,41937,91836,71275,1437201,91827,71240,1437183,3398,58024,78536,58023,3193,131221,35493,33090,2759,131567
Acerentomon_sp._AD-2013	1323558	1323558,2606685,135966,79728,79724,29999,6960,3701030,3701028,197562,197563,6656,88770,1206794,33317,33213,6072,33208,33154,2759,131567
Acetes_chinensis	439396	439396,439395,111522,111521,6684,6683,3701045,72041,6681,3701029,3701028,197562,197563,6656,88770,1206794,33317,33213,6072,33208,33154,2759,131567
Achaetomium_macrosporum	79813	79813,79812,35718,5139,222544,147550,715989,716546,147538,716545,4890,451864,4751,33154,2759,131567
Achatina/Lissachatina_immaculata	2605667	3245481,2315438,6528,87873,216366,6527,120490,977775,216307,216305,6448,6447,1206795,2697495,33317,33213,6072,33208,33154,2759,131567
Achlya_hypogyna	1202772	1202772,4765,3456998,4763,3456997,4762,33634,2698737,2759,131567
Acipenser_ruthenus	7906	7906,7901,124130,124129,7900,186622,7899,32440,186623,7898,117571,117570,7776,7742,89593,7711,33511,33213,6072,33208,33154,2759,131567
Acopauropus_ornatus	1820145	1820145,1820144,244973,2082948,63448,61985,197563,6656,88770,1206794,33317,33213,6072,33208,33154,2759,131567
Acorus_calamus	4465	4465,4464,42228,91812,4447,1437183,3398,58024,78536,58023,3193,131221,35493,33090,2759,131567
Acorus_gramineus	55184	55184,4464,42228,91812,4447,1437183,3398,58024,78536,58023,3193,131221,35493,33090,2759,131567
Acrobeloides_nanus	290746	290746,70201,29166,55745,2082208,6300,6236,119089,6231,1206794,33317,33213,6072,33208,33154,2759,131567
Acrodontium_crateriforme	150365	150365,150364,668547,2726947,451867,147541,715962,716546,147538,716545,4890,451864,4751,33154,2759,131567
Acropsopilio_neozelandiae	1954383	1954383,571274,57972,101156,43278,101165,43271,6854,6843,6656,88770,1206794,33317,33213,6072,33208,33154,2759,131567
Actinia_tenebrosa	6105	6105,6104,42822,6103,6102,6101,6073,6072,33208,33154,2759,131567
Actinidia_arguta	64478	64478,3624,3623,41945,71274,1437201,91827,71240,1437183,3398,58024,78536,58023,3193,131221,35493,33090,2759,131567
Actinidia_chinensis	3625	3625,3624,3623,41945,71274,1437201,91827,71240,1437183,3398,58024,78536,58023,3193,131221,35493,33090,2759,131567
Actinidia_cylindrica	165704	165704,3624,3623,41945,71274,1437201,91827,71240,1437183,3398,58024,78536,58023,3193,131221,35493,33090,2759,131567
Actinidia_deliciosa	3627	3627,3624,3623,41945,71274,1437201,91827,71240,1437183,3398,58024,78536,58023,3193,131221,35493,33090,2759,131567
Actinidia_eriantha	165200	165200,3624,3623,41945,71274,1437201,91827,71240,1437183,3398,58024,78536,58023,3193,131221,35493,33090,2759,131567
Actinidia_hemsleyana	165707	165707,3624,3623,41945,71274,1437201,91827,71240,1437183,3398,58024,78536,58023,3193,131221,35493,33090,2759,131567
Actinidia_latifolia	165711	165711,3624,3623,41945,71274,1437201,91827,71240,1437183,3398,58024,78536,58023,3193,131221,35493,33090,2759,131567
Actinidia_macrosperma	165712	165712,3624,3623,41945,71274,1437201,91827,71240,1437183,3398,58024,78536,58023,3193,131221,35493,33090,2759,131567
Actinidia_polygama	64480	64480,3624,3623,41945,71274,1437201,91827,71240,1437183,3398,58024,78536,58023,3193,131221,35493,33090,2759,131567
Actinidia_rufa	165716	165716,3624,3623,41945,71274,1437201,91827,71240,1437183,3398,58024,78536,58023,3193,131221,35493,33090,2759,131567
Actinidia_zhejiangensis	165720	165720,3624,3623,41945,71274,1437201,91827,71240,1437183,3398,58024,78536,58023,3193,131221,35493,33090,2759,131567
Actinomortierella_ambigua	1343610	1343610,2779867,4854,214503,2212732,1137986,3705878,112252,4751,33154,2759,131567
Actinomortierella_wolfii	90253	90253,2779867,4854,214503,2212732,1137986,3705878,112252,4751,33154,2759,131567
Acyrthosiphon_pisum	7029	7029,7028,33386,133076,27482,33385,33380,33373,7524,33342,3701061,33340,7496,85512,50557,6960,3701030,3701028,197562,197563,6656,88770,1206794,33317,33213,6072,33208,33154,2759,131567
Adiantum_capillusveneris	13818	13818,13817,29626,13819,2003540,3268,1521262,241806,78536,58023,3193,131221,35493,33090,2759,131567
Adineta_vaga	104782	104782,104781,104780,104779,44578,2816136,10190,2697496,2697495,33317,33213,6072,33208,33154,2759,131567
Aedes_aegypti	7159	7159,53541,7158,1056966,43817,7157,41827,43786,7148,7147,3701063,3701062,33392,3701061,33340,7496,85512,50557,6960,3701030,3701028,197562,197563,6656,88770,1206794,33317,33213,6072,33208,33154,2759,131567
Aegilops_comosa	4485	4485,4480,1648030,147389,1648038,147368,359160,4479,38820,4734,1437197,4447,1437183,3398,58024,78536,58023,3193,131221,35493,33090,2759,131567
Aegilops_geniculata	130459	130459,4480,1648030,147389,1648038,147368,359160,4479,38820,4734,1437197,4447,1437183,3398,58024,78536,58023,3193,131221,35493,33090,2759,131567
Aegilops_speltoides	4573	4573,4480,1648030,147389,1648038,147368,359160,4479,38820,4734,1437197,4447,1437183,3398,58024,78536,58023,3193,131221,35493,33090,2759,131567
Aegilops_tauschii	200361	200361,37682,4480,1648030,147389,1648038,147368,359160,4479,38820,4734,1437197,4447,1437183,3398,58024,78536,58023,3193,131221,35493,33090,2759,131567
Aegista_chejuensis	1399158	1399158,89999,2936376,83226,87864,216366,6527,120490,977775,216307,216305,6448,6447,1206795,2697495,33317,33213,6072,33208,33154,2759,131567
Aeolosoma_sp.	55817	55817,2620997,55816,55815,6391,2803884,6381,42113,6340,1206795,2697495,33317,33213,6072,33208,33154,2759,131567
Agaricus_bisporus_var._bisporus_H97	936046	936046,192523,5341,5340,5339,2982305,5338,452333,155619,5302,5204,451864,4751,33154,2759,131567
Agarophyton_chilense	2510777	2510777,2510776,31469,31468,2045261,2806,2763,2759,131567
Agathotanais_misakiensis	2823062	2823062,1629969,992995,117987,116697,75398,6820,72041,6681,3701029,3701028,197562,197563,6656,88770,1206794,33317,33213,6072,33208,33154,2759,131567
Ageratina_adenophora	176616	176616,102749,102815,911341,102804,4210,4209,91882,71274,1437201,91827,71240,1437183,3398,58024,78536,58023,3193,131221,35493,33090,2759,131567
Agrocybe_chaxingu	84603	84603,5399,3710399,2982305,5338,452333,155619,5302,5204,451864,4751,33154,2759,131567
Agrocybe_pediades	84607	84607,5399,3710399,2982305,5338,452333,155619,5302,5204,451864,4751,33154,2759,131567
Agyrium_rufum	443868	443868,443867,50931,88639,388283,1520881,147547,716546,147538,716545,4890,451864,4751,33154,2759,131567
Ajuga_decumbens	167911	167911,38595,2835922,2835904,4136,4143,91888,71274,1437201,91827,71240,1437183,3398,58024,78536,58023,3193,131221,35493,33090,2759,131567
Akanthomyces_lecanii_RCEF_1005	1081108	1081108,2714763,150366,474943,5125,222543,147550,715989,716546,147538,716545,4890,451864,4751,33154,2759,131567
Akanthomyces_muscarius	2231603	2231603,150366,474943,5125,222543,147550,715989,716546,147538,716545,4890,451864,4751,33154,2759,131567
Akebia_trifoliata	155132	155132,13330,1461171,1461168,22788,41768,1437183,3398,58024,78536,58023,3193,131221,35493,33090,2759,131567
Albizia_julibrissin	3813	3813,3812,163486,3807,3804,3803,72025,91835,71275,1437201,91827,71240,1437183,3398,58024,78536,58023,3193,131221,35493,33090,2759,131567
Alcyonidium_sp._KMK-2022	2969545	2969545,2619098,51986,97263,51985,10206,10205,1206795,2697495,33317,33213,6072,33208,33154,2759,131567
Alderia_modesta	369574	369574,369573,71495,216320,71490,977775,216307,216305,6448,6447,1206795,2697495,33317,33213,6072,33208,33154,2759,131567
Alectoria_fallacina	1903189	1903189,111638,78060,157822,5197,388435,1520881,147547,716546,147538,716545,4890,451864,4751,33154,2759,131567
Alexandromenia_crassa	1638916	1638916,1638915,1638914,1077250,231996,47122,6447,1206795,2697495,33317,33213,6072,33208,33154,2759,131567
Alinda_biplicata	1290020	1290020,1290019,1162416,64963,27818,74388,216366,6527,120490,977775,216307,216305,6448,6447,1206795,2697495,33317,33213,6072,33208,33154,2759,131567
Alipes_grandidieri	1257097	1257097,126916,41363,41361,115407,115405,7540,61985,197563,6656,88770,1206794,33317,33213,6072,33208,33154,2759,131567
Alitta_virens	880429	880429,868094,39820,6348,105390,6341,6340,1206795,2697495,33317,33213,6072,33208,33154,2759,131567
Alligator_sinensis	38654	38654,8495,34915,1294636,1294634,8492,1329799,32561,8457,32524,32523,1338369,8287,117571,117570,7776,7742,89593,7711,33511,33213,6072,33208,33154,2759,131567
Allium_cepa	4679	4679,4678,703248,40553,4668,73496,1437197,4447,1437183,3398,58024,78536,58023,3193,131221,35493,33090,2759,131567
Allium_fistulosum	35875	35875,4678,703248,40553,4668,73496,1437197,4447,1437183,3398,58024,78536,58023,3193,131221,35493,33090,2759,131567
Allodorylaimus	288449	288449,211275,211226,211219,211225,46000,1457286,119088,6231,1206794,33317,33213,6072,33208,33154,2759,131567
Allomyces_arbusculus	64504	64504,28581,4806,4805,451460,451459,112252,4751,33154,2759,131567
Allomyces_javanicus	64505	64505,28581,4806,4805,451460,451459,112252,4751,33154,2759,131567
Allomyces_macrogynus_ATCC_38327	578462	578462,28583,28581,4806,4805,451460,451459,112252,4751,33154,2759,131567
Alnus_glutinosa	3517	3517,3515,3514,3502,91835,71275,1437201,91827,71240,1437183,3398,58024,78536,58023,3193,131221,35493,33090,2759,131567
Alopecurus_aequalis	114194	114194,15303,640620,2948570,1652081,147387,1648037,147368,359160,4479,38820,4734,1437197,4447,1437183,3398,58024,78536,58023,3193,131221,35493,33090,2759,131567
Alsophila_spinulosa	204586	204586,86337,29635,693763,1521262,241806,78536,58023,3193,131221,35493,33090,2759,131567
Alternaria_alternata	5599	5599,187734,2499237,5598,28556,715340,92860,451868,147541,715962,716546,147538,716545,4890,451864,4751,33154,2759,131567
Alternaria_arborescens	156630	156630,2499237,5598,28556,715340,92860,451868,147541,715962,716546,147538,716545,4890,451864,4751,33154,2759,131567
Alternaria_arbusti	232088	232088,2499258,5598,28556,715340,92860,451868,147541,715962,716546,147538,716545,4890,451864,4751,33154,2759,131567
Alternaria_atra	119953	119953,2499266,5598,28556,715340,92860,451868,147541,715962,716546,147538,716545,4890,451864,4751,33154,2759,131567
Alternaria_burnsii	1187904	1187904,2499237,5598,28556,715340,92860,451868,147541,715962,716546,147538,716545,4890,451864,4751,33154,2759,131567
Alternaria_conjuncta	181017	181017,2499258,5598,28556,715340,92860,451868,147541,715962,716546,147538,716545,4890,451864,4751,33154,2759,131567
Alternaria_dauci	48095	48095,2499262,5598,28556,715340,92860,451868,147541,715962,716546,147538,716545,4890,451864,4751,33154,2759,131567
Alternaria_ethzedia	181014	181014,2499258,5598,28556,715340,92860,451868,147541,715962,716546,147538,716545,4890,451864,4751,33154,2759,131567
Alternaria_gaisen	167740	167740,2499237,5598,28556,715340,92860,451868,147541,715962,716546,147538,716545,4890,451864,4751,33154,2759,131567
Alternaria_hordeiaustralica	1187925	1187925,2499258,5598,28556,715340,92860,451868,147541,715962,716546,147538,716545,4890,451864,4751,33154,2759,131567
Alternaria_incomplexa	1187928	1187928,2499258,5598,28556,715340,92860,451868,147541,715962,716546,147538,716545,4890,451864,4751,33154,2759,131567
Alternaria_infectoria	45303	45303,2499258,5598,28556,715340,92860,451868,147541,715962,716546,147538,716545,4890,451864,4751,33154,2759,131567
Alternaria_metachromatica	283354	283354,2499258,5598,28556,715340,92860,451868,147541,715962,716546,147538,716545,4890,451864,4751,33154,2759,131567
Alternaria_novae-zelandiae	430562	430562,2499258,5598,28556,715340,92860,451868,147541,715962,716546,147538,716545,4890,451864,4751,33154,2759,131567
Alternaria_novaezelandiae	430562	430562,2499258,5598,28556,715340,92860,451868,147541,715962,716546,147538,716545,4890,451864,4751,33154,2759,131567
Alternaria_panax	48097	48097,2499260,5598,28556,715340,92860,451868,147541,715962,716546,147538,716545,4890,451864,4751,33154,2759,131567
Alternaria_postmessia	1187938	1187938,2499237,5598,28556,715340,92860,451868,147541,715962,716546,147538,716545,4890,451864,4751,33154,2759,131567
Alternaria_rosae	1187941	1187941,2499270,5598,28556,715340,92860,451868,147541,715962,716546,147538,716545,4890,451864,4751,33154,2759,131567
Alternaria_triticimaculans	297637	297637,2499258,5598,28556,715340,92860,451868,147541,715962,716546,147538,716545,4890,451864,4751,33154,2759,131567
Alternaria_ventricosa	1187951	1187951,2499258,5598,28556,715340,92860,451868,147541,715962,716546,147538,716545,4890,451864,4751,33154,2759,131567
Alternaria_viburni	566460	566460,2499258,5598,28556,715340,92860,451868,147541,715962,716546,147538,716545,4890,451864,4751,33154,2759,131567
Alvinella_pompejana	6376	6376,6375,36108,2784887,6373,105391,105389,6341,6340,1206795,2697495,33317,33213,6072,33208,33154,2759,131567
Alyxoria_varia	91480	91480,1010672,1542769,39677,147539,715962,716546,147538,716545,4890,451864,4751,33154,2759,131567
Amanita_brunnescens_Koide_BX004	1457509	1457509,87326,41955,41954,2982306,5338,452333,155619,5302,5204,451864,4751,33154,2759,131567
Amanita_inopinata_Kibby_2008	1457513	1457513,933333,41955,41954,2982306,5338,452333,155619,5302,5204,451864,4751,33154,2759,131567
Amanita_muscaria	41956	41956,41955,41954,2982306,5338,452333,155619,5302,5204,451864,4751,33154,2759,131567
Amanita_phalloides	67723	67723,41955,41954,2982306,5338,452333,155619,5302,5204,451864,4751,33154,2759,131567
Amanita_polypyramis_BW_CC	1457511	1457511,1004511,41955,41954,2982306,5338,452333,155619,5302,5204,451864,4751,33154,2759,131567
Amanita_thiersii_Skay4041	703135	703135,235537,41955,41954,2982306,5338,452333,155619,5302,5204,451864,4751,33154,2759,131567
Amaranthus_hypochondriacus	28502	28502,3564,3697539,3563,3524,1437201,91827,71240,1437183,3398,58024,78536,58023,3193,131221,35493,33090,2759,131567
Amaranthus_tricolor	29722	29722,3564,3697539,3563,3524,1437201,91827,71240,1437183,3398,58024,78536,58023,3193,131221,35493,33090,2759,131567
Ambigolimax_valentianus	1338344	1338344,1338343,37859,87871,216366,6527,120490,977775,216307,216305,6448,6447,1206795,2697495,33317,33213,6072,33208,33154,2759,131567
Ambispora_gerdemannii	144530	144530,453566,453565,1133283,214506,3705879,214504,112252,4751,33154,2759,131567
Ambispora_leptoticha	144679	144679,453566,453565,1133283,214506,3705879,214504,112252,4751,33154,2759,131567
Amblyomma_americanum	6943	6943,6942,426441,6939,297308,6935,6934,6933,6854,6843,6656,88770,1206794,33317,33213,6072,33208,33154,2759,131567
Amblyopyrum_muticum	3118280	3118280,4595,4594,1648030,147389,1648038,147368,359160,4479,38820,4734,1437197,4447,1437183,3398,58024,78536,58023,3193,131221,35493,33090,2759,131567
Amblyraja_radiata	386614	386614,117853,30475,7858,117893,7778,7777,7776,7742,89593,7711,33511,33213,6072,33208,33154,2759,131567
Amborella_trichopoda	13333	13333,13332,22097,261009,3398,58024,78536,58023,3193,131221,35493,33090,2759,131567
Ambrosia_artemisiifolia	4212	4212,4211,102814,911341,102804,4210,4209,91882,71274,1437201,91827,71240,1437183,3398,58024,78536,58023,3193,131221,35493,33090,2759,131567
Ameiurus_melas	219545	219545,50384,7996,1489793,7995,186628,186626,32519,186634,186625,1489341,32443,41665,186623,7898,117571,117570,7776,7742,89593,7711,33511,33213,6072,33208,33154,2759,131567
Amia_calva	7924	7924,7923,7922,7921,1489100,41665,186623,7898,117571,117570,7776,7742,89593,7711,33511,33213,6072,33208,33154,2759,131567
Amniculicola_lignicola_CBS_123094	1392246	1392246,455074,690893,715292,92860,451868,147541,715962,716546,147538,716545,4890,451864,4751,33154,2759,131567
Amoebidium_parasiticum	4881	4881,4880,251739,198625,127916,33154,2759,131567
Amorphochlora_amoebiformis	1561963	1561963,1561962,29197,136419,543769,2698737,2759,131567
Amorphotheca_resinae_ATCC_22711	857342	857342,5101,5100,2907085,5178,147548,715989,716546,147538,716545,4890,451864,4751,33154,2759,131567
Ampelocalamus_luodianensis	387595	387595,146639,1648003,1149709,1648034,147366,359160,4479,38820,4734,1437197,4447,1437183,3398,58024,78536,58023,3193,131221,35493,33090,2759,131567
Amphibalanus_amphitrite	1232801	1232801,637416,2899660,37806,2899671,2899670,2899756,6676,6675,116172,3701029,3701028,197562,197563,6656,88770,1206794,33317,33213,6072,33208,33154,2759,131567
Amphichorda_felina	37994	37994,1857841,103887,5125,222543,147550,715989,716546,147538,716545,4890,451864,4751,33154,2759,131567
Amphidinium_carterae	2961	2961,2960,2922899,2922898,2864,33630,2698737,2759,131567
Amphiduros_fuscescens	1209993	1209993,378298,115834,6348,105390,6341,6340,1206795,2697495,33317,33213,6072,33208,33154,2759,131567
Amphimedon_queenslandica	400682	400682,178513,178475,6049,1779146,6042,6040,33208,33154,2759,131567
Amphimeniidae_sp.	2137300	2137300,2137299,1638914,1077250,231996,47122,6447,1206795,2697495,33317,33213,6072,33208,33154,2759,131567
Amphiporus_lactifloreus	187594	187594,120983,120982,2053500,6227,6226,6225,6217,1206795,2697495,33317,33213,6072,33208,33154,2759,131567
Amphizoa_insolens	107775	107775,107774,107773,535378,41071,7041,3701064,3701062,33392,3701061,33340,7496,85512,50557,6960,3701030,3701028,197562,197563,6656,88770,1206794,33317,33213,6072,33208,33154,2759,131567
Amylocarpus_encephaloides	45428	45428,45427,159639,5178,147548,715989,716546,147538,716545,4890,451864,4751,33154,2759,131567
Amylocystis_lapponica	202700	202700,202699,2983313,5303,355688,155619,5302,5204,451864,4751,33154,2759,131567
Amylostereum_chailletii	55340	55340,55339,103376,452342,355688,155619,5302,5204,451864,4751,33154,2759,131567
Anabas_testudineus	64144	64144,64143,64142,50370,1489900,1489892,1489872,123369,123368,123367,123366,123365,1489388,186625,1489341,32443,41665,186623,7898,117571,117570,7776,7742,89593,7711,33511,33213,6072,33208,33154,2759,131567
Anaeromyces_robustus	1754192	1754192,105135,29007,29006,451455,451456,3705317,112252,4751,33154,2759,131567
Anamobaea_orstedii	2733422	2733422,2733421,6366,6362,105391,105389,6341,6340,1206795,2697495,33317,33213,6072,33208,33154,2759,131567
Ananas_comosus	4615	4615,4614,1909378,4613,38820,4734,1437197,4447,1437183,3398,58024,78536,58023,3193,131221,35493,33090,2759,131567
Anaplectus_granulosus	2072756	2072756,211402,114910,211401,2301114,2044973,119089,6231,1206794,33317,33213,6072,33208,33154,2759,131567
Anaulaciulus_tonginus	2850401	2850401,1008834,41449,41448,118561,7553,61985,197563,6656,88770,1206794,33317,33213,6072,33208,33154,2759,131567
Anchistropus_emarginatus	423250	423250,423249,77713,116561,6665,84337,116557,6658,3701030,3701028,197562,197563,6656,88770,1206794,33317,33213,6072,33208,33154,2759,131567
Ancistrocladus_abbreviatus	122295	122295,63071,63070,3524,1437201,91827,71240,1437183,3398,58024,78536,58023,3193,131221,35493,33090,2759,131567
Andrographis_paniculata	175694	175694,175693,216695,216691,4185,4143,91888,71274,1437201,91827,71240,1437183,3398,58024,78536,58023,3193,131221,35493,33090,2759,131567
Androsace_septentrionalis	184985	184985,85163,4335,41945,71274,1437201,91827,71240,1437183,3398,58024,78536,58023,3193,131221,35493,33090,2759,131567
Androsace_vitaliana	175111	175111,85163,4335,41945,71274,1437201,91827,71240,1437183,3398,58024,78536,58023,3193,131221,35493,33090,2759,131567
Androsace_wulfeniana	229462	229462,85163,4335,41945,71274,1437201,91827,71240,1437183,3398,58024,78536,58023,3193,131221,35493,33090,2759,131567
Anentome_helena	1912881	1912881,1912880,1934896,6483,216303,6479,69555,6448,6447,1206795,2697495,33317,33213,6072,33208,33154,2759,131567
Angophora_floribunda	34308	34308,22531,1699524,1699513,3931,41944,91836,71275,1437201,91827,71240,1437183,3398,58024,78536,58023,3193,131221,35493,33090,2759,131567
Anguilla_anguilla	7936	7936,7935,7934,7933,32521,186624,1489340,32443,41665,186623,7898,117571,117570,7776,7742,89593,7711,33511,33213,6072,33208,33154,2759,131567
Anisodus_acutangulus	402998	402998,243963,424566,424551,4070,4069,91888,71274,1437201,91827,71240,1437183,3398,58024,78536,58023,3193,131221,35493,33090,2759,131567
Anisodus_tanguticus	243964	243964,243963,424566,424551,4070,4069,91888,71274,1437201,91827,71240,1437183,3398,58024,78536,58023,3193,131221,35493,33090,2759,131567
Anncaliia_algerae_PRA339	1288291	1288291,67680,311453,307623,2072739,6029,112252,4751,33154,2759,131567
Anneissia_japonica	1529436	1529436,1529434,1529449,106121,7581,35070,35069,133550,7586,33511,33213,6072,33208,33154,2759,131567
Annulohypoxylon_bovei_var._microspora	326617	326617,326616,326606,2033035,37989,222545,147550,715989,716546,147538,716545,4890,451864,4751,33154,2759,131567
Annulohypoxylon_maeteangense	1927788	1927788,326606,2033035,37989,222545,147550,715989,716546,147538,716545,4890,451864,4751,33154,2759,131567
Annulohypoxylon_moriforme	326622	326622,326606,2033035,37989,222545,147550,715989,716546,147538,716545,4890,451864,4751,33154,2759,131567
Annulohypoxylon_nitens	326626	326626,326606,2033035,37989,222545,147550,715989,716546,147538,716545,4890,451864,4751,33154,2759,131567
Annulohypoxylon_truncatum	327061	327061,326606,2033035,37989,222545,147550,715989,716546,147538,716545,4890,451864,4751,33154,2759,131567
Anopheles_gambiae	7165	7165,44542,44537,44534,7164,43816,7157,41827,43786,7148,7147,3701063,3701062,33392,3701061,33340,7496,85512,50557,6960,3701030,3701028,197562,197563,6656,88770,1206794,33317,33213,6072,33208,33154,2759,131567
Anopheles_merus	30066	30066,44542,44537,44534,7164,43816,7157,41827,43786,7148,7147,3701063,3701062,33392,3701061,33340,7496,85512,50557,6960,3701030,3701028,197562,197563,6656,88770,1206794,33317,33213,6072,33208,33154,2759,131567
Anoplodactylus_insignis	1842456	1842456,88309,88311,3712575,3712569,373319,57294,6843,6656,88770,1206794,33317,33213,6072,33208,33154,2759,131567
Anopsobius_giribeti	269517	269517,126920,172235,126919,41362,115405,7540,61985,197563,6656,88770,1206794,33317,33213,6072,33208,33154,2759,131567
Antalis_entalis	211836	211836,52917,39426,32585,32584,6447,1206795,2697495,33317,33213,6072,33208,33154,2759,131567
Anthoceros_agrestis	41834	41834,3233,13811,13810,405585,402688,13809,3193,131221,35493,33090,2759,131567
Anthoceros_fusiformis	400545	400545,3233,13811,13810,405585,402688,13809,3193,131221,35493,33090,2759,131567
Anthoceros_punctatus	3234	3234,3233,13811,13810,405585,402688,13809,3193,131221,35493,33090,2759,131567
Anthostomella_pinea	933095	933095,131338,37990,37989,222545,147550,715989,716546,147538,716545,4890,451864,4751,33154,2759,131567
Antiaris_toxicaria	241857	241857,241856,3054907,3487,3744,91835,71275,1437201,91827,71240,1437183,3398,58024,78536,58023,3193,131221,35493,33090,2759,131567
Antirrhinum_hispanicum	49039	49039,4150,216780,156152,4143,91888,71274,1437201,91827,71240,1437183,3398,58024,78536,58023,3193,131221,35493,33090,2759,131567
Antirrhinum_majus	4151	4151,4150,216780,156152,4143,91888,71274,1437201,91827,71240,1437183,3398,58024,78536,58023,3193,131221,35493,33090,2759,131567
Antrodiella_citrinella	2447956	2447956,81041,81059,5303,355688,155619,5302,5204,451864,4751,33154,2759,131567
Antygomonas_paulae	1564067	1564067,1215702,1215717,310836,51516,1215728,1206794,33317,33213,6072,33208,33154,2759,131567
Anurida_maritima	64695	64695,64692,133528,36138,79706,730331,30001,6960,3701030,3701028,197562,197563,6656,88770,1206794,33317,33213,6072,33208,33154,2759,131567
Aoraki_denticulata	526530	526530,526527,118632,101146,43277,43271,6854,6843,6656,88770,1206794,33317,33213,6072,33208,33154,2759,131567
Apachyus_charteceus	1323532	1323532,211558,211557,211567,3039756,3039755,27434,33341,33340,7496,85512,50557,6960,3701030,3701028,197562,197563,6656,88770,1206794,33317,33213,6072,33208,33154,2759,131567
Apatococcus_fuscideae	2026836	2026836,904362,35461,35460,75966,2692248,3041,33090,2759,131567
Apatococcus_lobatus	904363	904363,904362,35461,35460,75966,2692248,3041,33090,2759,131567
Aphanocladium_album	12942	12942,12941,162454,5125,222543,147550,715989,716546,147538,716545,4890,451864,4751,33154,2759,131567
Aphanoconia_osumiense	2950572	2950572,2950571,56123,977768,977767,119397,6448,6447,1206795,2697495,33317,33213,6072,33208,33154,2759,131567
Aphanomyces_astaci	112090	112090,100860,120409,4763,3456997,4762,33634,2698737,2759,131567
Aphanomyces_cochlioides	112091	112091,100860,120409,4763,3456997,4762,33634,2698737,2759,131567
Aphanomyces_euteiches	100861	100861,100860,120409,4763,3456997,4762,33634,2698737,2759,131567
Aphanomyces_invadans	157072	157072,100860,120409,4763,3456997,4762,33634,2698737,2759,131567
Aphanomyces_stellatus	120398	120398,100860,120409,4763,3456997,4762,33634,2698737,2759,131567
Aphelenchus_avenae	70226	70226,70225,70224,120862,33283,6300,6236,119089,6231,1206794,33317,33213,6072,33208,33154,2759,131567
Apios_americana	185702	185702,132430,163735,2233855,2231382,2231393,3814,3803,72025,91835,71275,1437201,91827,71240,1437183,3398,58024,78536,58023,3193,131221,35493,33090,2759,131567
Apios_priceana	254393	254393,132430,163735,2233855,2231382,2231393,3814,3803,72025,91835,71275,1437201,91827,71240,1437183,3398,58024,78536,58023,3193,131221,35493,33090,2759,131567
Apiosordaria_backusii	314023	314023,192815,42302,5139,222544,147550,715989,716546,147538,716545,4890,451864,4751,33154,2759,131567
Apiospora_arundinis	335852	335852,1811811,106263,3402561,222545,147550,715989,716546,147538,716545,4890,451864,4751,33154,2759,131567
Apiospora_aurea	335848	335848,1811811,106263,3402561,222545,147550,715989,716546,147538,716545,4890,451864,4751,33154,2759,131567
Apiospora_hydei	1337664	1337664,1811811,106263,3402561,222545,147550,715989,716546,147538,716545,4890,451864,4751,33154,2759,131567
Apiospora_kogelbergensis	1337665	1337665,1811811,106263,3402561,222545,147550,715989,716546,147538,716545,4890,451864,4751,33154,2759,131567
Apiospora_marii	335849	335849,1811811,106263,3402561,222545,147550,715989,716546,147538,716545,4890,451864,4751,33154,2759,131567
Apiospora_phragmitis	2905665	2905665,1811811,106263,3402561,222545,147550,715989,716546,147538,716545,4890,451864,4751,33154,2759,131567
Apiospora_rasikravindrae	990691	990691,1811811,106263,3402561,222545,147550,715989,716546,147538,716545,4890,451864,4751,33154,2759,131567
Apiospora_saccharicola	335842	335842,1811811,106263,3402561,222545,147550,715989,716546,147538,716545,4890,451864,4751,33154,2759,131567
Apiotrichum_porosum	105984	105984,105983,1759442,1851469,155616,5302,5204,451864,4751,33154,2759,131567
Apis_mellifera	7460	7460,7459,83321,70987,7458,3042114,34735,7434,7400,7399,33392,3701061,33340,7496,85512,50557,6960,3701030,3701028,197562,197563,6656,88770,1206794,33317,33213,6072,33208,33154,2759,131567
Apium_graveolens	4045	4045,4044,241793,241780,241778,4037,364270,4036,91882,71274,1437201,91827,71240,1437183,3398,58024,78536,58023,3193,131221,35493,33090,2759,131567
Aplosporella_prunicola_CBS_121167	1176127	1176127,462254,462253,1450293,451869,159987,147541,715962,716546,147538,716545,4890,451864,4751,33154,2759,131567
Aplysiopsis_enteromorphae	649608	649608,71495,216320,71490,977775,216307,216305,6448,6447,1206795,2697495,33317,33213,6072,33208,33154,2759,131567
Apocyclops_royi	298420	298420,298419,84315,84308,116571,116569,6830,3701030,3701028,197562,197563,6656,88770,1206794,33317,33213,6072,33208,33154,2759,131567
Apocynum_pictum	377126	377126,13338,1498465,167500,167483,4056,4055,91888,71274,1437201,91827,71240,1437183,3398,58024,78536,58023,3193,131221,35493,33090,2759,131567
Apodomenia_enigmatica	2138613	2138613,3035242,3035241,3032925,231996,47122,6447,1206795,2697495,33317,33213,6072,33208,33154,2759,131567
Apodospora_peruviana	516989	516989,516988,42302,5139,222544,147550,715989,716546,147538,716545,4890,451864,4751,33154,2759,131567
Apolpium_sp._MCZ_144360	2590504	2590504,2639029,534640,307025,197616,51799,6854,6843,6656,88770,1206794,33317,33213,6072,33208,33154,2759,131567
Apophysomyces_ossiformis	679940	679940,90268,34489,1344963,4827,2212703,451507,1913637,112252,4751,33154,2759,131567
Apostasia_shenzhenica	1088818	1088818,49693,158329,4747,73496,1437197,4447,1437183,3398,58024,78536,58023,3193,131221,35493,33090,2759,131567
Aposthonia_japonica	911381	911381,476287,50658,50657,33341,33340,7496,85512,50557,6960,3701030,3701028,197562,197563,6656,88770,1206794,33317,33213,6072,33208,33154,2759,131567
Aquilegia_coerulea	218851	218851,3450,1463137,3440,41768,1437183,3398,58024,78536,58023,3193,131221,35493,33090,2759,131567
Arabidopsis_arenicola	347883	347883,3701,980083,3700,3699,91836,71275,1437201,91827,71240,1437183,3398,58024,78536,58023,3193,131221,35493,33090,2759,131567
Arabidopsis_arenosa	38785	38785,3701,980083,3700,3699,91836,71275,1437201,91827,71240,1437183,3398,58024,78536,58023,3193,131221,35493,33090,2759,131567
Arabidopsis_halleri	81970	81970,3701,980083,3700,3699,91836,71275,1437201,91827,71240,1437183,3398,58024,78536,58023,3193,131221,35493,33090,2759,131567
Arabidopsis_lyrata	81972	81972,59689,3701,980083,3700,3699,91836,71275,1437201,91827,71240,1437183,3398,58024,78536,58023,3193,131221,35493,33090,2759,131567
Arabidopsis_suecica	45249	45249,3701,980083,3700,3699,91836,71275,1437201,91827,71240,1437183,3398,58024,78536,58023,3193,131221,35493,33090,2759,131567
Arabidopsis_thaliana	3702	3702,3701,980083,3700,3699,91836,71275,1437201,91827,71240,1437183,3398,58024,78536,58023,3193,131221,35493,33090,2759,131567
Arabidopsis_thaliana_x_Arabidopsis_arenosa	1240361	1240361,3701,980083,3700,3699,91836,71275,1437201,91827,71240,1437183,3398,58024,78536,58023,3193,131221,35493,33090,2759,131567
Arabis_caerulea	586519	586519,50451,981070,3700,3699,91836,71275,1437201,91827,71240,1437183,3398,58024,78536,58023,3193,131221,35493,33090,2759,131567
Arabis_ciliata	571353	571353,50451,981070,3700,3699,91836,71275,1437201,91827,71240,1437183,3398,58024,78536,58023,3193,131221,35493,33090,2759,131567
Arachis_duranensis	130453	130453,3817,2231390,163725,2231387,2231393,3814,3803,72025,91835,71275,1437201,91827,71240,1437183,3398,58024,78536,58023,3193,131221,35493,33090,2759,131567
Arachis_hypogaea	3818	3818,3817,2231390,163725,2231387,2231393,3814,3803,72025,91835,71275,1437201,91827,71240,1437183,3398,58024,78536,58023,3193,131221,35493,33090,2759,131567
Arachis_ipaensis	130454	130454,3817,2231390,163725,2231387,2231393,3814,3803,72025,91835,71275,1437201,91827,71240,1437183,3398,58024,78536,58023,3193,131221,35493,33090,2759,131567
Arachis_stenosperma	217475	217475,3817,2231390,163725,2231387,2231393,3814,3803,72025,91835,71275,1437201,91827,71240,1437183,3398,58024,78536,58023,3193,131221,35493,33090,2759,131567
Arapaima_gigas	113544	113544,113543,27723,41712,31089,1489343,1489341,32443,41665,186623,7898,117571,117570,7776,7742,89593,7711,33511,33213,6072,33208,33154,2759,131567
Architeuthis_dux	256136	256136,34555,34554,34542,215450,6606,6605,6447,1206795,2697495,33317,33213,6072,33208,33154,2759,131567
Archoleptoneta_schusteri	1002511	1002511,1002510,1002506,571551,74970,6905,6893,6854,6843,6656,88770,1206794,33317,33213,6072,33208,33154,2759,131567
Arctium_lappa	4217	4217,4216,2846883,102818,219103,4210,4209,91882,71274,1437201,91827,71240,1437183,3398,58024,78536,58023,3193,131221,35493,33090,2759,131567
Arenicola_marina	6344	6344,6343,42115,105387,105389,6341,6340,1206795,2697495,33317,33213,6072,33208,33154,2759,131567
Aretaon_asperrimus	173775	173775,173774,262143,525305,262140,523864,523721,213547,7020,33341,33340,7496,85512,50557,6960,3701030,3701028,197562,197563,6656,88770,1206794,33317,33213,6072,33208,33154,2759,131567
Argentina_anserina	57926	57926,3131914,1184125,721789,171638,3745,3744,91835,71275,1437201,91827,71240,1437183,3398,58024,78536,58023,3193,131221,35493,33090,2759,131567
Argiope_bruennichi	94029	94029,94028,6913,74975,74974,74971,6905,6893,6854,6843,6656,88770,1206794,33317,33213,6072,33208,33154,2759,131567
Argopecten_purpuratus	228297	228297,31198,6566,106219,106218,6545,2785011,6544,6447,1206795,2697495,33317,33213,6072,33208,33154,2759,131567
Argulus_siamensis	1167309	1167309,179104,6840,6839,6838,2172820,2172819,197562,197563,6656,88770,1206794,33317,33213,6072,33208,33154,2759,131567
Argyroneta_aquatica	375087	375087,375086,134565,134564,94020,74971,6905,6893,6854,6843,6656,88770,1206794,33317,33213,6072,33208,33154,2759,131567
Arion_vulgaris	1028688	1028688,6542,6540,87874,216366,6527,120490,977775,216307,216305,6448,6447,1206795,2697495,33317,33213,6072,33208,33154,2759,131567
Aristida_adscensionis	121766	121766,38709,147430,219382,147370,4479,38820,4734,1437197,4447,1437183,3398,58024,78536,58023,3193,131221,35493,33090,2759,131567
Aristolochia_californica	171875	171875,12947,16727,16736,232347,1437183,3398,58024,78536,58023,3193,131221,35493,33090,2759,131567
Aristolochia_fimbriata	158543	158543,12947,16727,16736,232347,1437183,3398,58024,78536,58023,3193,131221,35493,33090,2759,131567
Armadillidium_nasatum	96803	96803,13346,37810,526418,41116,29979,6820,72041,6681,3701029,3701028,197562,197563,6656,88770,1206794,33317,33213,6072,33208,33154,2759,131567
Armadillidium_vulgare	13347	13347,13346,37810,526418,41116,29979,6820,72041,6681,3701029,3701028,197562,197563,6656,88770,1206794,33317,33213,6072,33208,33154,2759,131567
Armillaria_borealis	47425	47425,47424,862241,2982316,5338,452333,155619,5302,5204,451864,4751,33154,2759,131567
Armillaria_fumosa	153910	153910,47424,862241,2982316,5338,452333,155619,5302,5204,451864,4751,33154,2759,131567
Armillaria_luteobubalina	153913	153913,47424,862241,2982316,5338,452333,155619,5302,5204,451864,4751,33154,2759,131567
Armillaria_mellea	47429	47429,47424,862241,2982316,5338,452333,155619,5302,5204,451864,4751,33154,2759,131567
Armillaria_nabsnona	64368	64368,47424,862241,2982316,5338,452333,155619,5302,5204,451864,4751,33154,2759,131567
Armillaria_novae-zelandiae	153914	153914,47424,862241,2982316,5338,452333,155619,5302,5204,451864,4751,33154,2759,131567
Armillaria_novaezelandiae	153914	153914,47424,862241,2982316,5338,452333,155619,5302,5204,451864,4751,33154,2759,131567
Artemia_salina	85549	85549,6660,38009,6659,116556,6658,3701030,3701028,197562,197563,6656,88770,1206794,33317,33213,6072,33208,33154,2759,131567
Arthrobotrys_conoides	74498	74498,13348,47021,189479,189478,147538,716545,4890,451864,4751,33154,2759,131567
Arthrobotrys_entomopaga	321852	321852,13348,47021,189479,189478,147538,716545,4890,451864,4751,33154,2759,131567
Arthrobotrys_flagrans	97331	97331,13348,47021,189479,189478,147538,716545,4890,451864,4751,33154,2759,131567
Arthrobotrys_megalospora	2528406	2528406,13348,47021,189479,189478,147538,716545,4890,451864,4751,33154,2759,131567
Arthrobotrys_musiformis	47236	47236,13348,47021,189479,189478,147538,716545,4890,451864,4751,33154,2759,131567
Arthroderma_uncinatum	74035	74035,63399,34384,33183,451871,147545,716546,147538,716545,4890,451864,4751,33154,2759,131567
Arthromyces_matolae	530044	530044,5450,930979,2982303,5338,452333,155619,5302,5204,451864,4751,33154,2759,131567
Artomyces_pyxidatus	48021	48021,182276,40417,452342,355688,155619,5302,5204,451864,4751,33154,2759,131567
Arxiozyma_heterogenica	278026	278026,36906,4893,4892,4891,147537,716545,4890,451864,4751,33154,2759,131567
Ascaphus_truei	8439	8439,8438,30311,8342,41666,8292,32523,1338369,8287,117571,117570,7776,7742,89593,7711,33511,33213,6072,33208,33154,2759,131567
Asclepias_curassavica	52823	52823,21199,1498477,167488,167484,4056,4055,91888,71274,1437201,91827,71240,1437183,3398,58024,78536,58023,3193,131221,35493,33090,2759,131567
Asclepias_syriaca	48545	48545,21199,1498477,167488,167484,4056,4055,91888,71274,1437201,91827,71240,1437183,3398,58024,78536,58023,3193,131221,35493,33090,2759,131567
Ascobolus_immersus_RN42	1160509	1160509,5191,5190,5189,5185,147549,147538,716545,4890,451864,4751,33154,2759,131567
Ascochyta_clinopodiicola	2249482	2249482,5453,683158,715340,92860,451868,147541,715962,716546,147538,716545,4890,451864,4751,33154,2759,131567
Ascochyta_lentis	205686	205686,5453,683158,715340,92860,451868,147541,715962,716546,147538,716545,4890,451864,4751,33154,2759,131567
Ascochyta_rabiei	5454	5454,5453,683158,715340,92860,451868,147541,715962,716546,147538,716545,4890,451864,4751,33154,2759,131567
Ascodesmis_nigricans	341454	341454,47182,47181,5185,147549,147538,716545,4890,451864,4751,33154,2759,131567
Ascoidea_rubescens_DSM_1968	1344418	1344418,54195,27308,44277,2926619,4891,147537,716545,4890,451864,4751,33154,2759,131567
Ascophyllum_nodosum	52969	52969,52968,3010,3009,2870,569578,2696291,33634,2698737,2759,131567
Ascosphaera_acerosa	51565	51565,5104,5103,33183,451871,147545,716546,147538,716545,4890,451864,4751,33154,2759,131567
Ascosphaera_aggregata	51564	51564,5104,5103,33183,451871,147545,716546,147538,716545,4890,451864,4751,33154,2759,131567
Ascosphaera_apis_ARSEF_7405	392613	392613,5105,5104,5103,33183,451871,147545,716546,147538,716545,4890,451864,4751,33154,2759,131567
Ascosphaera_atra	51567	51567,5104,5103,33183,451871,147545,716546,147538,716545,4890,451864,4751,33154,2759,131567
Ascosphaera_pollenicola	51576	51576,5104,5103,33183,451871,147545,716546,147538,716545,4890,451864,4751,33154,2759,131567
Asellus_aquaticus	92525	92525,92524,63227,525154,63226,29979,6820,72041,6681,3701029,3701028,197562,197563,6656,88770,1206794,33317,33213,6072,33208,33154,2759,131567
Asimina_triloba	12953	12953,12952,1927087,1927081,22140,3400,232347,1437183,3398,58024,78536,58023,3193,131221,35493,33090,2759,131567
Asparagus_officinalis	4686	4686,4685,703533,40552,73496,1437197,4447,1437183,3398,58024,78536,58023,3193,131221,35493,33090,2759,131567
Asparagus_setaceus	272863	272863,4685,703533,40552,73496,1437197,4447,1437183,3398,58024,78536,58023,3193,131221,35493,33090,2759,131567
Aspergillus_aculeatinus_CBS_121060	1448322	1448322,487661,2720871,5052,1131492,5042,451871,147545,716546,147538,716545,4890,451864,4751,33154,2759,131567
Aspergillus_aculeatus_ATCC_16872	690307	690307,5053,2720871,5052,1131492,5042,451871,147545,716546,147538,716545,4890,451864,4751,33154,2759,131567
Aspergillus_affinis	1070780	1070780,2720871,5052,1131492,5042,451871,147545,716546,147538,716545,4890,451864,4751,33154,2759,131567
Aspergillus_alliaceus	209559	209559,2720871,5052,1131492,5042,451871,147545,716546,147538,716545,4890,451864,4751,33154,2759,131567
Aspergillus_ambiguus	176160	176160,2720871,5052,1131492,5042,451871,147545,716546,147538,716545,4890,451864,4751,33154,2759,131567
Aspergillus_arachidicola	656916	656916,2720871,5052,1131492,5042,451871,147545,716546,147538,716545,4890,451864,4751,33154,2759,131567
Aspergillus_aurantiobrunneus	41725	41725,2720870,5052,1131492,5042,451871,147545,716546,147538,716545,4890,451864,4751,33154,2759,131567
Aspergillus_avenaceus	36643	36643,2720871,5052,1131492,5042,451871,147545,716546,147538,716545,4890,451864,4751,33154,2759,131567
Aspergillus_awamori	105351	105351,5052,1131492,5042,451871,147545,716546,147538,716545,4890,451864,4751,33154,2759,131567
Aspergillus_bertholletiae	1226010	1226010,2720871,5052,1131492,5042,451871,147545,716546,147538,716545,4890,451864,4751,33154,2759,131567
Aspergillus_bombycis	109264	109264,5052,1131492,5042,451871,147545,716546,147538,716545,4890,451864,4751,33154,2759,131567
Aspergillus_brasiliensis_CBS_101740	767769	767769,319629,2720871,5052,1131492,5042,451871,147545,716546,147538,716545,4890,451864,4751,33154,2759,131567
Aspergillus_brunneoviolaceus_CBS_621.78	1450534	1450534,1191711,2720871,5052,1131492,5042,451871,147545,716546,147538,716545,4890,451864,4751,33154,2759,131567
Aspergillus_caelatus	61420	61420,2720871,5052,1131492,5042,451871,147545,716546,147538,716545,4890,451864,4751,33154,2759,131567
Aspergillus_calidoustus	454130	454130,2720870,5052,1131492,5042,451871,147545,716546,147538,716545,4890,451864,4751,33154,2759,131567
Aspergillus_californicus	1810905	1810905,2720870,5052,1131492,5042,451871,147545,716546,147538,716545,4890,451864,4751,33154,2759,131567
Aspergillus_campestris_IBT_28561	1392248	1392248,41068,2720871,5052,1131492,5042,451871,147545,716546,147538,716545,4890,451864,4751,33154,2759,131567
Aspergillus_candidus	41067	41067,2720871,5052,1131492,5042,451871,147545,716546,147538,716545,4890,451864,4751,33154,2759,131567
Aspergillus_carbonarius_ITEM_5010	602072	602072,40993,2720871,5052,1131492,5042,451871,147545,716546,147538,716545,4890,451864,4751,33154,2759,131567
Aspergillus_cavernicola	176166	176166,2720870,5052,1131492,5042,451871,147545,716546,147538,716545,4890,451864,4751,33154,2759,131567
Aspergillus_chevalieri	182096	182096,2720874,5052,1131492,5042,451871,147545,716546,147538,716545,4890,451864,4751,33154,2759,131567
Aspergillus_clavatus_NRRL_1	344612	344612,5057,2720872,5052,1131492,5042,451871,147545,716546,147538,716545,4890,451864,4751,33154,2759,131567
Aspergillus_coremiiformis	138285	138285,2720871,5052,1131492,5042,451871,147545,716546,147538,716545,4890,451864,4751,33154,2759,131567
Aspergillus_costaricaensis_CBS_115574	1448317	1448317,319631,2720871,5052,1131492,5042,451871,147545,716546,147538,716545,4890,451864,4751,33154,2759,131567
Aspergillus_crustosus	41757	41757,2720870,5052,1131492,5042,451871,147545,716546,147538,716545,4890,451864,4751,33154,2759,131567
Aspergillus_desertorum	1810909	1810909,2720870,5052,1131492,5042,451871,147545,716546,147538,716545,4890,451864,4751,33154,2759,131567
Aspergillus_destruens	1915368	1915368,2720874,5052,1131492,5042,451871,147545,716546,147538,716545,4890,451864,4751,33154,2759,131567
Aspergillus_egyptiacus	41743	41743,2720870,5052,1131492,5042,451871,147545,716546,147538,716545,4890,451864,4751,33154,2759,131567
Aspergillus_ellipticus_CBS_707.79	1448320	1448320,41066,2720871,5052,1131492,5042,451871,147545,716546,147538,716545,4890,451864,4751,33154,2759,131567
Aspergillus_eucalypticola_CBS_122712	1448314	1448314,1340029,2720871,5052,1131492,5042,451871,147545,716546,147538,716545,4890,451864,4751,33154,2759,131567
Aspergillus_falconensis	1810910	1810910,2720870,5052,1131492,5042,451871,147545,716546,147538,716545,4890,451864,4751,33154,2759,131567
Aspergillus_fijiensis_CBS_313.89	1448319	1448319,1191702,5052,1131492,5042,451871,147545,716546,147538,716545,4890,451864,4751,33154,2759,131567
Aspergillus_filifer	447248	447248,2720870,5052,1131492,5042,451871,147545,716546,147538,716545,4890,451864,4751,33154,2759,131567
Aspergillus_fischeri_NRRL_181	331117	331117,36630,2720872,5052,1131492,5042,451871,147545,716546,147538,716545,4890,451864,4751,33154,2759,131567
Aspergillus_flavus	5059	5059,2720871,5052,1131492,5042,451871,147545,716546,147538,716545,4890,451864,4751,33154,2759,131567
Aspergillus_floccosus	658358	658358,2720871,5052,1131492,5042,451871,147545,716546,147538,716545,4890,451864,4751,33154,2759,131567
Aspergillus_foveolatus	210207	210207,2720870,5052,1131492,5042,451871,147545,716546,147538,716545,4890,451864,4751,33154,2759,131567
Aspergillus_fruticulosus	1250369	1250369,2720870,5052,1131492,5042,451871,147545,716546,147538,716545,4890,451864,4751,33154,2759,131567
Aspergillus_fumigatiaffinis	340414	340414,2720872,5052,1131492,5042,451871,147545,716546,147538,716545,4890,451864,4751,33154,2759,131567
Aspergillus_fumigatus_Af293	330879	330879,746128,2720872,5052,1131492,5042,451871,147545,716546,147538,716545,4890,451864,4751,33154,2759,131567
Aspergillus_germanicus	1506149	1506149,2720870,5052,1131492,5042,451871,147545,716546,147538,716545,4890,451864,4751,33154,2759,131567
Aspergillus_glaucus_CBS_516.65	1160497	1160497,41413,2720874,5052,1131492,5042,451871,147545,716546,147538,716545,4890,451864,4751,33154,2759,131567
Aspergillus_granulosus	176169	176169,2720870,5052,1131492,5042,451871,147545,716546,147538,716545,4890,451864,4751,33154,2759,131567
Aspergillus_hancockii	1873369	1873369,2720871,5052,1131492,5042,451871,147545,716546,147538,716545,4890,451864,4751,33154,2759,131567
Aspergillus_heteromorphus_CBS_117.55	1448321	1448321,51019,2720871,5052,1131492,5042,451871,147545,716546,147538,716545,4890,451864,4751,33154,2759,131567
Aspergillus_heterothallicus	41742	41742,2720870,5052,1131492,5042,451871,147545,716546,147538,716545,4890,451864,4751,33154,2759,131567
Aspergillus_hiratsukae	1194566	1194566,2720872,5052,1131492,5042,451871,147545,716546,147538,716545,4890,451864,4751,33154,2759,131567
Aspergillus_homomorphus_CBS_101889	1450537	1450537,319626,2720871,5052,1131492,5042,451871,147545,716546,147538,716545,4890,451864,4751,33154,2759,131567
Aspergillus_ibericus_CBS_121593	1448316	1448316,301854,2720871,5052,1131492,5042,451871,147545,716546,147538,716545,4890,451864,4751,33154,2759,131567
Aspergillus_indologenus_CBS_114.80	1450541	1450541,1232676,2720871,5052,1131492,5042,451871,147545,716546,147538,716545,4890,451864,4751,33154,2759,131567
Aspergillus_insuetus	469274	469274,2720870,5052,1131492,5042,451871,147545,716546,147538,716545,4890,451864,4751,33154,2759,131567
Aspergillus_japonicus_CBS_114.51	1448312	1448312,34381,2720871,5052,1131492,5042,451871,147545,716546,147538,716545,4890,451864,4751,33154,2759,131567
Aspergillus_karnatakaensis	1810916	1810916,2720870,5052,1131492,5042,451871,147545,716546,147538,716545,4890,451864,4751,33154,2759,131567
Aspergillus_keveii	714993	714993,2720870,5052,1131492,5042,451871,147545,716546,147538,716545,4890,451864,4751,33154,2759,131567
Aspergillus_lentulus	293939	293939,2720872,5052,1131492,5042,451871,147545,716546,147538,716545,4890,451864,4751,33154,2759,131567
Aspergillus_leporis	41062	41062,2720871,5052,1131492,5042,451871,147545,716546,147538,716545,4890,451864,4751,33154,2759,131567
Aspergillus_luchuensis	1069201	1069201,2720871,5052,1131492,5042,451871,147545,716546,147538,716545,4890,451864,4751,33154,2759,131567
Aspergillus_lucknowensis	176173	176173,2720870,5052,1131492,5042,451871,147545,716546,147538,716545,4890,451864,4751,33154,2759,131567
Aspergillus_magnivesiculatus	1915373	1915373,2720874,5052,1131492,5042,451871,147545,716546,147538,716545,4890,451864,4751,33154,2759,131567
Aspergillus_melleus	138277	138277,2720871,5052,1131492,5042,451871,147545,716546,147538,716545,4890,451864,4751,33154,2759,131567
Aspergillus_multicolor	41759	41759,2720870,5052,1131492,5042,451871,147545,716546,147538,716545,4890,451864,4751,33154,2759,131567
Aspergillus_mulundensis	1810919	1810919,2720870,5052,1131492,5042,451871,147545,716546,147538,716545,4890,451864,4751,33154,2759,131567
Aspergillus_nanangensis	2582783	2582783,2720871,5052,1131492,5042,451871,147545,716546,147538,716545,4890,451864,4751,33154,2759,131567
Aspergillus_navahoensis	91484	91484,2720870,5052,1131492,5042,451871,147545,716546,147538,716545,4890,451864,4751,33154,2759,131567
Aspergillus_neoniger_CBS_115656	1448310	1448310,1196635,2720871,5052,1131492,5042,451871,147545,716546,147538,716545,4890,451864,4751,33154,2759,131567
Aspergillus_nidulans_FGSC_A4	227321	227321,162425,2720870,5052,1131492,5042,451871,147545,716546,147538,716545,4890,451864,4751,33154,2759,131567
Aspergillus_niger	5061	5061,2720871,5052,1131492,5042,451871,147545,716546,147538,716545,4890,451864,4751,33154,2759,131567
Aspergillus_nomiae_NRRL_13137	1509407	1509407,41061,2720871,5052,1131492,5042,451871,147545,716546,147538,716545,4890,451864,4751,33154,2759,131567
Aspergillus_novofumigatus_IBT_16806	1392255	1392255,340412,2720872,5052,1131492,5042,451871,147545,716546,147538,716545,4890,451864,4751,33154,2759,131567
Aspergillus_novoparasiticus	986946	986946,2720871,5052,1131492,5042,451871,147545,716546,147538,716545,4890,451864,4751,33154,2759,131567
Aspergillus_ochraceoroseus_IBT_24754	1392256	1392256,138278,2720870,5052,1131492,5042,451871,147545,716546,147538,716545,4890,451864,4751,33154,2759,131567
Aspergillus_oleicola	1250372	1250372,2720870,5052,1131492,5042,451871,147545,716546,147538,716545,4890,451864,4751,33154,2759,131567
Aspergillus_oryzae_RIB40	510516	510516,5062,2720871,5052,1131492,5042,451871,147545,716546,147538,716545,4890,451864,4751,33154,2759,131567
Aspergillus_phoenicis_ATCC_13157	1353007	1353007,5063,5052,1131492,5042,451871,147545,716546,147538,716545,4890,451864,4751,33154,2759,131567
Aspergillus_piperis_CBS_112811	1448313	1448313,319630,2720871,5052,1131492,5042,451871,147545,716546,147538,716545,4890,451864,4751,33154,2759,131567
Aspergillus_proliferans	41414	41414,2720874,5052,1131492,5042,451871,147545,716546,147538,716545,4890,451864,4751,33154,2759,131567
Aspergillus_pseudocaelatus	1825620	1825620,2720871,5052,1131492,5042,451871,147545,716546,147538,716545,4890,451864,4751,33154,2759,131567
Aspergillus_pseudodeflectus	176178	176178,2720870,5052,1131492,5042,451871,147545,716546,147538,716545,4890,451864,4751,33154,2759,131567
Aspergillus_pseudonomiae	1506151	1506151,2720871,5052,1131492,5042,451871,147545,716546,147538,716545,4890,451864,4751,33154,2759,131567
Aspergillus_pseudotamarii	132259	132259,2720871,5052,1131492,5042,451871,147545,716546,147538,716545,4890,451864,4751,33154,2759,131567
Aspergillus_pseudoustus	1810923	1810923,2720870,5052,1131492,5042,451871,147545,716546,147538,716545,4890,451864,4751,33154,2759,131567
Aspergillus_pseudoviridinutans	1517512	1517512,2720872,5052,1131492,5042,451871,147545,716546,147538,716545,4890,451864,4751,33154,2759,131567
Aspergillus_puulaauensis	1220207	1220207,5052,1131492,5042,451871,147545,716546,147538,716545,4890,451864,4751,33154,2759,131567
Aspergillus_rambellii	308745	308745,2720870,5052,1131492,5042,451871,147545,716546,147538,716545,4890,451864,4751,33154,2759,131567
Aspergillus_recurvatus	41761	41761,2720870,5052,1131492,5042,451871,147545,716546,147538,716545,4890,451864,4751,33154,2759,131567
Aspergillus_ruber_CBS_135680	1388766	1388766,396024,2720874,5052,1131492,5042,451871,147545,716546,147538,716545,4890,451864,4751,33154,2759,131567
Aspergillus_saccharolyticus_JOP_1030-1	1450539	1450539,979771,2720871,5052,1131492,5042,451871,147545,716546,147538,716545,4890,451864,4751,33154,2759,131567
Aspergillus_saccharolyticus_JOP_10301	1450539	1450539,979771,2720871,5052,1131492,5042,451871,147545,716546,147538,716545,4890,451864,4751,33154,2759,131567
Aspergillus_sclerotialis	2070753	2070753,2720783,5052,1131492,5042,451871,147545,716546,147538,716545,4890,451864,4751,33154,2759,131567
Aspergillus_sclerotiicarbonarius_CBS_121057	1448318	1448318,487660,2720871,5052,1131492,5042,451871,147545,716546,147538,716545,4890,451864,4751,33154,2759,131567
Aspergillus_sclerotioniger_CBS_115572	1450535	1450535,319627,2720871,5052,1131492,5042,451871,147545,716546,147538,716545,4890,451864,4751,33154,2759,131567
Aspergillus_sergii	1034303	1034303,2720871,5052,1131492,5042,451871,147545,716546,147538,716545,4890,451864,4751,33154,2759,131567
Aspergillus_similis	1810925	1810925,5052,1131492,5042,451871,147545,716546,147538,716545,4890,451864,4751,33154,2759,131567
Aspergillus_spectabilis	41731	41731,2720870,5052,1131492,5042,451871,147545,716546,147538,716545,4890,451864,4751,33154,2759,131567
Aspergillus_stella-maris	1810926	1810926,2720870,5052,1131492,5042,451871,147545,716546,147538,716545,4890,451864,4751,33154,2759,131567
Aspergillus_stellamaris	1810926	1810926,2720870,5052,1131492,5042,451871,147545,716546,147538,716545,4890,451864,4751,33154,2759,131567
Aspergillus_steynii_IBT_23096	1392250	1392250,306088,2720871,5052,1131492,5042,451871,147545,716546,147538,716545,4890,451864,4751,33154,2759,131567
Aspergillus_sydowii_CBS_593.65	1036612	1036612,75750,2720870,5052,1131492,5042,451871,147545,716546,147538,716545,4890,451864,4751,33154,2759,131567
Aspergillus_taichungensis	482145	482145,2720871,5052,1131492,5042,451871,147545,716546,147538,716545,4890,451864,4751,33154,2759,131567
Aspergillus_tanneri	1220188	1220188,2720871,5052,1131492,5042,451871,147545,716546,147538,716545,4890,451864,4751,33154,2759,131567
Aspergillus_terreus_NIH2624	341663	341663,33178,2720871,5052,1131492,5042,451871,147545,716546,147538,716545,4890,451864,4751,33154,2759,131567
Aspergillus_terricola_var._indicus	138288	138288,36642,5052,1131492,5042,451871,147545,716546,147538,716545,4890,451864,4751,33154,2759,131567
Aspergillus_tetrazonus	1883080	1883080,5052,1131492,5042,451871,147545,716546,147538,716545,4890,451864,4751,33154,2759,131567
Aspergillus_thermomutatus	41047	41047,2720872,5052,1131492,5042,451871,147545,716546,147538,716545,4890,451864,4751,33154,2759,131567
Aspergillus_transmontanensis	1034304	1034304,2720871,5052,1131492,5042,451871,147545,716546,147538,716545,4890,451864,4751,33154,2759,131567
Aspergillus_tubingensis	5068	5068,2720871,5052,1131492,5042,451871,147545,716546,147538,716545,4890,451864,4751,33154,2759,131567
Aspergillus_turcosus	1245748	1245748,2720872,5052,1131492,5042,451871,147545,716546,147538,716545,4890,451864,4751,33154,2759,131567
Aspergillus_udagawae	91492	91492,2720872,5052,1131492,5042,451871,147545,716546,147538,716545,4890,451864,4751,33154,2759,131567
Aspergillus_undulatus	1810928	1810928,2720870,5052,1131492,5042,451871,147545,716546,147538,716545,4890,451864,4751,33154,2759,131567
Aspergillus_uvarum_CBS_121591	1448315	1448315,446911,2720871,5052,1131492,5042,451871,147545,716546,147538,716545,4890,451864,4751,33154,2759,131567
Aspergillus_vadensis_CBS_113365	1448311	1448311,288669,2720871,5052,1131492,5042,451871,147545,716546,147538,716545,4890,451864,4751,33154,2759,131567
Aspergillus_varians	176181	176181,2720870,5052,1131492,5042,451871,147545,716546,147538,716545,4890,451864,4751,33154,2759,131567
Aspergillus_venezuelensis	1810929	1810929,2720870,5052,1131492,5042,451871,147545,716546,147538,716545,4890,451864,4751,33154,2759,131567
Aspergillus_versicolor_CBS_583.65	1036611	1036611,46472,2720870,5052,1131492,5042,451871,147545,716546,147538,716545,4890,451864,4751,33154,2759,131567
Aspergillus_violaceofuscus_CBS_115571	1450538	1450538,657443,5052,1131492,5042,451871,147545,716546,147538,716545,4890,451864,4751,33154,2759,131567
Aspergillus_viridinutans	75553	75553,2720872,5052,1131492,5042,451871,147545,716546,147538,716545,4890,451864,4751,33154,2759,131567
Aspergillus_vitricola	469283	469283,2720874,5052,1131492,5042,451871,147545,716546,147538,716545,4890,451864,4751,33154,2759,131567
Aspergillus_welwitschiae	1341132	1341132,2720871,5052,1131492,5042,451871,147545,716546,147538,716545,4890,451864,4751,33154,2759,131567
Aspergillus_wentii_DTO_134E9	1073089	1073089,5066,2720873,5052,1131492,5042,451871,147545,716546,147538,716545,4890,451864,4751,33154,2759,131567
Astacus_astacus	6715	6715,6714,6713,6724,6712,6692,6683,3701045,72041,6681,3701029,3701028,197562,197563,6656,88770,1206794,33317,33213,6072,33208,33154,2759,131567
Astathelohania_contejeani	164912	164912,2932330,2932329,6036,6029,112252,4751,33154,2759,131567
Asterias_rubens	7604	7604,7601,7600,7599,41242,7588,7587,133551,7586,33511,33213,6072,33208,33154,2759,131567
Asterophora_parasitica	117018	117018,80618,930979,2982303,5338,452333,155619,5302,5204,451864,4751,33154,2759,131567
Astraeus_odoratus	265491	265491,150781,150780,227327,68889,452333,155619,5302,5204,451864,4751,33154,2759,131567
Astrephomene_gubernaculifera	47775	47775,47772,48501,3042,2812636,3166,2692248,3041,33090,2759,131567
Astrocystis_sublimbata	743114	743114,190942,37990,37989,222545,147550,715989,716546,147538,716545,4890,451864,4751,33154,2759,131567
Astyanax_mexicanus	7994	7994,7993,3391113,3391093,1489739,7991,186628,186626,32519,186634,186625,1489341,32443,41665,186623,7898,117571,117570,7776,7742,89593,7711,33511,33213,6072,33208,33154,2759,131567
Atelura_formicaria	459531	459531,459530,3738409,85509,30264,85512,50557,6960,3701030,3701028,197562,197563,6656,88770,1206794,33317,33213,6072,33208,33154,2759,131567
Athelia_psychrophila	1759441	1759441,5309,80628,452334,452333,155619,5302,5204,451864,4751,33154,2759,131567
Atractiella_rhizophila	1938712	1938712,5228,34421,34420,432002,29000,5204,451864,4751,33154,2759,131567
Atractosteus_spatula	7917	7917,512340,7915,7914,1489100,41665,186623,7898,117571,117570,7776,7742,89593,7711,33511,33213,6072,33208,33154,2759,131567
Atropa_belladonna	33113	33113,24609,424566,424551,4070,4069,91888,71274,1437201,91827,71240,1437183,3398,58024,78536,58023,3193,131221,35493,33090,2759,131567
Aulacomnium_turgidum	67248	67248,67246,67245,760214,404297,114658,3214,404260,3208,3193,131221,35493,33090,2759,131567
Aulodrilus_japonicus	2020002	2020002,76584,1780203,2109251,6383,2937015,6381,42113,6340,1206795,2697495,33317,33213,6072,33208,33154,2759,131567
Aulographum_hederae_CBS_113979	1176131	1176131,1176130,1176129,281109,2706121,451868,147541,715962,716546,147538,716545,4890,451864,4751,33154,2759,131567
Aureobasidium_aubasidani	3424008	3424008,5579,1570301,5014,451867,147541,715962,716546,147538,716545,4890,451864,4751,33154,2759,131567
Aureobasidium_melanogenum_CBS_110374	1043003	1043003,46634,5579,1570301,5014,451867,147541,715962,716546,147538,716545,4890,451864,4751,33154,2759,131567
Aureobasidium_mustum	2773714	2773714,5579,1570301,5014,451867,147541,715962,716546,147538,716545,4890,451864,4751,33154,2759,131567
Aureobasidium_namibiae_CBS_147.97	1043004	1043004,559561,5579,1570301,5014,451867,147541,715962,716546,147538,716545,4890,451864,4751,33154,2759,131567
Aureobasidium_pullulans_EXF-150	1043002	1043002,5580,5579,1570301,5014,451867,147541,715962,716546,147538,716545,4890,451864,4751,33154,2759,131567
Aureobasidium_pullulans_EXF150	1043002	1043002,5580,5579,1570301,5014,451867,147541,715962,716546,147538,716545,4890,451864,4751,33154,2759,131567
Aureobasidium_subglaciale_EXF-2481	1043005	1043005,1042127,5579,1570301,5014,451867,147541,715962,716546,147538,716545,4890,451864,4751,33154,2759,131567
Aureobasidium_subglaciale_EXF2481	1043005	1043005,1042127,5579,1570301,5014,451867,147541,715962,716546,147538,716545,4890,451864,4751,33154,2759,131567
Aureobasidium_uvarum	2773716	2773716,5579,1570301,5014,451867,147541,715962,716546,147538,716545,4890,451864,4751,33154,2759,131567
Aureobasidium_vineae	2773715	2773715,5579,1570301,5014,451867,147541,715962,716546,147538,716545,4890,451864,4751,33154,2759,131567
Aureococcus_anophagefferens	44056	44056,44055,3235057,54409,35675,2696291,33634,2698737,2759,131567
Australozyma_monospora	3459182	3459182,3300567,27319,2916678,3239874,147537,716545,4890,451864,4751,33154,2759,131567
Australozyma_saopauloensis	291208	291208,3300567,27319,2916678,3239874,147537,716545,4890,451864,4751,33154,2759,131567
Auxenochlorella_protothecoides	3075	3075,191392,35461,35460,75966,2692248,3041,33090,2759,131567
Auxenochlorella_protothecoides_x_Auxenochlorella_symbiontica	3385098	3385098,191392,35461,35460,75966,2692248,3041,33090,2759,131567
Babesia_bigemina	5866	5866,5864,32594,5863,422676,5794,33630,2698737,2759,131567
Babesia_bovis_T2Bo	484906	484906,5865,5864,32594,5863,422676,5794,33630,2698737,2759,131567
Babesia_caballi	5871	5871,5864,32594,5863,422676,5794,33630,2698737,2759,131567
Babesia_duncani	323732	323732,5864,32594,5863,422676,5794,33630,2698737,2759,131567
Babesia_microti_strain_RI	1133968	1133968,5868,5864,32594,5863,422676,5794,33630,2698737,2759,131567
Babesia_ovata	189622	189622,5864,32594,5863,422676,5794,33630,2698737,2759,131567
Babjeviella_inositovora_NRRL_Y-12698	984486	984486,45609,766748,2925792,2916678,3239874,147537,716545,4890,451864,4751,33154,2759,131567
Babjeviella_inositovora_NRRL_Y12698	984486	984486,45609,766748,2925792,2916678,3239874,147537,716545,4890,451864,4751,33154,2759,131567
Bacidia_gigantensis	2732470	2732470,93111,56478,157822,5197,388435,1520881,147547,716546,147538,716545,4890,451864,4751,33154,2759,131567
Backusella_circina_FSU_941	1314798	1314798,64653,64649,1344953,1344963,4827,2212703,451507,1913637,112252,4751,33154,2759,131567
Baculentulus_morikawai	1314696	1314696,165475,79728,79724,29999,6960,3701030,3701028,197562,197563,6656,88770,1206794,33317,33213,6072,33208,33154,2759,131567
Baetis_sp._AD-2013	1476881	1476881,2645886,189838,172515,185809,30073,33339,7496,85512,50557,6960,3701030,3701028,197562,197563,6656,88770,1206794,33317,33213,6072,33208,33154,2759,131567
Baffinella_frigidus	2571260	2571260,2571259,2571258,589350,3027,2759,131567
Bambusa_tulda	292582	292582,4581,1648004,147376,1648035,147366,359160,4479,38820,4734,1437197,4447,1437183,3398,58024,78536,58023,3193,131221,35493,33090,2759,131567
Bangiopsis_sp_CCMP1999	2713495	2713495,2638089,139979,446133,282338,446134,2763,2759,131567
Barentsia_gracilis	232741	232741,43125,43124,43120,1206795,2697495,33317,33213,6072,33208,33154,2759,131567
Barroeca_monosierra	2830476	2830476,2977123,81529,1924738,28009,33154,2759,131567
Baseodiscus_unicolor	547255	547255,326996,416813,6219,6218,6217,1206795,2697495,33317,33213,6072,33208,33154,2759,131567
Basidioascus_undulatus	1230402	1230402,1230397,1339694,1339693,1708517,2204096,5204,451864,4751,33154,2759,131567
Basidiobolus_meristosporus_CBS_931.73	1314790	1314790,423460,4859,4858,1264872,1399768,3705297,112252,4751,33154,2759,131567
Basidiobolus_ranarum	34480	34480,4859,4858,1264872,1399768,3705297,112252,4751,33154,2759,131567
Bathelium_mastoideum	2939407	2939407,364651,271822,714581,159987,147541,715962,716546,147538,716545,4890,451864,4751,33154,2759,131567
Bathycallisoma_schellenbergi	228744	228744,228743,134545,44330,2692351,2692343,2692238,6821,6820,72041,6681,3701029,3701028,197562,197563,6656,88770,1206794,33317,33213,6072,33208,33154,2759,131567
Bathycoccus_prasinos	41875	41875,41874,1525212,13792,1035538,3041,33090,2759,131567
Bathydrilus_sp._DSW-2020	2705229	2705229,2705228,132488,1780201,2109251,6383,2937015,6381,42113,6340,1206795,2697495,33317,33213,6072,33208,33154,2759,131567
Bathymodiolus/Gigantidas_platifrons	2830794	2830794,273758,117558,3703731,106220,6546,6545,2785011,6544,6447,1206795,2697495,33317,33213,6072,33208,33154,2759,131567
Bathynomus_jamesi	1955234	1955234,192961,96838,3834645,330540,29979,6820,72041,6681,3701029,3701028,197562,197563,6656,88770,1206794,33317,33213,6072,33208,33154,2759,131567
Batillaria_attramentaria	370345	370345,75120,145542,69597,216291,69555,6448,6447,1206795,2697495,33317,33213,6072,33208,33154,2759,131567
Batrachochytrium_dendrobatidis_JAM81	684364	684364,109871,100474,1142503,451442,451435,3705883,4761,3705317,112252,4751,33154,2759,131567
Batrachochytrium_salamandrivorans	1357716	1357716,100474,1142503,451442,451435,3705883,4761,3705317,112252,4751,33154,2759,131567
Batrachuperus_yenyuanensis	156990	156990,156986,30366,30364,8293,41666,8292,32523,1338369,8287,117571,117570,7776,7742,89593,7711,33511,33213,6072,33208,33154,2759,131567
Baudoinia_panamericana_UAMH_10762	717646	717646,1709381,483074,668547,2726947,451867,147541,715962,716546,147538,716545,4890,451864,4751,33154,2759,131567
Bauhinia_variegata	167791	167791,3805,2115957,163092,1978181,3803,72025,91835,71275,1437201,91827,71240,1437183,3398,58024,78536,58023,3193,131221,35493,33090,2759,131567
Bayerotrochus_midas	702825	702825,336500,55844,216280,2315725,216275,6448,6447,1206795,2697495,33317,33213,6072,33208,33154,2759,131567
Beauveria_asiatica	1069075	1069075,5581,474943,5125,222543,147550,715989,716546,147538,716545,4890,451864,4751,33154,2759,131567
Beauveria_bassiana_ARSEF_2860	655819	655819,176275,5581,474943,5125,222543,147550,715989,716546,147538,716545,4890,451864,4751,33154,2759,131567
Beauveria_gryllotalpidicola	2684613	2684613,5581,474943,5125,222543,147550,715989,716546,147538,716545,4890,451864,4751,33154,2759,131567
Beauveria_mimosiformis	2857482	2857482,5581,474943,5125,222543,147550,715989,716546,147538,716545,4890,451864,4751,33154,2759,131567
Beauveria_namnaoensis	2857483	2857483,5581,474943,5125,222543,147550,715989,716546,147538,716545,4890,451864,4751,33154,2759,131567
Beauveria_neobassiana	2857484	2857484,5581,474943,5125,222543,147550,715989,716546,147538,716545,4890,451864,4751,33154,2759,131567
Beauveria_thailandica	2857485	2857485,5581,474943,5125,222543,147550,715989,716546,147538,716545,4890,451864,4751,33154,2759,131567
Benincasa_hispida	102211	102211,102210,1003877,3650,71239,91835,71275,1437201,91827,71240,1437183,3398,58024,78536,58023,3193,131221,35493,33090,2759,131567
Benjaminiella_poitrasii	64631	64631,64628,34489,1344963,4827,2212703,451507,1913637,112252,4751,33154,2759,131567
Berkeleyomyces_rouxiae	2035830	2035830,2174073,1028423,5592,222543,147550,715989,716546,147538,716545,4890,451864,4751,33154,2759,131567
Bertholletia_excelsa	3645	3645,3644,3642,41945,71274,1437201,91827,71240,1437183,3398,58024,78536,58023,3193,131221,35493,33090,2759,131567
Besnoitia_besnoiti	94643	94643,94642,5809,423054,75739,5796,1280412,5794,33630,2698737,2759,131567
Beta_vulgaris	3555	3555,161934,3554,1804621,3563,3524,1437201,91827,71240,1437183,3398,58024,78536,58023,3193,131221,35493,33090,2759,131567
Betta_splendens	158456	158456,158455,158449,270602,50370,1489900,1489892,1489872,123369,123368,123367,123366,123365,1489388,186625,1489341,32443,41665,186623,7898,117571,117570,7776,7742,89593,7711,33511,33213,6072,33208,33154,2759,131567
Biancaea_sappan	483143	483143,1904978,163090,3804,3803,72025,91835,71275,1437201,91827,71240,1437183,3398,58024,78536,58023,3193,131221,35493,33090,2759,131567
Bicosta_minor	1864616	1864616,1864601,81529,1924738,28009,33154,2759,131567
Bidens_hawaiensis	980011	980011,42336,219134,911341,102804,4210,4209,91882,71274,1437201,91827,71240,1437183,3398,58024,78536,58023,3193,131221,35493,33090,2759,131567
Bienertia_sinuspersici	338654	338654,224141,1804622,3563,3524,1437201,91827,71240,1437183,3398,58024,78536,58023,3193,131221,35493,33090,2759,131567
Bifiguratus_adelaidae	1938954	1938954,2026842,2052803,4869,2212702,451507,1913637,112252,4751,33154,2759,131567
Bimuria_novae-zelandiae_CBS_107.79	1447943	1447943,147497,147496,221678,1255046,92860,451868,147541,715962,716546,147538,716545,4890,451864,4751,33154,2759,131567
Bimuria_novaezelandiae_CBS_107.79	1447943	1447943,147497,147496,221678,1255046,92860,451868,147541,715962,716546,147538,716545,4890,451864,4751,33154,2759,131567
Binucleata_daphniae	478975	478975,570443,469895,6029,112252,4751,33154,2759,131567
Biomphalaria_glabrata	6526	6526,6525,6524,216441,977779,977775,216307,216305,6448,6447,1206795,2697495,33317,33213,6072,33208,33154,2759,131567
Bipalium_kewense	66750	66750,51989,51988,52317,1292253,1292243,6159,147100,6157,1206795,2697495,33317,33213,6072,33208,33154,2759,131567
Bipolaris_maydis	5016	5016,33194,28556,715340,92860,451868,147541,715962,716546,147538,716545,4890,451864,4751,33154,2759,131567
Bipolaris_oryzae_ATCC_44560	930090	930090,101162,33194,28556,715340,92860,451868,147541,715962,716546,147538,716545,4890,451864,4751,33154,2759,131567
Bipolaris_sorokiniana_ND90Pr	665912	665912,45130,33194,28556,715340,92860,451868,147541,715962,716546,147538,716545,4890,451864,4751,33154,2759,131567
Bipolaris_victoriae_FI3	930091	930091,40125,33194,28556,715340,92860,451868,147541,715962,716546,147538,716545,4890,451864,4751,33154,2759,131567
Bipolaris_zeicola_26-R-13	930089	930089,5017,33194,28556,715340,92860,451868,147541,715962,716546,147538,716545,4890,451864,4751,33154,2759,131567
Bipolaris_zeicola_26R13	930089	930089,5017,33194,28556,715340,92860,451868,147541,715962,716546,147538,716545,4890,451864,4751,33154,2759,131567
Birgus_latro	177283	177283,177282,177219,6744,6738,6692,6683,3701045,72041,6681,3701029,3701028,197562,197563,6656,88770,1206794,33317,33213,6072,33208,33154,2759,131567
Biscogniauxia_marginata	110534	110534,97376,37990,37989,222545,147550,715989,716546,147538,716545,4890,451864,4751,33154,2759,131567
Bithynia_siamensis_goniomphalos	479249	3245987,6477,6476,1345656,216294,69555,6448,6447,1206795,2697495,33317,33213,6072,33208,33154,2759,131567
Blaberus_atropos	36942	36942,6980,76893,6979,1049656,85823,6970,33341,33340,7496,85512,50557,6960,3701030,3701028,197562,197563,6656,88770,1206794,33317,33213,6072,33208,33154,2759,131567
Blakeslea_trispora	4850	4850,4849,1344962,101094,1344963,4827,2212703,451507,1913637,112252,4751,33154,2759,131567
Blastenia_crenularia	1301208	1301208,1300026,1301213,88646,1302176,107465,388435,1520881,147547,716546,147538,716545,4890,451864,4751,33154,2759,131567
Blastocladiella_britannica	64508	64508,4807,4806,4805,451460,451459,112252,4751,33154,2759,131567
Blastocladiella_emersonii_ATCC_22665	1313167	1313167,4808,4807,4806,4805,451460,451459,112252,4751,33154,2759,131567
Blastocystis_hominis	12968	12968,12967,2547934,42740,2683629,2683628,33634,2698737,2759,131567
Blastomyces_dermatitidis_ER-3	559297	559297,5039,229219,299071,33183,451871,147545,716546,147538,716545,4890,451864,4751,33154,2759,131567
Blastomyces_dermatitidis_ER3	559297	559297,5039,229219,299071,33183,451871,147545,716546,147538,716545,4890,451864,4751,33154,2759,131567
Blastomyces_gilchristii_SLH14081	559298	559298,1681229,229219,299071,33183,451871,147545,716546,147538,716545,4890,451864,4751,33154,2759,131567
Blastomyces_parvus	2060905	2060905,229219,299071,33183,451871,147545,716546,147538,716545,4890,451864,4751,33154,2759,131567
Blastomyces_silverae	2060906	2060906,229219,299071,33183,451871,147545,716546,147538,716545,4890,451864,4751,33154,2759,131567
Blastosporella_zonata	530045	530045,530098,930979,2982303,5338,452333,155619,5302,5204,451864,4751,33154,2759,131567
Blattella_germanica	6973	6973,6972,3046527,1049656,85823,6970,33341,33340,7496,85512,50557,6960,3701030,3701028,197562,197563,6656,88770,1206794,33317,33213,6072,33208,33154,2759,131567
Blepharisma_stoltei	1481888	1481888,5959,219171,5957,194287,431837,5878,33630,2698737,2759,131567
Blomia_tropicalis	40697	40697,40696,41303,66561,6951,83137,6946,6933,6854,6843,6656,88770,1206794,33317,33213,6072,33208,33154,2759,131567
Blumeria_graminis_f._sp._triticale	1689686	1689686,34373,34372,34371,5178,147548,715989,716546,147538,716545,4890,451864,4751,33154,2759,131567
Blyttiomyces_helicus	388810	388810,388809,254789,451435,3705883,4761,3705317,112252,4751,33154,2759,131567
Boccardia_wellingtonensis	2584083	2584083,573192,46599,46589,105391,105389,6341,6340,1206795,2697495,33317,33213,6072,33208,33154,2759,131567
Bochica_withi	2590525	2590525,2632182,2590524,2590523,83165,51799,6854,6843,6656,88770,1206794,33317,33213,6072,33208,33154,2759,131567
Boeremia_exigua	749465	749465,749461,683158,715340,92860,451868,147541,715962,716546,147538,716545,4890,451864,4751,33154,2759,131567
Bogoriella_megaspora	2939406	2939406,1929901,271822,714581,159987,147541,715962,716546,147538,716545,4890,451864,4751,33154,2759,131567
Boleophthalmus_pectinirostris	150288	150288,150287,497678,8220,8219,1489878,1489875,1489872,123369,123368,123367,123366,123365,1489388,186625,1489341,32443,41665,186623,7898,117571,117570,7776,7742,89593,7711,33511,33213,6072,33208,33154,2759,131567
Boletus_coccyginus	1758874	1758874,5369,1487592,5368,227330,68889,452333,155619,5302,5204,451864,4751,33154,2759,131567
Boletus_reticuloceps	495285	495285,5369,1487592,5368,227330,68889,452333,155619,5302,5204,451864,4751,33154,2759,131567
Bombardia_bombarda	252184	252184,252183,42302,5139,222544,147550,715989,716546,147538,716545,4890,451864,4751,33154,2759,131567
Bombina_bombina	8345	8345,8344,30312,8342,41666,8292,32523,1338369,8287,117571,117570,7776,7742,89593,7711,33511,33213,6072,33208,33154,2759,131567
Bombyx_mori	7091	7091,7090,475327,7089,37569,104431,37567,41197,41196,41191,7088,85604,3701063,3701062,33392,3701061,33340,7496,85512,50557,6960,3701030,3701028,197562,197563,6656,88770,1206794,33317,33213,6072,33208,33154,2759,131567
Bonamia_ostreae	126728	126728,126727,31294,31291,1871466,2604748,543769,2698737,2759,131567
Bondarzewia_mesenterica	1095465	1095465,40421,40420,452342,355688,155619,5302,5204,451864,4751,33154,2759,131567
Bonia_amplexicaulis	338503	338503,862980,1648004,147376,1648035,147366,359160,4479,38820,4734,1437197,4447,1437183,3398,58024,78536,58023,3193,131221,35493,33090,2759,131567
Boothiomyces_macroporosus	261099	261099,451452,451451,451442,451435,3705883,4761,3705317,112252,4751,33154,2759,131567
Borealophlyctis_nickersoniae	2735257	2735257,1396506,1396500,642610,451435,3705883,4761,3705317,112252,4751,33154,2759,131567
Boreus_hyemalis	185833	185833,48911,48910,27420,3701063,3701062,33392,3701061,33340,7496,85512,50557,6960,3701030,3701028,197562,197563,6656,88770,1206794,33317,33213,6072,33208,33154,2759,131567
Bostrychus_sinensis	86224	86224,86223,497704,86197,1489880,1489878,1489875,1489872,123369,123368,123367,123366,123365,1489388,186625,1489341,32443,41665,186623,7898,117571,117570,7776,7742,89593,7711,33511,33213,6072,33208,33154,2759,131567
Bothrioneurum_vejdovskyanum	188204	188204,188203,1780202,2109251,6383,2937015,6381,42113,6340,1206795,2697495,33317,33213,6072,33208,33154,2759,131567
Bothrioplana_semperi	79787	79787,79786,79785,166125,147100,6157,1206795,2697495,33317,33213,6072,33208,33154,2759,131567
Botryobasidium_botryosum_FD-172_SS1	930990	930990,264124,68793,68792,36064,355688,155619,5302,5204,451864,4751,33154,2759,131567
Botryobasidium_botryosum_FD172_SS1	930990	930990,264124,68793,68792,36064,355688,155619,5302,5204,451864,4751,33154,2759,131567
Botryosphaeria_dothidea	55169	55169,45132,45131,451869,159987,147541,715962,716546,147538,716545,4890,451864,4751,33154,2759,131567
Botryotinia_calthae	38488	38488,40558,28983,5178,147548,715989,716546,147538,716545,4890,451864,4751,33154,2759,131567
Botryotinia_convoluta	54673	54673,40558,28983,5178,147548,715989,716546,147538,716545,4890,451864,4751,33154,2759,131567
Botryotinia_globosa	278942	278942,40558,28983,5178,147548,715989,716546,147538,716545,4890,451864,4751,33154,2759,131567
Botryotinia_narcissicola	278944	278944,40558,28983,5178,147548,715989,716546,147538,716545,4890,451864,4751,33154,2759,131567
Botrytis_aclada	139639	139639,33196,28983,5178,147548,715989,716546,147538,716545,4890,451864,4751,33154,2759,131567
Botrytis_byssoidea	139641	139641,33196,28983,5178,147548,715989,716546,147538,716545,4890,451864,4751,33154,2759,131567
Botrytis_cinerea_B05.10	332648	332648,40559,33196,28983,5178,147548,715989,716546,147538,716545,4890,451864,4751,33154,2759,131567
Botrytis_deweyae	2478750	2478750,33196,28983,5178,147548,715989,716546,147538,716545,4890,451864,4751,33154,2759,131567
Botrytis_fragariae	1964551	1964551,33196,28983,5178,147548,715989,716546,147538,716545,4890,451864,4751,33154,2759,131567
Botrytis_galanthina	278940	278940,33196,28983,5178,147548,715989,716546,147538,716545,4890,451864,4751,33154,2759,131567
Botrytis_hyacinthi	278943	278943,33196,28983,5178,147548,715989,716546,147538,716545,4890,451864,4751,33154,2759,131567
Botrytis_paeoniae	278948	278948,33196,28983,5178,147548,715989,716546,147538,716545,4890,451864,4751,33154,2759,131567
Botrytis_porri	87229	87229,33196,28983,5178,147548,715989,716546,147538,716545,4890,451864,4751,33154,2759,131567
Botrytis_sinoallii	1463999	1463999,33196,28983,5178,147548,715989,716546,147538,716545,4890,451864,4751,33154,2759,131567
Botrytis_tulipae	87230	87230,33196,28983,5178,147548,715989,716546,147538,716545,4890,451864,4751,33154,2759,131567
Brachionus_plicatilis	10195	10195,10194,10193,84394,1709201,10191,2816136,10190,2697496,2697495,33317,33213,6072,33208,33154,2759,131567
Brachycephalus_rotenbergae	2731235	2731235,164301,164300,8417,8416,8342,41666,8292,32523,1338369,8287,117571,117570,7776,7742,89593,7711,33511,33213,6072,33208,33154,2759,131567
Brachycybe_lecontii	1176341	1176341,1008119,118642,118489,118561,7553,61985,197563,6656,88770,1206794,33317,33213,6072,33208,33154,2759,131567
Brachypodium_distachyon	15368	15368,15367,147385,2822797,147368,359160,4479,38820,4734,1437197,4447,1437183,3398,58024,78536,58023,3193,131221,35493,33090,2759,131567
Bradybaena_similaris	145626	145626,145625,2936376,83226,87864,216366,6527,120490,977775,216307,216305,6448,6447,1206795,2697495,33317,33213,6072,33208,33154,2759,131567
Bradysia_coprophila	38358	38358,35571,7184,41830,43784,7148,7147,3701063,3701062,33392,3701061,33340,7496,85512,50557,6960,3701030,3701028,197562,197563,6656,88770,1206794,33317,33213,6072,33208,33154,2759,131567
Branchinecta_lindahli	91573	91573,37893,37892,6659,116556,6658,3701030,3701028,197562,197563,6656,88770,1206794,33317,33213,6072,33208,33154,2759,131567
Branchiostoma_belcheri	7741	7741,7737,7736,2682553,2682552,7735,7711,33511,33213,6072,33208,33154,2759,131567
Branchiostoma_floridae	7739	7739,7737,7736,2682553,2682552,7735,7711,33511,33213,6072,33208,33154,2759,131567
Branchiostoma_lanceolatum	7740	7740,7737,7736,2682553,2682552,7735,7711,33511,33213,6072,33208,33154,2759,131567
Brassica_carinata	52824	52824,3705,981071,3700,3699,91836,71275,1437201,91827,71240,1437183,3398,58024,78536,58023,3193,131221,35493,33090,2759,131567
Brassica_cretica	69181	69181,3705,981071,3700,3699,91836,71275,1437201,91827,71240,1437183,3398,58024,78536,58023,3193,131221,35493,33090,2759,131567
Brassica_napus	3708	3708,3705,981071,3700,3699,91836,71275,1437201,91827,71240,1437183,3398,58024,78536,58023,3193,131221,35493,33090,2759,131567
Brassica_oleracea	109376	109376,3712,3705,981071,3700,3699,91836,71275,1437201,91827,71240,1437183,3398,58024,78536,58023,3193,131221,35493,33090,2759,131567
Brassica_rapa	3711	3711,3705,981071,3700,3699,91836,71275,1437201,91827,71240,1437183,3398,58024,78536,58023,3193,131221,35493,33090,2759,131567
Bremia_lactucae	4779	4779,4778,4777,4776,3418804,4762,33634,2698737,2759,131567
Brettanomyces_bruxellensis	5007	5007,13366,1156497,3243775,3239874,147537,716545,4890,451864,4751,33154,2759,131567
Brettanomyces_nanus	13502	13502,13366,1156497,3243775,3239874,147537,716545,4890,451864,4751,33154,2759,131567
Brigantiaea_leucoxantha	1145299	1145299,1145298,388951,1302178,107465,388435,1520881,147547,716546,147538,716545,4890,451864,4751,33154,2759,131567
Brotheas_granulatus	311986	311986,259499,259495,259492,259485,100977,70337,259439,6855,6854,6843,6656,88770,1206794,33317,33213,6072,33208,33154,2759,131567
Buddleja_alternifolia	168488	168488,26473,216806,4149,4143,91888,71274,1437201,91827,71240,1437183,3398,58024,78536,58023,3193,131221,35493,33090,2759,131567
Bufo_gargarizans	30331	30331,3464755,8383,8382,8417,8416,8342,41666,8292,32523,1338369,8287,117571,117570,7776,7742,89593,7711,33511,33213,6072,33208,33154,2759,131567
Bugula_neritina	10212	10212,10211,10210,193209,558764,10207,10206,10205,1206795,2697495,33317,33213,6072,33208,33154,2759,131567
Bursaphelenchus_okinawaensis	465554	465554,6324,33823,120862,33283,6300,6236,119089,6231,1206794,33317,33213,6072,33208,33154,2759,131567
Butyriboletus_roseoflavus	1325616	1325616,1524449,1487592,5368,227330,68889,452333,155619,5302,5204,451864,4751,33154,2759,131567
Byssothecium_circinans	147558	147558,147557,290882,1255046,92860,451868,147541,715962,716546,147538,716545,4890,451864,4751,33154,2759,131567
Cacodemonius_sp._MCZ_144363	2590505	2590505,2628795,535157,535152,51800,51799,6854,6843,6656,88770,1206794,33317,33213,6072,33208,33154,2759,131567
Cadophora_gregata	51156	51156,210567,2316155,5178,147548,715989,716546,147538,716545,4890,451864,4751,33154,2759,131567
Cadophora_malorum	108018	108018,210567,2316155,5178,147548,715989,716546,147538,716545,4890,451864,4751,33154,2759,131567
Caenoplana_variegata	1520502	1520502,69518,1336591,52317,1292253,1292243,6159,147100,6157,1206795,2697495,33317,33213,6072,33208,33154,2759,131567
Caenorhabditis_elegans	6239	6239,6237,55885,6243,55879,2301119,2301116,6236,119089,6231,1206794,33317,33213,6072,33208,33154,2759,131567
Caeruleum_heppii	2939410	2939410,2939409,2302851,716546,147538,716545,4890,451864,4751,33154,2759,131567
Cafeteria_roenbergensis	33653	33653,33652,238884,33651,2683629,2683628,33634,2698737,2759,131567
Cajanus_cajan	3821	3821,3820,163735,2233855,2231382,2231393,3814,3803,72025,91835,71275,1437201,91827,71240,1437183,3398,58024,78536,58023,3193,131221,35493,33090,2759,131567
Calanus_finmarchicus	6837	6837,6836,6835,6833,116570,116569,6830,3701030,3701028,197562,197563,6656,88770,1206794,33317,33213,6072,33208,33154,2759,131567
Calcarisporiella_thermophila	911321	911321,937848,2219782,2219781,3705882,3705881,3705880,112252,4751,33154,2759,131567
Caliphylla_sp.4	749954	749954,1522361,216320,71490,977775,216307,216305,6448,6447,1206795,2697495,33317,33213,6072,33208,33154,2759,131567
Calliarthron_tuberculosum	48942	48942,48940,48611,31396,31395,1443949,2806,2763,2759,131567
Callorhinchus_milii	7868	7868,7866,7865,7864,7863,7777,7776,7742,89593,7711,33511,33213,6072,33208,33154,2759,131567
Calocera_cornea_HHB12733	1353952	1353952,29889,29888,5254,28997,452332,5302,5204,451864,4751,33154,2759,131567
Calocera_viscosa_TUFC12733	1330018	1330018,63146,29888,5254,28997,452332,5302,5204,451864,4751,33154,2759,131567
Caloplaca_aegaea	520571	520571,111586,1301213,88646,1302176,107465,388435,1520881,147547,716546,147538,716545,4890,451864,4751,33154,2759,131567
Caloplaca_aetnensis	520572	520572,111586,1301213,88646,1302176,107465,388435,1520881,147547,716546,147538,716545,4890,451864,4751,33154,2759,131567
Caloplaca_ligustica	2905937	2905937,111586,1301213,88646,1302176,107465,388435,1520881,147547,716546,147538,716545,4890,451864,4751,33154,2759,131567
Calycina_marina	1763456	1763456,186310,2488219,5178,147548,715989,716546,147538,716545,4890,451864,4751,33154,2759,131567
Calypogeia_fissa	362796	362796,41851,41850,3200,3199,186782,186771,3195,3193,131221,35493,33090,2759,131567
Camelina_sativa	90675	90675,71323,980083,3700,3699,91836,71275,1437201,91827,71240,1437183,3398,58024,78536,58023,3193,131221,35493,33090,2759,131567
Camellia_fascicularis	147913	147913,4441,27065,41945,71274,1437201,91827,71240,1437183,3398,58024,78536,58023,3193,131221,35493,33090,2759,131567
Camellia_lanceoleosa	1840588	1840588,4441,27065,41945,71274,1437201,91827,71240,1437183,3398,58024,78536,58023,3193,131221,35493,33090,2759,131567
Camellia_sinensis	542762	542762,4442,4441,27065,41945,71274,1437201,91827,71240,1437183,3398,58024,78536,58023,3193,131221,35493,33090,2759,131567
Camellia_sinensis_var._sinensis	542762	542762,4442,4441,27065,41945,71274,1437201,91827,71240,1437183,3398,58024,78536,58023,3193,131221,35493,33090,2759,131567
Camillea_tinctor	110548	110548,109369,37990,37989,222545,147550,715989,716546,147538,716545,4890,451864,4751,33154,2759,131567
Campyloderes_vanhoeffeni	1564068	1564068,549186,549185,3061610,310836,51516,1215728,1206794,33317,33213,6072,33208,33154,2759,131567
Canariomyces_notabilis	2074819	2074819,129311,35718,5139,222544,147550,715989,716546,147538,716545,4890,451864,4751,33154,2759,131567
Canavalia_gladiata	3824	3824,3822,163735,2233855,2231382,2231393,3814,3803,72025,91835,71275,1437201,91827,71240,1437183,3398,58024,78536,58023,3193,131221,35493,33090,2759,131567
Candelaria_pacifica	460848	460848,104249,452226,452225,2576467,716546,147538,716545,4890,451864,4751,33154,2759,131567
Candelina_mexicana	460853	460853,460852,452226,452225,2576467,716546,147538,716545,4890,451864,4751,33154,2759,131567
Candelina_submexicana	460854	460854,460852,452226,452225,2576467,716546,147538,716545,4890,451864,4751,33154,2759,131567
Candida_africana	241526	241526,5475,766764,2916678,3239874,147537,716545,4890,451864,4751,33154,2759,131567
Candida_albicans_SC5314	237561	237561,5476,5475,766764,2916678,3239874,147537,716545,4890,451864,4751,33154,2759,131567
Candida_dubliniensis_CD36	573826	573826,42374,5475,766764,2916678,3239874,147537,716545,4890,451864,4751,33154,2759,131567
Candida_jiufengensis	497108	497108,36913,766764,2916678,3239874,147537,716545,4890,451864,4751,33154,2759,131567
Candida_maltosa_Xu316	1245528	1245528,5479,5475,766764,2916678,3239874,147537,716545,4890,451864,4751,33154,2759,131567
Candida_margitis	1775924	1775924,36913,766764,2916678,3239874,147537,716545,4890,451864,4751,33154,2759,131567
Candida_metapsilosis	273372	273372,36913,766764,2916678,3239874,147537,716545,4890,451864,4751,33154,2759,131567
Candida_orthopsilosis_Co_90125	1136231	1136231,273371,36913,766764,2916678,3239874,147537,716545,4890,451864,4751,33154,2759,131567
Candida_oxycetoniae	497107	497107,36913,766764,2916678,3239874,147537,716545,4890,451864,4751,33154,2759,131567
Candida_parapsilosis	5480	5480,36913,766764,2916678,3239874,147537,716545,4890,451864,4751,33154,2759,131567
Candida_pseudojiufengensis	497109	497109,36913,766764,2916678,3239874,147537,716545,4890,451864,4751,33154,2759,131567
Candida_theae	1198502	1198502,36913,766764,2916678,3239874,147537,716545,4890,451864,4751,33154,2759,131567
Candida_tropicalis_MYA-3404	294747	294747,5482,5475,766764,2916678,3239874,147537,716545,4890,451864,4751,33154,2759,131567
Candida_tropicalis_MYA3404	294747	294747,5482,5475,766764,2916678,3239874,147537,716545,4890,451864,4751,33154,2759,131567
Candida_verbasci	1227364	1227364,3712553,766764,2916678,3239874,147537,716545,4890,451864,4751,33154,2759,131567
Candidozyma_auris	498019	498019,3303203,27319,2916678,3239874,147537,716545,4890,451864,4751,33154,2759,131567
Candidozyma_duobushaemuli	1231522	1231522,3303203,27319,2916678,3239874,147537,716545,4890,451864,4751,33154,2759,131567
Candidozyma_haemuli	45357	45357,3303203,27319,2916678,3239874,147537,716545,4890,451864,4751,33154,2759,131567
Candidozyma_pseudohaemuli	418784	418784,3303203,27319,2916678,3239874,147537,716545,4890,451864,4751,33154,2759,131567
Candidula_unifasciata	100452	100452,100451,1920660,87862,216366,6527,120490,977775,216307,216305,6448,6447,1206795,2697495,33317,33213,6072,33208,33154,2759,131567
Candolleomyces_aberdarensis	2316362	2316362,2791032,184208,2982305,5338,452333,155619,5302,5204,451864,4751,33154,2759,131567
Candolleomyces_candolleanus	71730	71730,2791032,184208,2982305,5338,452333,155619,5302,5204,451864,4751,33154,2759,131567
Candolleomyces_efflorescens	2917767	2917767,2791032,184208,2982305,5338,452333,155619,5302,5204,451864,4751,33154,2759,131567
Candolleomyces_eurysporus	2828524	2828524,2791032,184208,2982305,5338,452333,155619,5302,5204,451864,4751,33154,2759,131567
Canna_indica	4628	4628,4627,4626,4618,4734,1437197,4447,1437183,3398,58024,78536,58023,3193,131221,35493,33090,2759,131567
Cannabis_sativa	3483	3483,3482,3481,3744,91835,71275,1437201,91827,71240,1437183,3398,58024,78536,58023,3193,131221,35493,33090,2759,131567
Cantharellus_anzutake	1750568	1750568,36065,68758,36064,355688,155619,5302,5204,451864,4751,33154,2759,131567
Capitella_teleta	283909	283909,51293,51292,105387,105389,6341,6340,1206795,2697495,33317,33213,6072,33208,33154,2759,131567
Capronia_coronata_CBS_617.96	1182541	1182541,43229,43220,43219,34395,451870,147545,716546,147538,716545,4890,451864,4751,33154,2759,131567
Capronia_epimyces_CBS_606.96	1182542	1182542,43228,43220,43219,34395,451870,147545,716546,147538,716545,4890,451864,4751,33154,2759,131567
Capsaspora_owczarzaki	595528	595528,192875,192874,2687318,33154,2759,131567
Capsella_rubella	81985	81985,3718,980083,3700,3699,91836,71275,1437201,91827,71240,1437183,3398,58024,78536,58023,3193,131221,35493,33090,2759,131567
Capsicum_annuum	4072	4072,4071,424564,424551,4070,4069,91888,71274,1437201,91827,71240,1437183,3398,58024,78536,58023,3193,131221,35493,33090,2759,131567
Capsicum_chacoense	107817	107817,4071,424564,424551,4070,4069,91888,71274,1437201,91827,71240,1437183,3398,58024,78536,58023,3193,131221,35493,33090,2759,131567
Capsicum_galapagoense	165701	165701,4071,424564,424551,4070,4069,91888,71274,1437201,91827,71240,1437183,3398,58024,78536,58023,3193,131221,35493,33090,2759,131567
Carcinoscorpius_rotundicauda	6848	6848,6847,6846,6845,6844,6843,6656,88770,1206794,33317,33213,6072,33208,33154,2759,131567
Cardamine_amara	228776	228776,50461,50460,980193,3700,3699,91836,71275,1437201,91827,71240,1437183,3398,58024,78536,58023,3193,131221,35493,33090,2759,131567
Cardamine_hirsuta	50463	50463,50460,980193,3700,3699,91836,71275,1437201,91827,71240,1437183,3398,58024,78536,58023,3193,131221,35493,33090,2759,131567
Cardamine_resedifolia	352370	352370,50460,980193,3700,3699,91836,71275,1437201,91827,71240,1437183,3398,58024,78536,58023,3193,131221,35493,33090,2759,131567
Cardiosporidium_cionae	476202	476202,476201,2735539,422676,5794,33630,2698737,2759,131567
Cardisoma_armatum	556312	556312,6765,6764,29962,116707,116704,6752,6692,6683,3701045,72041,6681,3701029,3701028,197562,197563,6656,88770,1206794,33317,33213,6072,33208,33154,2759,131567
Carex_littledalei	544730	544730,2759862,13398,986155,986140,4609,38820,4734,1437197,4447,1437183,3398,58024,78536,58023,3193,131221,35493,33090,2759,131567
Carex_rostrata	241230	241230,2759858,13398,986155,986140,4609,38820,4734,1437197,4447,1437183,3398,58024,78536,58023,3193,131221,35493,33090,2759,131567
Carica_papaya	3649	3649,3648,3647,3699,91836,71275,1437201,91827,71240,1437183,3398,58024,78536,58023,3193,131221,35493,33090,2759,131567
Carnegiea_gigantea	171969	171969,171968,186275,186265,3593,866800,3524,1437201,91827,71240,1437183,3398,58024,78536,58023,3193,131221,35493,33090,2759,131567
Carpetania_elisae	452200	452200,2837876,169938,6391,2803884,6381,42113,6340,1206795,2697495,33317,33213,6072,33208,33154,2759,131567
Carpinus_fangiana	176857	176857,12989,3514,3502,91835,71275,1437201,91827,71240,1437183,3398,58024,78536,58023,3193,131221,35493,33090,2759,131567
Carya_illinoinensis	32201	32201,13402,16714,3502,91835,71275,1437201,91827,71240,1437183,3398,58024,78536,58023,3193,131221,35493,33090,2759,131567
Carychium_sp.	145634	145634,69683,145629,2340871,120490,977775,216307,216305,6448,6447,1206795,2697495,33317,33213,6072,33208,33154,2759,131567
Castanea_dentata	134033	134033,21019,3503,3502,91835,71275,1437201,91827,71240,1437183,3398,58024,78536,58023,3193,131221,35493,33090,2759,131567
Castanea_mollissima	60419	60419,21019,3503,3502,91835,71275,1437201,91827,71240,1437183,3398,58024,78536,58023,3193,131221,35493,33090,2759,131567
Castanea_sativa	21020	21020,21019,3503,3502,91835,71275,1437201,91827,71240,1437183,3398,58024,78536,58023,3193,131221,35493,33090,2759,131567
Castilleja_foliolosa	1961234	1961234,46036,1336288,1325730,91896,4143,91888,71274,1437201,91827,71240,1437183,3398,58024,78536,58023,3193,131221,35493,33090,2759,131567
Catenaria_anguillulae_PL171	765915	765915,109876,109875,109872,4805,451460,451459,112252,4751,33154,2759,131567
Cateria_styx	2835554	2835554,2835553,1415234,310836,51516,1215728,1206794,33317,33213,6072,33208,33154,2759,131567
Caulochytrium_protostelioides	1555241	1555241,1555240,1555239,2231168,3705877,3705883,4761,3705317,112252,4751,33154,2759,131567
Cellana_grata	157699	157699,27810,72685,216260,69675,6448,6447,1206795,2697495,33317,33213,6072,33208,33154,2759,131567
Cellana_radiata	351208	351208,27810,72685,216260,69675,6448,6447,1206795,2697495,33317,33213,6072,33208,33154,2759,131567
Cenococcum_geophilum_1.58	794803	794803,5570,5569,603431,3402114,451868,147541,715962,716546,147538,716545,4890,451864,4751,33154,2759,131567
Centaurea_solstitialis	347529	347529,41503,742011,102818,219103,4210,4209,91882,71274,1437201,91827,71240,1437183,3398,58024,78536,58023,3193,131221,35493,33090,2759,131567
Centroderes_spinosus	1415222	1415222,549187,549185,3061610,310836,51516,1215728,1206794,33317,33213,6072,33208,33154,2759,131567
Centruroides_sculpturatus	218467	218467,6875,6856,70336,259437,6855,6854,6843,6656,88770,1206794,33317,33213,6072,33208,33154,2759,131567
Cephalodiscus	117498	117498,117497,33628,33627,10219,33511,33213,6072,33208,33154,2759,131567
Cephalothrix_hongkongiensis	937758	937758,166041,166040,2973474,1684132,6217,1206795,2697495,33317,33213,6072,33208,33154,2759,131567
Cephalothrix_simula	187810	187810,166041,166040,2973474,1684132,6217,1206795,2697495,33317,33213,6072,33208,33154,2759,131567
Cephalotrichum_gorgonifer	2041049	2041049,1658452,5593,5592,222543,147550,715989,716546,147538,716545,4890,451864,4751,33154,2759,131567
Cephalotus_follicularis	3775	3775,3774,3773,71243,91835,71275,1437201,91827,71240,1437183,3398,58024,78536,58023,3193,131221,35493,33090,2759,131567
Ceraceosorus_bombacis	401625	401625,401624,742847,742846,452283,452284,5204,451864,4751,33154,2759,131567
Ceraceosorus_guamensis	1522189	1522189,401624,742847,742846,452283,452284,5204,451864,4751,33154,2759,131567
Ceratocystis_huliohia	2019549	2019549,5157,1028423,5592,222543,147550,715989,716546,147538,716545,4890,451864,4751,33154,2759,131567
Ceratocystis_lukuohia	2019550	2019550,5157,1028423,5592,222543,147550,715989,716546,147538,716545,4890,451864,4751,33154,2759,131567
Ceratocystis_pirilliformis	259994	259994,5157,1028423,5592,222543,147550,715989,716546,147538,716545,4890,451864,4751,33154,2759,131567
Ceratocystis_platani	88771	88771,5157,1028423,5592,222543,147550,715989,716546,147538,716545,4890,451864,4751,33154,2759,131567
Ceratodon_purpureus	3225	3225,3224,3223,1929018,114657,3214,404260,3208,3193,131221,35493,33090,2759,131567
Ceratophyllus_gallinae	217689	217689,185847,51295,129371,140696,7509,3701063,3701062,33392,3701061,33340,7496,85512,50557,6960,3701030,3701028,197562,197563,6656,88770,1206794,33317,33213,6072,33208,33154,2759,131567
Ceratopteris_richardii	49495	49495,29595,2003543,13819,2003540,3268,1521262,241806,78536,58023,3193,131221,35493,33090,2759,131567
Cercophora_newfieldiana	92897	92897,42303,42302,5139,222544,147550,715989,716546,147538,716545,4890,451864,4751,33154,2759,131567
Cercophora_samala	330535	330535,42303,42302,5139,222544,147550,715989,716546,147538,716545,4890,451864,4751,33154,2759,131567
Cercophora_scortea	314031	314031,42303,42302,5139,222544,147550,715989,716546,147538,716545,4890,451864,4751,33154,2759,131567
Cercopis_vulnerata	279269	279269,279268,1777717,30086,33366,33365,1955247,7524,33342,3701061,33340,7496,85512,50557,6960,3701030,3701028,197562,197563,6656,88770,1206794,33317,33213,6072,33208,33154,2759,131567
Cercospora_berteroae	357750	357750,29002,93133,2726947,451867,147541,715962,716546,147538,716545,4890,451864,4751,33154,2759,131567
Cercospora_beticola	122368	122368,29002,93133,2726947,451867,147541,715962,716546,147538,716545,4890,451864,4751,33154,2759,131567
Cercospora_kikuchii	84275	84275,29002,93133,2726947,451867,147541,715962,716546,147538,716545,4890,451864,4751,33154,2759,131567
Cerebratulus_marginatus	187795	187795,6220,6222,6219,6218,6217,1206795,2697495,33317,33213,6072,33208,33154,2759,131567
Cerebratulus_sp._BE-2015	1612428	1612428,696327,6220,6222,6219,6218,6217,1206795,2697495,33317,33213,6072,33208,33154,2759,131567
Ceriodaphnia_quadrangula	302196	302196,77671,77658,116561,6665,84337,116557,6658,3701030,3701028,197562,197563,6656,88770,1206794,33317,33213,6072,33208,33154,2759,131567
Cerioporus_squamosus	2829415	2829415,2268961,5317,5303,355688,155619,5302,5204,451864,4751,33154,2759,131567
Cerrena_zonata	2478898	2478898,90311,2028206,5303,355688,155619,5302,5204,451864,4751,33154,2759,131567
Cetraspora_pellucida	1433469	1433469,940661,36753,214509,214506,3705879,214504,112252,4751,33154,2759,131567
Chaenotheca_gracillima	164576	164576,164570,164592,1293513,1293512,716546,147538,716545,4890,451864,4751,33154,2759,131567
Chaerilus_celebensis	1577633	1577633,246979,100979,259441,259438,6855,6854,6843,6656,88770,1206794,33317,33213,6072,33208,33154,2759,131567
Chaetoceros_neogracilis	240364	240364,49237,49236,265576,420266,589449,2836,2696291,33634,2698737,2759,131567
Chaetoceros_tenuissimus	426638	426638,49237,49236,265576,420266,589449,2836,2696291,33634,2698737,2759,131567
Chaetoderma_nitidulum	256131	256131,53690,53689,53693,52919,47122,6447,1206795,2697495,33317,33213,6072,33208,33154,2759,131567
Chaetogaster_diaphanus	212246	212246,74726,1780200,2109251,6383,2937015,6381,42113,6340,1206795,2697495,33317,33213,6072,33208,33154,2759,131567
Chaetomidium_leptoderma	669021	669021,223383,35718,5139,222544,147550,715989,716546,147538,716545,4890,451864,4751,33154,2759,131567
Chaetomium_fimeti	1854472	1854472,5149,35718,5139,222544,147550,715989,716546,147538,716545,4890,451864,4751,33154,2759,131567
Chaetomium_globosum_CBS_148.51	306901	306901,38033,5149,35718,5139,222544,147550,715989,716546,147538,716545,4890,451864,4751,33154,2759,131567
Chaetomium_olivicolor	1485946	1485946,5149,35718,5139,222544,147550,715989,716546,147538,716545,4890,451864,4751,33154,2759,131567
Chaetomium_strumarium	1170767	1170767,5149,35718,5139,222544,147550,715989,716546,147538,716545,4890,451864,4751,33154,2759,131567
Chaetomium_tenue	1854479	1854479,5149,35718,5139,222544,147550,715989,716546,147538,716545,4890,451864,4751,33154,2759,131567
Chaetopleura_apiculata	58794	58794,58793,57877,291862,6652,6651,6650,6447,1206795,2697495,33317,33213,6072,33208,33154,2759,131567
Chaetopterus_sp._SL-2014	1570313	1570313,2606722,6379,6378,105389,6341,6340,1206795,2697495,33317,33213,6072,33208,33154,2759,131567
Chaetopterus_variopedatus	34590	34590,6379,6378,105389,6341,6340,1206795,2697495,33317,33213,6072,33208,33154,2759,131567
Chanos_chanos	29144	29144,29143,29142,186632,29140,186633,32519,186634,186625,1489341,32443,41665,186623,7898,117571,117570,7776,7742,89593,7711,33511,33213,6072,33208,33154,2759,131567
Chara_braunii	69332	69332,13778,3146,204509,304574,131221,35493,33090,2759,131567
Charinus_ioanniticus	1938788	1938788,768136,768140,61977,6854,6843,6656,88770,1206794,33317,33213,6072,33208,33154,2759,131567
Charinus_israelensis	2760776	2935095,1046922,768140,61977,6854,6843,6656,88770,1206794,33317,33213,6072,33208,33154,2759,131567
Charonia_lampas	500097	500097,500096,69569,128416,216294,69555,6448,6447,1206795,2697495,33317,33213,6072,33208,33154,2759,131567
Chelonia_mydas	8469	8469,8468,8465,27791,1579336,1579337,8464,8459,2841271,1329799,32561,8457,32524,32523,1338369,8287,117571,117570,7776,7742,89593,7711,33511,33213,6072,33208,33154,2759,131567
Chenopodium_album	3559	3559,3558,1307774,1307796,3563,3524,1437201,91827,71240,1437183,3398,58024,78536,58023,3193,131221,35493,33090,2759,131567
Chenopodium_quinoa	63459	63459,3558,1307774,1307796,3563,3524,1437201,91827,71240,1437183,3398,58024,78536,58023,3193,131221,35493,33090,2759,131567
Cherax_quadricarinatus	27406	27406,6722,37850,29961,6712,6692,6683,3701045,72041,6681,3701029,3701028,197562,197563,6656,88770,1206794,33317,33213,6072,33208,33154,2759,131567
Childia_submaculatum	243778	243778,84070,84059,31265,147099,1312402,33213,6072,33208,33154,2759,131567
Chiloscyllium_plagiosum	36176	36176,34767,40580,30503,119195,119197,119203,7778,7777,7776,7742,89593,7711,33511,33213,6072,33208,33154,2759,131567
Chionoecetes_opilio	41210	41210,41209,6805,6804,116706,116704,6752,6692,6683,3701045,72041,6681,3701029,3701028,197562,197563,6656,88770,1206794,33317,33213,6072,33208,33154,2759,131567
Chiridota_heheva	2743191	2743191,36320,36319,7701,7694,7705,7624,133551,7586,33511,33213,6072,33208,33154,2759,131567
Chiromantes_haematocheir	151164	151164,151163,72801,29962,116707,116704,6752,6692,6683,3701045,72041,6681,3701029,3701028,197562,197563,6656,88770,1206794,33317,33213,6072,33208,33154,2759,131567
Chiroteuthis_calyx	559536	559536,61695,61694,34542,215450,6606,6605,6447,1206795,2697495,33317,33213,6072,33208,33154,2759,131567
Chiroxiphia_lanceolata	296741	296741,196026,114313,9126,3073809,3073808,3078114,8825,8782,436492,436491,436489,436486,8492,1329799,32561,8457,32524,32523,1338369,8287,117571,117570,7776,7742,89593,7711,33511,33213,6072,33208,33154,2759,131567
Chiton_olivaceus_(Rhyssoplax_olivaceus)	256108	256108,256107,291881,39684,291862,6652,6651,6650,6447,1206795,2697495,33317,33213,6072,33208,33154,2759,131567
Chiton_tuberculatus	1539881	1539881,256107,291881,39684,291862,6652,6651,6650,6447,1206795,2697495,33317,33213,6072,33208,33154,2759,131567
Chiua_virens	1914213	1914213,1914156,1487596,5368,227330,68889,452333,155619,5302,5204,451864,4751,33154,2759,131567
Chlamydoabsidia_padenii	90267	90267,90266,4851,4827,2212703,451507,1913637,112252,4751,33154,2759,131567
Chlamydomonas_eustigma	1157962	1157962,3052,3051,3042,2812636,3166,2692248,3041,33090,2759,131567
Chlamydomonas_incerta	51695	51695,3052,3051,3042,2812636,3166,2692248,3041,33090,2759,131567
Chlamydomonas_reinhardtii	3055	3055,3052,3051,3042,2812636,3166,2692248,3041,33090,2759,131567
Chlamydomonas_schloesseri	2026947	2026947,3052,3051,3042,2812636,3166,2692248,3041,33090,2759,131567
Chloranthus_sessilifolius	146544	146544,13005,16737,261008,1437183,3398,58024,78536,58023,3193,131221,35493,33090,2759,131567
Chlorella_ohadii	2649997	2649997,3071,2511126,35461,35460,75966,2692248,3041,33090,2759,131567
Chlorella_variabilis	554065	554065,3071,2511126,35461,35460,75966,2692248,3041,33090,2759,131567
Chlorella_vulgaris	3077	3077,3071,2511126,35461,35460,75966,2692248,3041,33090,2759,131567
Chloropicon_primus	1764295	1764295,2302914,2302913,2302912,2302911,3041,33090,2759,131567
Chloropicon_roscoffensis	1461544	1461544,2302914,2302913,2302912,2302911,3041,33090,2759,131567
Choanephora_cucurbitarum	101091	101091,64498,1344962,101094,1344963,4827,2212703,451507,1913637,112252,4751,33154,2759,131567
Choanoeca_flexa	2572930	2572930,81530,81529,1924738,28009,33154,2759,131567
Choanoeca_perplexa	81531	81531,81530,81529,1924738,28009,33154,2759,131567
Choanoflagellata_sp_UC4	2611346	2611346,243284,28009,33154,2759,131567
Choiromyces_venosus_120613-1	1336337	1336337,44640,44639,40289,5185,147549,147538,716545,4890,451864,4751,33154,2759,131567
Choiromyces_venosus_1206131	1336337	1336337,44640,44639,40289,5185,147549,147538,716545,4890,451864,4751,33154,2759,131567
Choloepus_didactylus	27675	27675,9357,227508,948953,948950,9348,9347,32525,40674,32524,32523,1338369,8287,117571,117570,7776,7742,89593,7711,33511,33213,6072,33208,33154,2759,131567
Chondrus_crispus	2769	2769,2768,29217,28017,2045261,2806,2763,2759,131567
Chorismus_antarcticus	442697	442697,442696,98089,115581,6694,6692,6683,3701045,72041,6681,3701029,3701028,197562,197563,6656,88770,1206794,33317,33213,6072,33208,33154,2759,131567
Choristocarpus_tenellus	116065	116065,116064,116066,27945,2870,569578,2696291,33634,2698737,2759,131567
Chromosphaera_perkinsii	1932427	1932427,749230,127916,33154,2759,131567
Chrysis_viridula	212616	212616,92417,212585,212575,27511,40304,7434,7400,7399,33392,3701061,33340,7496,85512,50557,6960,3701030,3701028,197562,197563,6656,88770,1206794,33317,33213,6072,33208,33154,2759,131567
Chrysochromulina_tobinii	1460289	1460289,35140,1136790,73028,2608131,2830,2608109,2759,131567
Chrysomallon_squamiferum	216257	216257,1714428,55007,216274,3120499,2219556,6448,6447,1206795,2697495,33317,33213,6072,33208,33154,2759,131567
Chrysoparadoxa_australica	2498842	2498842,2498841,569578,2696291,33634,2698737,2759,131567
Chrysoperla_nipponensis	413239	413239,7521,2029106,7520,2029065,7516,85817,3701064,3701062,33392,3701061,33340,7496,85512,50557,6960,3701030,3701028,197562,197563,6656,88770,1206794,33317,33213,6072,33208,33154,2759,131567
Chrysopetalum_occidentale	2859446	2859446,115832,115831,6348,105390,6341,6340,1206795,2697495,33317,33213,6072,33208,33154,2759,131567
Chrysophaeum_taylorii	2483200	2483200,2483199,3235057,54409,35675,2696291,33634,2698737,2759,131567
Chytridium_lagenaria	64509	64509,4813,4812,4810,451435,3705883,4761,3705317,112252,4751,33154,2759,131567
Chytriomyces_confervae	246404	246404,109882,1352827,4810,451435,3705883,4761,3705317,112252,4751,33154,2759,131567
Chytriomyces_hyalinus	4814	4814,109882,1352827,4810,451435,3705883,4761,3705317,112252,4751,33154,2759,131567
Ciborinia_camelliae	647257	647257,38484,28983,5178,147548,715989,716546,147538,716545,4890,451864,4751,33154,2759,131567
Cicer_arietinum	3827	3827,3826,163722,2233839,2233838,2231382,2231393,3814,3803,72025,91835,71275,1437201,91827,71240,1437183,3398,58024,78536,58023,3193,131221,35493,33090,2759,131567
Cichorium_intybus	13427	13427,13426,745090,219121,219120,4210,4209,91882,71274,1437201,91827,71240,1437183,3398,58024,78536,58023,3193,131221,35493,33090,2759,131567
Cimex_lectularius	79782	79782,30079,30078,33355,33354,33351,33349,33347,33345,33343,7524,33342,3701061,33340,7496,85512,50557,6960,3701030,3701028,197562,197563,6656,88770,1206794,33317,33213,6072,33208,33154,2759,131567
Cinchona_calisaya	153742	153742,43462,169625,169619,24966,4055,91888,71274,1437201,91827,71240,1437183,3398,58024,78536,58023,3193,131221,35493,33090,2759,131567
Cinnamomum_camphora	13429	13429,13428,3433,3432,232347,1437183,3398,58024,78536,58023,3193,131221,35493,33090,2759,131567
Cinnamomum_chago	1757932	1757932,13428,3433,3432,232347,1437183,3398,58024,78536,58023,3193,131221,35493,33090,2759,131567
Cinnamomum_kanehirae	337465	337465,3117385,3433,3432,232347,1437183,3398,58024,78536,58023,3193,131221,35493,33090,2759,131567
Cinnamomum_micranthum	337465	337465,3117385,3433,3432,232347,1437183,3398,58024,78536,58023,3193,131221,35493,33090,2759,131567
Ciona_intestinalis	7719	7719,7718,7717,7716,7713,7712,7711,33511,33213,6072,33208,33154,2759,131567
Circinaria_calcarea	1006475	1006475,1006473,292490,88639,388283,1520881,147547,716546,147538,716545,4890,451864,4751,33154,2759,131567
Circinella_minor	1195481	1195481,101102,499202,4827,2212703,451507,1913637,112252,4751,33154,2759,131567
Circinella_umbellata	101103	101103,101102,499202,4827,2212703,451507,1913637,112252,4751,33154,2759,131567
Cirratulus_cirratus	394749	394749,104698,46590,2784886,6373,105391,105389,6341,6340,1206795,2697495,33317,33213,6072,33208,33154,2759,131567
Cirrosporium_novae-zelandiae	1130053	1130053,1130052,2302854,2302853,2302852,716546,147538,716545,4890,451864,4751,33154,2759,131567
Cirrosporium_novaezelandiae	1130053	1130053,1130052,2302854,2302853,2302852,716546,147538,716545,4890,451864,4751,33154,2759,131567
Cirrula_hians	1577616	1577616,1929280,92590,48991,43746,43741,43738,480117,480118,43733,7203,7147,3701063,3701062,33392,3701061,33340,7496,85512,50557,6960,3701030,3701028,197562,197563,6656,88770,1206794,33317,33213,6072,33208,33154,2759,131567
Citrus_sinensis	2711	2711,2706,1728959,23513,41937,91836,71275,1437201,91827,71240,1437183,3398,58024,78536,58023,3193,131221,35493,33090,2759,131567
Citrus_x_aurantiifolia	159033	159033,2706,1728959,23513,41937,91836,71275,1437201,91827,71240,1437183,3398,58024,78536,58023,3193,131221,35493,33090,2759,131567
Citrus_x_changshan-huyou	2935761	2935761,2706,1728959,23513,41937,91836,71275,1437201,91827,71240,1437183,3398,58024,78536,58023,3193,131221,35493,33090,2759,131567
Citrus_x_changshanhuyou	2935761	2935761,2706,1728959,23513,41937,91836,71275,1437201,91827,71240,1437183,3398,58024,78536,58023,3193,131221,35493,33090,2759,131567
Citrus_x_clementina	85681	85681,2706,1728959,23513,41937,91836,71275,1437201,91827,71240,1437183,3398,58024,78536,58023,3193,131221,35493,33090,2759,131567
Cladobotryum_mycophilum	491253	491253,73504,5129,5125,222543,147550,715989,716546,147538,716545,4890,451864,4751,33154,2759,131567
Cladochytrium_replicatum	109936	109936,109935,109915,642607,451435,3705883,4761,3705317,112252,4751,33154,2759,131567
Cladochytrium_tenue	1604274	1604274,109935,109915,642607,451435,3705883,4761,3705317,112252,4751,33154,2759,131567
Cladocopium_goreaui	2562237	2562237,2486696,252141,89954,2864,33630,2698737,2759,131567
Cladonia_borealis	184061	184061,5199,5198,157822,5197,388435,1520881,147547,716546,147538,716545,4890,451864,4751,33154,2759,131567
Cladophialophora_bantiana_CBS_173.52	1442370	1442370,89940,82105,43219,34395,451870,147545,716546,147538,716545,4890,451864,4751,33154,2759,131567
Cladophialophora_carrionii_CBS_160.54	1279043	1279043,86049,82105,43219,34395,451870,147545,716546,147538,716545,4890,451864,4751,33154,2759,131567
Cladophialophora_chaetospira	386627	386627,82105,43219,34395,451870,147545,716546,147538,716545,4890,451864,4751,33154,2759,131567
Cladophialophora_humicola	1307819	1307819,82105,43219,34395,451870,147545,716546,147538,716545,4890,451864,4751,33154,2759,131567
Cladophialophora_immunda	569365	569365,82105,43219,34395,451870,147545,716546,147538,716545,4890,451864,4751,33154,2759,131567
Cladophialophora_minutissima	408822	408822,82105,43219,34395,451870,147545,716546,147538,716545,4890,451864,4751,33154,2759,131567
Cladophialophora_psammophila_CBS_110553	1182543	1182543,1182553,82105,43219,34395,451870,147545,716546,147538,716545,4890,451864,4751,33154,2759,131567
Cladophialophora_sylvestris	1608269	1608269,82105,43219,34395,451870,147545,716546,147538,716545,4890,451864,4751,33154,2759,131567
Cladophialophora_yegresii_CBS_114405	1182544	1182544,470704,82105,43219,34395,451870,147545,716546,147538,716545,4890,451864,4751,33154,2759,131567
Cladorrhinum_samala	585594	585594,223374,2609812,5139,222544,147550,715989,716546,147538,716545,4890,451864,4751,33154,2759,131567
Cladosporium_allicinum	1338630	1338630,5498,452563,2726946,451867,147541,715962,716546,147538,716545,4890,451864,4751,33154,2759,131567
Cladosporium_fusiforme	1052093	1052093,5498,452563,2726946,451867,147541,715962,716546,147538,716545,4890,451864,4751,33154,2759,131567
Cladosporium_halotolerans	1052096	1052096,5498,452563,2726946,451867,147541,715962,716546,147538,716545,4890,451864,4751,33154,2759,131567
Cladosporium_inversicolor	887095	887095,5498,452563,2726946,451867,147541,715962,716546,147538,716545,4890,451864,4751,33154,2759,131567
Clarias_magur	1594786	1594786,13012,31009,1489793,7995,186628,186626,32519,186634,186625,1489341,32443,41665,186623,7898,117571,117570,7776,7742,89593,7711,33511,33213,6072,33208,33154,2759,131567
Clarireedia_jacksonii	2036908	2036908,2211661,110844,5178,147548,715989,716546,147538,716545,4890,451864,4751,33154,2759,131567
Clathrospora_elynae	706981	706981,45299,221669,92860,451868,147541,715962,716546,147538,716545,4890,451864,4751,33154,2759,131567
Clathrus_columnatus	1419009	1419009,112985,68805,68804,452335,155619,5302,5204,451864,4751,33154,2759,131567
Claviceps_africana	83212	83212,5110,34397,5125,222543,147550,715989,716546,147538,716545,4890,451864,4751,33154,2759,131567
Claviceps_arundinis	1623583	1623583,5110,34397,5125,222543,147550,715989,716546,147538,716545,4890,451864,4751,33154,2759,131567
Claviceps_capensis	1649128	1649128,5110,34397,5125,222543,147550,715989,716546,147538,716545,4890,451864,4751,33154,2759,131567
Claviceps_citrina	62069	62069,5110,34397,5125,222543,147550,715989,716546,147538,716545,4890,451864,4751,33154,2759,131567
Claviceps_cyperi	247652	247652,5110,34397,5125,222543,147550,715989,716546,147538,716545,4890,451864,4751,33154,2759,131567
Claviceps_digitariae	254901	254901,5110,34397,5125,222543,147550,715989,716546,147538,716545,4890,451864,4751,33154,2759,131567
Claviceps_humidiphila	1294629	1294629,5110,34397,5125,222543,147550,715989,716546,147538,716545,4890,451864,4751,33154,2759,131567
Claviceps_lovelessii	1806559	1806559,5110,34397,5125,222543,147550,715989,716546,147538,716545,4890,451864,4751,33154,2759,131567
Claviceps_maximensis	89174	89174,5110,34397,5125,222543,147550,715989,716546,147538,716545,4890,451864,4751,33154,2759,131567
Claviceps_monticola	1649129	1649129,5110,34397,5125,222543,147550,715989,716546,147538,716545,4890,451864,4751,33154,2759,131567
Claviceps_pazoutovae	1649127	1649127,5110,34397,5125,222543,147550,715989,716546,147538,716545,4890,451864,4751,33154,2759,131567
Claviceps_pusilla	123648	123648,5110,34397,5125,222543,147550,715989,716546,147538,716545,4890,451864,4751,33154,2759,131567
Claviceps_sorghi	96774	96774,5110,34397,5125,222543,147550,715989,716546,147538,716545,4890,451864,4751,33154,2759,131567
Claviceps_spartinae	1294630	1294630,5110,34397,5125,222543,147550,715989,716546,147538,716545,4890,451864,4751,33154,2759,131567
Clavispora_lusitaniae	36911	36911,36910,27319,2916678,3239874,147537,716545,4890,451864,4751,33154,2759,131567
Clinopodes_flavidus	511797	511797,60159,60155,60154,115407,115405,7540,61985,197563,6656,88770,1206794,33317,33213,6072,33208,33154,2759,131567
Clione_antarctica	672780	672780,71515,71514,6512,977783,2836391,216307,216305,6448,6447,1206795,2697495,33317,33213,6072,33208,33154,2759,131567
Clithon_retropictum	2094009	2094009,119399,52926,216272,977767,119397,6448,6447,1206795,2697495,33317,33213,6072,33208,33154,2759,131567
Cloeon_dipterum	197152	197152,197151,172515,185809,30073,33339,7496,85512,50557,6960,3701030,3701028,197562,197563,6656,88770,1206794,33317,33213,6072,33208,33154,2759,131567
Clohesyomyces_aquaticus	1231657	1231657,1231656,717954,92860,451868,147541,715962,716546,147538,716545,4890,451864,4751,33154,2759,131567
Clonostachys_byssicola	160290	160290,110564,103887,5125,222543,147550,715989,716546,147538,716545,4890,451864,4751,33154,2759,131567
Clonostachys_chloroleuca	1926264	1926264,110564,103887,5125,222543,147550,715989,716546,147538,716545,4890,451864,4751,33154,2759,131567
Clonostachys_solani	160281	160281,110564,103887,5125,222543,147550,715989,716546,147538,716545,4890,451864,4751,33154,2759,131567
Clydaea_vesicula	447962	447962,642605,642599,642598,451435,3705883,4761,3705317,112252,4751,33154,2759,131567
Coccidioides_immitis_RS	246410	246410,5501,5500,33184,33183,451871,147545,716546,147538,716545,4890,451864,4751,33154,2759,131567
Coccidioides_posadasii_str._Silveira	443226	443226,199306,5500,33184,33183,451871,147545,716546,147538,716545,4890,451864,4751,33154,2759,131567
Coccomyxa_elongata	1965095	1965095,41891,35472,75981,75966,2692248,3041,33090,2759,131567
Coccomyxa_subellipsoidea	574566	574566,248742,41891,35472,75981,75966,2692248,3041,33090,2759,131567
Coccomyxa_viridis	1274662	1274662,41891,35472,75981,75966,2692248,3041,33090,2759,131567
Cocculina_japonica	2905118	2905118,72698,69561,216287,216286,6448,6447,1206795,2697495,33317,33213,6072,33208,33154,2759,131567
Codosiga_hollandica	1742608	1742608,216891,81529,1924738,28009,33154,2759,131567
Coelomomyces_lativittatus	945690	945690,143959,143958,4805,451460,451459,112252,4751,33154,2759,131567
Coemansia_aciculifera	417176	417176,4863,4862,4861,2219690,451828,3704128,112252,4751,33154,2759,131567
Coemansia_asiatica	1052880	1052880,4863,4862,4861,2219690,451828,3704128,112252,4751,33154,2759,131567
Coemansia_biformis	1286918	1286918,4863,4862,4861,2219690,451828,3704128,112252,4751,33154,2759,131567
Coemansia_brasiliensis	2650707	2650707,4863,4862,4861,2219690,451828,3704128,112252,4751,33154,2759,131567
Coemansia_erecta	147472	147472,4863,4862,4861,2219690,451828,3704128,112252,4751,33154,2759,131567
Coemansia_furcata	417177	417177,4863,4862,4861,2219690,451828,3704128,112252,4751,33154,2759,131567
Coemansia_guatemalensis	2761395	2761395,4863,4862,4861,2219690,451828,3704128,112252,4751,33154,2759,131567
Coemansia_helicoidea	1286919	1286919,4863,4862,4861,2219690,451828,3704128,112252,4751,33154,2759,131567
Coemansia_interrupta	1126814	1126814,4863,4862,4861,2219690,451828,3704128,112252,4751,33154,2759,131567
Coemansia_javaensis	2761396	2761396,4863,4862,4861,2219690,451828,3704128,112252,4751,33154,2759,131567
Coemansia_linderi	2663919	2663919,4863,4862,4861,2219690,451828,3704128,112252,4751,33154,2759,131567
Coemansia_mojavensis	4864	4864,4863,4862,4861,2219690,451828,3704128,112252,4751,33154,2759,131567
Coemansia_nantahalensis	2789366	2789366,4863,4862,4861,2219690,451828,3704128,112252,4751,33154,2759,131567
Coemansia_pectinata	1052879	1052879,4863,4862,4861,2219690,451828,3704128,112252,4751,33154,2759,131567
Coemansia_reversa_NRRL_1564	763665	763665,61392,4863,4862,4861,2219690,451828,3704128,112252,4751,33154,2759,131567
Coemansia_spiralis	417178	417178,4863,4862,4861,2219690,451828,3704128,112252,4751,33154,2759,131567
Coemansia_thaxteri	2663907	2663907,4863,4862,4861,2219690,451828,3704128,112252,4751,33154,2759,131567
Coemansia_umbellata	1424467	1424467,4863,4862,4861,2219690,451828,3704128,112252,4751,33154,2759,131567
Coenobita_clypeatus	474045	474045,177220,177219,6744,6738,6692,6683,3701045,72041,6681,3701029,3701028,197562,197563,6656,88770,1206794,33317,33213,6072,33208,33154,2759,131567
Coffea_arabica	13443	13443,13442,169640,1968428,1968429,169618,24966,4055,91888,71274,1437201,91827,71240,1437183,3398,58024,78536,58023,3193,131221,35493,33090,2759,131567
Coffea_eugenioides	49369	49369,13442,169640,1968428,1968429,169618,24966,4055,91888,71274,1437201,91827,71240,1437183,3398,58024,78536,58023,3193,131221,35493,33090,2759,131567
Cokeromyces_recurvatus	90255	90255,90254,34489,1344963,4827,2212703,451507,1913637,112252,4751,33154,2759,131567
Coleophoma_crateriformis	565419	565419,453209,76657,5178,147548,715989,716546,147538,716545,4890,451864,4751,33154,2759,131567
Coleophoma_cylindrospora	1849047	1849047,453209,76657,5178,147548,715989,716546,147538,716545,4890,451864,4751,33154,2759,131567
Colletotrichum_abscissum	1671311	1671311,2707335,5455,681950,1028384,222543,147550,715989,716546,147538,716545,4890,451864,4751,33154,2759,131567
Colletotrichum_acutatum	27357	27357,2707335,5455,681950,1028384,222543,147550,715989,716546,147538,716545,4890,451864,4751,33154,2759,131567
Colletotrichum_aenigma	1215731	1215731,2707338,5455,681950,1028384,222543,147550,715989,716546,147538,716545,4890,451864,4751,33154,2759,131567
Colletotrichum_caudatum	5460	5460,2707348,5455,681950,1028384,222543,147550,715989,716546,147538,716545,4890,451864,4751,33154,2759,131567
Colletotrichum_chlorophyti	708187	708187,5455,681950,1028384,222543,147550,715989,716546,147538,716545,4890,451864,4751,33154,2759,131567
Colletotrichum_chrysophilum	1836956	1836956,2707338,5455,681950,1028384,222543,147550,715989,716546,147538,716545,4890,451864,4751,33154,2759,131567
Colletotrichum_costaricense	1209916	1209916,2707335,5455,681950,1028384,222543,147550,715989,716546,147538,716545,4890,451864,4751,33154,2759,131567
Colletotrichum_cuscutae	1209917	1209917,2707335,5455,681950,1028384,222543,147550,715989,716546,147538,716545,4890,451864,4751,33154,2759,131567
Colletotrichum_destructivum	34406	34406,2707350,5455,681950,1028384,222543,147550,715989,716546,147538,716545,4890,451864,4751,33154,2759,131567
Colletotrichum_eremochloae	1173702	1173702,2707348,5455,681950,1028384,222543,147550,715989,716546,147538,716545,4890,451864,4751,33154,2759,131567
Colletotrichum_filicis	2940390	2940390,2707335,5455,681950,1028384,222543,147550,715989,716546,147538,716545,4890,451864,4751,33154,2759,131567
Colletotrichum_fioriniae	710243	710243,2707335,5455,681950,1028384,222543,147550,715989,716546,147538,716545,4890,451864,4751,33154,2759,131567
Colletotrichum_fructicola_Nara_gc5	1213859	1213859,690256,2707338,5455,681950,1028384,222543,147550,715989,716546,147538,716545,4890,451864,4751,33154,2759,131567
Colletotrichum_gloeosporioides	474922	474922,2707338,5455,681950,1028384,222543,147550,715989,716546,147538,716545,4890,451864,4751,33154,2759,131567
Colletotrichum_godetiae	1209918	1209918,2707335,5455,681950,1028384,222543,147550,715989,716546,147538,716545,4890,451864,4751,33154,2759,131567
Colletotrichum_graminicola_M1.001	645133	645133,31870,2707348,5455,681950,1028384,222543,147550,715989,716546,147538,716545,4890,451864,4751,33154,2759,131567
Colletotrichum_higginsianum_IMI_349063	759273	759273,80884,2707350,5455,681950,1028384,222543,147550,715989,716546,147538,716545,4890,451864,4751,33154,2759,131567
Colletotrichum_incanum	1573173	1573173,2707349,5455,681950,1028384,222543,147550,715989,716546,147538,716545,4890,451864,4751,33154,2759,131567
Colletotrichum_jinshuiense	2283408	2283408,2707353,5455,681950,1028384,222543,147550,715989,716546,147538,716545,4890,451864,4751,33154,2759,131567
Colletotrichum_kahawae	34407	34407,2707338,5455,681950,1028384,222543,147550,715989,716546,147538,716545,4890,451864,4751,33154,2759,131567
Colletotrichum_karsti	1095194	1095194,2707336,5455,681950,1028384,222543,147550,715989,716546,147538,716545,4890,451864,4751,33154,2759,131567
Colletotrichum_limetticola	1209924	1209924,2707335,5455,681950,1028384,222543,147550,715989,716546,147538,716545,4890,451864,4751,33154,2759,131567
Colletotrichum_liriopes	708192	708192,2707349,5455,681950,1028384,222543,147550,715989,716546,147538,716545,4890,451864,4751,33154,2759,131567
Colletotrichum_lupini	145971	145971,2707335,5455,681950,1028384,222543,147550,715989,716546,147538,716545,4890,451864,4751,33154,2759,131567
Colletotrichum_melonis	1209925	1209925,2707335,5455,681950,1028384,222543,147550,715989,716546,147538,716545,4890,451864,4751,33154,2759,131567
Colletotrichum_musicola	2175873	2175873,2707337,5455,681950,1028384,222543,147550,715989,716546,147538,716545,4890,451864,4751,33154,2759,131567
Colletotrichum_navitas	681940	681940,2707348,5455,681950,1028384,222543,147550,715989,716546,147538,716545,4890,451864,4751,33154,2759,131567
Colletotrichum_noveboracense	2664923	2664923,2707338,5455,681950,1028384,222543,147550,715989,716546,147538,716545,4890,451864,4751,33154,2759,131567
Colletotrichum_nupharicola	1215361	1215361,2707338,5455,681950,1028384,222543,147550,715989,716546,147538,716545,4890,451864,4751,33154,2759,131567
Colletotrichum_orbiculare_MAFF_240422	1213857	1213857,5465,2707354,5455,681950,1028384,222543,147550,715989,716546,147538,716545,4890,451864,4751,33154,2759,131567
Colletotrichum_orchidophilum	1209926	1209926,5455,681950,1028384,222543,147550,715989,716546,147538,716545,4890,451864,4751,33154,2759,131567
Colletotrichum_paranaense	1914294	1914294,2707335,5455,681950,1028384,222543,147550,715989,716546,147538,716545,4890,451864,4751,33154,2759,131567
Colletotrichum_phormii	359342	359342,2707335,5455,681950,1028384,222543,147550,715989,716546,147538,716545,4890,451864,4751,33154,2759,131567
Colletotrichum_plurivorum	2175906	2175906,2707337,5455,681950,1028384,222543,147550,715989,716546,147538,716545,4890,451864,4751,33154,2759,131567
Colletotrichum_salicis	1209931	1209931,2707335,5455,681950,1028384,222543,147550,715989,716546,147538,716545,4890,451864,4751,33154,2759,131567
Colletotrichum_scovillei	1209932	1209932,2707335,5455,681950,1028384,222543,147550,715989,716546,147538,716545,4890,451864,4751,33154,2759,131567
Colletotrichum_shisoi	2078593	2078593,2707350,5455,681950,1028384,222543,147550,715989,716546,147538,716545,4890,451864,4751,33154,2759,131567
Colletotrichum_siamense	690259	690259,2707338,5455,681950,1028384,222543,147550,715989,716546,147538,716545,4890,451864,4751,33154,2759,131567
Colletotrichum_sidae	1347389	1347389,2707354,5455,681950,1028384,222543,147550,715989,716546,147538,716545,4890,451864,4751,33154,2759,131567
Colletotrichum_simmondsii	703756	703756,2707335,5455,681950,1028384,222543,147550,715989,716546,147538,716545,4890,451864,4751,33154,2759,131567
Colletotrichum_sojae	2175907	2175907,2707337,5455,681950,1028384,222543,147550,715989,716546,147538,716545,4890,451864,4751,33154,2759,131567
Colletotrichum_somersetense	1500509	1500509,2707348,5455,681950,1028384,222543,147550,715989,716546,147538,716545,4890,451864,4751,33154,2759,131567
Colletotrichum_spaethianum	700344	700344,2707349,5455,681950,1028384,222543,147550,715989,716546,147538,716545,4890,451864,4751,33154,2759,131567
Colletotrichum_spinosum	1347390	1347390,2707354,5455,681950,1028384,222543,147550,715989,716546,147538,716545,4890,451864,4751,33154,2759,131567
Colletotrichum_tabaci	1209068	1209068,2707350,5455,681950,1028384,222543,147550,715989,716546,147538,716545,4890,451864,4751,33154,2759,131567
Colletotrichum_tamarilloi	1209934	1209934,2707335,5455,681950,1028384,222543,147550,715989,716546,147538,716545,4890,451864,4751,33154,2759,131567
Colletotrichum_tanaceti	1306861	1306861,2707350,5455,681950,1028384,222543,147550,715989,716546,147538,716545,4890,451864,4751,33154,2759,131567
Colletotrichum_tofieldiae	708197	708197,2707349,5455,681950,1028384,222543,147550,715989,716546,147538,716545,4890,451864,4751,33154,2759,131567
Colletotrichum_trifolii	5466	5466,2707354,5455,681950,1028384,222543,147550,715989,716546,147538,716545,4890,451864,4751,33154,2759,131567
Colletotrichum_truncatum	5467	5467,2707339,5455,681950,1028384,222543,147550,715989,716546,147538,716545,4890,451864,4751,33154,2759,131567
Colletotrichum_zoysiae	1216348	1216348,2707348,5455,681950,1028384,222543,147550,715989,716546,147538,716545,4890,451864,4751,33154,2759,131567
Collybia_nuda	64659	64659,5624,2982168,2982303,5338,452333,155619,5302,5204,451864,4751,33154,2759,131567
Collybiopsis_confluens	2823264	2823264,2607957,72117,2982316,5338,452333,155619,5302,5204,451864,4751,33154,2759,131567
Collybiopsis_luxurians_FD-317_M1	944289	944289,2773346,2607957,72117,2982316,5338,452333,155619,5302,5204,451864,4751,33154,2759,131567
Collybiopsis_luxurians_FD317_M1	944289	944289,2773346,2607957,72117,2982316,5338,452333,155619,5302,5204,451864,4751,33154,2759,131567
Compsopogon_caeruleus	31354	31354,31353,31352,930024,930023,2763,2759,131567
Conglomerata_obtusa	2483382	2483382,2483381,6029,112252,4751,33154,2759,131567
Coniella_lustricola	2025994	2025994,172190,1535530,5114,222544,147550,715989,716546,147538,716545,4890,451864,4751,33154,2759,131567
Coniferiporia_weirii	135589	135589,2038740,40424,139380,355688,155619,5302,5204,451864,4751,33154,2759,131567
Coniocarpon_cinnabarinum	1542792	1542792,1542746,39678,39677,147539,715962,716546,147538,716545,4890,451864,4751,33154,2759,131567
Coniochaeta_hoffmannii	91930	91930,79808,79807,292576,222544,147550,715989,716546,147538,716545,4890,451864,4751,33154,2759,131567
Coniochaeta_ligniaria_NRRL_30616	1408157	1408157,177197,79808,79807,292576,222544,147550,715989,716546,147538,716545,4890,451864,4751,33154,2759,131567
Coniochaeta_pulveracea	177199	177199,79808,79807,292576,222544,147550,715989,716546,147538,716545,4890,451864,4751,33154,2759,131567
Coniophora_puteana_RWD-64-598_SS2	741705	741705,80637,80635,80634,227334,68889,452333,155619,5302,5204,451864,4751,33154,2759,131567
Coniophora_puteana_RWD64598_SS2	741705	741705,80637,80635,80634,227334,68889,452333,155619,5302,5204,451864,4751,33154,2759,131567
Coniosporium_apollinis_CBS_100218	1168221	1168221,61459,2810619,159987,147541,715962,716546,147538,716545,4890,451864,4751,33154,2759,131567
Coniosporium_tulheliwenetii	3383036	3383036,2810619,159987,147541,715962,716546,147538,716545,4890,451864,4751,33154,2759,131567
Coniosporium_uncinatum	93489	93489,2810619,159987,147541,715962,716546,147538,716545,4890,451864,4751,33154,2759,131567
Conoideocrella_luteorostrata	1105319	1105319,1105318,34397,5125,222543,147550,715989,716546,147538,716545,4890,451864,4751,33154,2759,131567
Conticribra_weissflogii	1577725	1577725,1577724,29202,33847,33846,589449,2836,2696291,33634,2698737,2759,131567
Convoluta_(Praesagittifera)_naikaiensis	31270	2602965,2602964,31268,31265,147099,1312402,33213,6072,33208,33154,2759,131567
Coprinellus_aureogranulatus	752674	752674,184430,184208,2982305,5338,452333,155619,5302,5204,451864,4751,33154,2759,131567
Coprinopsis_cinerea	240176	240176,5346,184431,184208,2982305,5338,452333,155619,5302,5204,451864,4751,33154,2759,131567
Coprinopsis_cinerea_okayama7#130	240176	240176,5346,184431,184208,2982305,5338,452333,155619,5302,5204,451864,4751,33154,2759,131567
Coprinopsis_marcescibilis	230819	230819,184431,184208,2982305,5338,452333,155619,5302,5204,451864,4751,33154,2759,131567
Coptis_chinensis	261450	261450,3441,1463136,3440,41768,1437183,3398,58024,78536,58023,3193,131221,35493,33090,2759,131567
Corallochytrium_limacisporum	98351	98351,98350,42461,33154,2759,131567
Corchorus_capsularis	210143	210143,93758,1563254,214908,3629,41938,91836,71275,1437201,91827,71240,1437183,3398,58024,78536,58023,3193,131221,35493,33090,2759,131567
Corchorus_olitorius	93759	93759,93758,1563254,214908,3629,41938,91836,71275,1437201,91827,71240,1437183,3398,58024,78536,58023,3193,131221,35493,33090,2759,131567
Cordulegaster_boltonii	126173	126173,126172,107811,3425629,6962,2510002,6961,33339,7496,85512,50557,6960,3701030,3701028,197562,197563,6656,88770,1206794,33317,33213,6072,33208,33154,2759,131567
Cordyceps_cateniannulata	983339	983339,45234,474943,5125,222543,147550,715989,716546,147538,716545,4890,451864,4751,33154,2759,131567
Cordyceps_fumosorosea_ARSEF_2679	1081104	1081104,114497,45234,474943,5125,222543,147550,715989,716546,147538,716545,4890,451864,4751,33154,2759,131567
Cordyceps_javanica	43265	43265,45234,474943,5125,222543,147550,715989,716546,147538,716545,4890,451864,4751,33154,2759,131567
Cordyceps_militaris_CM01	983644	983644,73501,45234,474943,5125,222543,147550,715989,716546,147538,716545,4890,451864,4751,33154,2759,131567
Cornu_aspersum	6535	6535,2749757,2749756,6533,87862,216366,6527,120490,977775,216307,216305,6448,6447,1206795,2697495,33317,33213,6072,33208,33154,2759,131567
Cornus_florida	4283	4283,4281,42219,41934,71274,1437201,91827,71240,1437183,3398,58024,78536,58023,3193,131221,35493,33090,2759,131567
Corydalus_cornutus	559164	559164,50555,85815,50554,50553,85817,3701064,3701062,33392,3701061,33340,7496,85512,50557,6960,3701030,3701028,197562,197563,6656,88770,1206794,33317,33213,6072,33208,33154,2759,131567
Corylus_avellana	13451	13451,13450,3514,3502,91835,71275,1437201,91827,71240,1437183,3398,58024,78536,58023,3193,131221,35493,33090,2759,131567
Corymbia_citriodora	360336	360336,34329,87658,1699524,1699513,3931,41944,91836,71275,1437201,91827,71240,1437183,3398,58024,78536,58023,3193,131221,35493,33090,2759,131567
Corynascus_novoguineensis	1126955	1126955,72985,35718,5139,222544,147550,715989,716546,147538,716545,4890,451864,4751,33154,2759,131567
Corynascus_sepedonium	190048	190048,72985,35718,5139,222544,147550,715989,716546,147538,716545,4890,451864,4751,33154,2759,131567
Corynascus_similis_CBS_632.67	1403191	1403191,72986,72985,35718,5139,222544,147550,715989,716546,147538,716545,4890,451864,4751,33154,2759,131567
Costasiella_nonatoi_-_Panderevela_nonatoi	698695	698695,380552,382442,71491,71490,977775,216307,216305,6448,6447,1206795,2697495,33317,33213,6072,33208,33154,2759,131567
Costasiella_ocellifera	380564	380564,380552,382442,71491,71490,977775,216307,216305,6448,6447,1206795,2697495,33317,33213,6072,33208,33154,2759,131567
Costasiella_sp.1	380564	380564,380552,382442,71491,71490,977775,216307,216305,6448,6447,1206795,2697495,33317,33213,6072,33208,33154,2759,131567
Craigia_yunnanensis	197121	197121,94094,214911,3629,41938,91836,71275,1437201,91827,71240,1437183,3398,58024,78536,58023,3193,131221,35493,33090,2759,131567
Craspedida_sp_UC1	2812018	2812018,2812017,1924738,28009,33154,2759,131567
Craspedosoma_sp._AD-2016	1820136	1820136,2644214,1146999,421780,118457,118561,7553,61985,197563,6656,88770,1206794,33317,33213,6072,33208,33154,2759,131567
Crassisporium_funariophilum	1954473	1954473,1954472,2759602,2982305,5338,452333,155619,5302,5204,451864,4751,33154,2759,131567
Crassostrea_virginica	6565	6565,6564,6563,98302,6562,6545,2785011,6544,6447,1206795,2697495,33317,33213,6072,33208,33154,2759,131567
Craterostigmus_tasmanianus	60162	60162,60161,60153,60152,115405,7540,61985,197563,6656,88770,1206794,33317,33213,6072,33208,33154,2759,131567
Creolimax_fragrantissima	470921	470921,1040653,198625,127916,33154,2759,131567
Crepidotus_variabilis	179855	179855,104351,104350,2982305,5338,452333,155619,5302,5204,451864,4751,33154,2759,131567
Crepidula_navicella	1707815	1707815,52628,52627,52626,216294,69555,6448,6447,1206795,2697495,33317,33213,6072,33208,33154,2759,131567
Cristaphyes_yushini	2835549	2835549,2835548,51518,2582693,51516,1215728,1206794,33317,33213,6072,33208,33154,2759,131567
Cristaria_plicata	165446	165446,165445,293110,47526,47522,47521,47520,6599,2785011,6544,6447,1206795,2697495,33317,33213,6072,33208,33154,2759,131567
Cristatella_mucedo	67896	67896,84413,84414,34517,10205,1206795,2697495,33317,33213,6072,33208,33154,2759,131567
Cristinia_sonorae	1940300	1940300,467943,178441,2983527,5338,452333,155619,5302,5204,451864,4751,33154,2759,131567
Crocodylus_porosus	8502	8502,8500,8493,1298654,1294634,8492,1329799,32561,8457,32524,32523,1338369,8287,117571,117570,7776,7742,89593,7711,33511,33213,6072,33208,33154,2759,131567
Cronartium_quercuum_f._sp._fusiforme_G11	708437	708437,136831,60197,27353,106328,5258,162484,29000,5204,451864,4751,33154,2759,131567
Crotalaria_pallida	3830	3830,3828,163724,2231385,2231384,2231393,3814,3803,72025,91835,71275,1437201,91827,71240,1437183,3398,58024,78536,58023,3193,131221,35493,33090,2759,131567
Crucibulum_laeve	68775	68775,68774,68773,2982305,5338,452333,155619,5302,5204,451864,4751,33154,2759,131567
Cryoendolithus_antarcticus	1507870	1507870,3112694,452563,2726946,451867,147541,715962,716546,147538,716545,4890,451864,4751,33154,2759,131567
Cryomyces_antarcticus	329879	329879,329878,159987,147541,715962,716546,147538,716545,4890,451864,4751,33154,2759,131567
Cryomyces_minteri	331657	331657,329878,159987,147541,715962,716546,147538,716545,4890,451864,4751,33154,2759,131567
Cryphonectria_parasitica_EP155	660469	660469,5116,5115,218105,399129,5114,222544,147550,715989,716546,147538,716545,4890,451864,4751,33154,2759,131567
Cryptocellus_becki	1642531	1642531,118523,88345,58139,6854,6843,6656,88770,1206794,33317,33213,6072,33208,33154,2759,131567
Cryptocellus_sp._n._RF-2015	1643398	1643398,2646630,118523,88345,58139,6854,6843,6656,88770,1206794,33317,33213,6072,33208,33154,2759,131567
Cryptococcus_amylolentus_CBS_6039	1295533	1295533,104669,5206,1884633,5234,155616,5302,5204,451864,4751,33154,2759,131567
Cryptococcus_bacillisporus_CA1280	1296109	1296109,552467,1884637,5206,1884633,5234,155616,5302,5204,451864,4751,33154,2759,131567
Cryptococcus_decagattii	1859122	1859122,1884637,5206,1884633,5234,155616,5302,5204,451864,4751,33154,2759,131567
Cryptococcus_deneoformans_JEC21	214684	214684,40410,1897064,5206,1884633,5234,155616,5302,5204,451864,4751,33154,2759,131567
Cryptococcus_depauperatus_CBS_7841	1295531	1295531,5208,5206,1884633,5234,155616,5302,5204,451864,4751,33154,2759,131567
Cryptococcus_deuterogattii_R265	294750	294750,1859096,1884637,5206,1884633,5234,155616,5302,5204,451864,4751,33154,2759,131567
Cryptococcus_gattii_WM276	367775	367775,37769,1884637,5206,1884633,5234,155616,5302,5204,451864,4751,33154,2759,131567
Cryptococcus_neoformans_H99	235443	235443,5207,1897064,5206,1884633,5234,155616,5302,5204,451864,4751,33154,2759,131567
Cryptococcus_tetragattii_IND107	1296105	1296105,1859121,1884637,5206,1884633,5234,155616,5302,5204,451864,4751,33154,2759,131567
Cryptococcus_wingfieldii_CBS_7118	1295528	1295528,5619,5206,1884633,5234,155616,5302,5204,451864,4751,33154,2759,131567
Cryptomeria_japonica	3369	3369,3368,3367,1446379,2821351,3313,58019,1437180,58024,78536,58023,3193,131221,35493,33090,2759,131567
Cryptoplax_larvaeformis	2732484	2732484,211839,291926,291892,6652,6651,6650,6447,1206795,2697495,33317,33213,6072,33208,33154,2759,131567
Cryptops_anomalans	1418174	1418174,7544,7543,41361,115407,115405,7540,61985,197563,6656,88770,1206794,33317,33213,6072,33208,33154,2759,131567
Cryptops_hortensis	1268897	1268897,7544,7543,41361,115407,115405,7540,61985,197563,6656,88770,1206794,33317,33213,6072,33208,33154,2759,131567
Cryptosporidium_andersoni	117008	117008,5806,35082,423054,75739,5796,1280412,5794,33630,2698737,2759,131567
Cryptosporidium_bovis	310047	310047,5806,35082,423054,75739,5796,1280412,5794,33630,2698737,2759,131567
Cryptosporidium_canis	195482	195482,5806,35082,423054,75739,5796,1280412,5794,33630,2698737,2759,131567
Cryptosporidium_felis	83540	83540,5806,35082,423054,75739,5796,1280412,5794,33630,2698737,2759,131567
Cryptosporidium_hominis_TU502	353151	353151,237895,5806,35082,423054,75739,5796,1280412,5794,33630,2698737,2759,131567
Cryptosporidium_meleagridis	93969	93969,5806,35082,423054,75739,5796,1280412,5794,33630,2698737,2759,131567
Cryptosporidium_muris_RN66	441375	441375,5808,5806,35082,423054,75739,5796,1280412,5794,33630,2698737,2759,131567
Cryptosporidium_parvum_Iowa_II	353152	353152,5807,5806,35082,423054,75739,5796,1280412,5794,33630,2698737,2759,131567
Cryptosporidium_proliferans	1729943	1729943,5806,35082,423054,75739,5796,1280412,5794,33630,2698737,2759,131567
Cryptosporidium_ryanae	515981	515981,5806,35082,423054,75739,5796,1280412,5794,33630,2698737,2759,131567
Cryptosporidium_serpentis	83999	83999,5806,35082,423054,75739,5796,1280412,5794,33630,2698737,2759,131567
Cryptosporidium_tyzzeri	756076	756076,5806,35082,423054,75739,5796,1280412,5794,33630,2698737,2759,131567
Cryptosporidium_ubiquitum	857276	857276,5806,35082,423054,75739,5796,1280412,5794,33630,2698737,2759,131567
Cryptosporidium_xiaoi	659607	659607,5806,35082,423054,75739,5796,1280412,5794,33630,2698737,2759,131567
Cryptotermes_secundus	105785	105785,60568,105801,46562,1912919,1049657,85823,6970,33341,33340,7496,85512,50557,6960,3701030,3701028,197562,197563,6656,88770,1206794,33317,33213,6072,33208,33154,2759,131567
Cryptotrichosporon_argae	1890679	1890679,268179,1851470,1851469,155616,5302,5204,451864,4751,33154,2759,131567
Ctenocephalides_felis	7515	7515,7514,476429,7511,129369,140693,7509,3701063,3701062,33392,3701061,33340,7496,85512,50557,6960,3701030,3701028,197562,197563,6656,88770,1206794,33317,33213,6072,33208,33154,2759,131567
Ctenochauliodes_similis	1890692	1890692,1641415,85816,50554,50553,85817,3701064,3701062,33392,3701061,33340,7496,85512,50557,6960,3701030,3701028,197562,197563,6656,88770,1206794,33317,33213,6072,33208,33154,2759,131567
Cubamyces_lactineus	1391043	1391043,2939270,5317,5303,355688,155619,5302,5204,451864,4751,33154,2759,131567
Cubamyces_menziesii	2136021	2136021,2939270,5317,5303,355688,155619,5302,5204,451864,4751,33154,2759,131567
Cucumis_melo	3656	3656,3655,1003877,3650,71239,91835,71275,1437201,91827,71240,1437183,3398,58024,78536,58023,3193,131221,35493,33090,2759,131567
Cucumis_sativus	3659	3659,3655,1003877,3650,71239,91835,71275,1437201,91827,71240,1437183,3398,58024,78536,58023,3193,131221,35493,33090,2759,131567
Cucumispora_dikerogammari	658444	658444,1649875,469895,6029,112252,4751,33154,2759,131567
Cucurbita_argyrosperma	37648	37648,34294,3660,1003878,3650,71239,91835,71275,1437201,91827,71240,1437183,3398,58024,78536,58023,3193,131221,35493,33090,2759,131567
Cucurbita_maxima	3661	3661,3660,1003878,3650,71239,91835,71275,1437201,91827,71240,1437183,3398,58024,78536,58023,3193,131221,35493,33090,2759,131567
Cucurbita_moschata	3662	3662,3660,1003878,3650,71239,91835,71275,1437201,91827,71240,1437183,3398,58024,78536,58023,3193,131221,35493,33090,2759,131567
Cucurbita_pepo	3664	3664,3663,3660,1003878,3650,71239,91835,71275,1437201,91827,71240,1437183,3398,58024,78536,58023,3193,131221,35493,33090,2759,131567
Cucurbitaria_berberidis_CBS_394.84	1168544	1168544,45142,45141,221670,715340,92860,451868,147541,715962,716546,147538,716545,4890,451864,4751,33154,2759,131567
Cudoniella_acicularis	354080	354080,315078,5181,5178,147548,715989,716546,147538,716545,4890,451864,4751,33154,2759,131567
Cunninghamella_echinulata	76405	76405,4852,4851,4827,2212703,451507,1913637,112252,4751,33154,2759,131567
Curcuma_longa	136217	136217,99568,4642,4618,4734,1437197,4447,1437183,3398,58024,78536,58023,3193,131221,35493,33090,2759,131567
Curvularia_kusanoi	90978	90978,5502,28556,715340,92860,451868,147541,715962,716546,147538,716545,4890,451864,4751,33154,2759,131567
Cuscuta_australis	267555	267555,1824901,1824618,4128,292919,4118,4069,91888,71274,1437201,91827,71240,1437183,3398,58024,78536,58023,3193,131221,35493,33090,2759,131567
Cuscuta_europaea	41803	41803,1824621,4128,292919,4118,4069,91888,71274,1437201,91827,71240,1437183,3398,58024,78536,58023,3193,131221,35493,33090,2759,131567
Cutaneotrichosporon_cavernicola	279322	279322,1838142,1759442,1851469,155616,5302,5204,451864,4751,33154,2759,131567
Cutaneotrichosporon_oleaginosum	879819	879819,1838142,1759442,1851469,155616,5302,5204,451864,4751,33154,2759,131567
Cutaneotrichosporon_spelunceum	1672016	1672016,1838142,1759442,1851469,155616,5302,5204,451864,4751,33154,2759,131567
Cyanidiococcus_yangmingshanensis	2690220	2690220,2759657,265316,265318,2797,2763,2759,131567
Cyanidioschyzon_merolae	45157	45157,45156,265316,265318,2797,2763,2759,131567
Cyanidioschyzon_merolae_strain_10D	280699	280699,45157,45156,265316,265318,2797,2763,2759,131567
Cyanidium_caldarium	2771	2771,2770,265316,265318,2797,2763,2759,131567
Cyanoptyche_gloeocystis	77922	77922,77921,3421965,38254,2759,131567
Cybella_gelanggi	2590503	2590503,2590502,534936,534935,51799,6854,6843,6656,88770,1206794,33317,33213,6072,33208,33154,2759,131567
Cyberlindnera_jadinii_NRRL_Y-1542	4903	4903,4962,599729,3243778,4891,147537,716545,4890,451864,4751,33154,2759,131567
Cyberlindnera_jadinii_NRRL_Y1542	4903	4903,4962,599729,3243778,4891,147537,716545,4890,451864,4751,33154,2759,131567
Cybister_japonicus	398594	398594,50516,183334,107842,50515,535378,41071,7041,3701064,3701062,33392,3701061,33340,7496,85512,50557,6960,3701030,3701028,197562,197563,6656,88770,1206794,33317,33213,6072,33208,33154,2759,131567
Cycas_panzhihuaensis	123604	123604,3395,3394,3297,1445963,3296,1437180,58024,78536,58023,3193,131221,35493,33090,2759,131567
Cyclestheria_hislopi	77743	77743,77742,77787,116559,84337,116557,6658,3701030,3701028,197562,197563,6656,88770,1206794,33317,33213,6072,33208,33154,2759,131567
Cyclocybe_aegerita	1973307	1973307,1593263,3710463,2982305,5338,452333,155619,5302,5204,451864,4751,33154,2759,131567
Cyclopterus_lumpus	8103	8103,8102,181456,8101,1490021,8100,8111,1489922,1489872,123369,123368,123367,123366,123365,1489388,186625,1489341,32443,41665,186623,7898,117571,117570,7776,7742,89593,7711,33511,33213,6072,33208,33154,2759,131567
Cyclospora_cayetanensis	88456	88456,44417,5799,423054,75739,5796,1280412,5794,33630,2698737,2759,131567
Cyclostephanos_tholiformis	382380	382380,382378,29202,33847,33846,589449,2836,2696291,33634,2698737,2759,131567
Cyclotella_atomus	382360	382360,29203,29202,33847,33846,589449,2836,2696291,33634,2698737,2759,131567
Cyclotella_cryptica	29204	29204,29203,29202,33847,33846,589449,2836,2696291,33634,2698737,2759,131567
Cyerce_aff._antillensis	483961	483961,259547,1522361,216320,71490,977775,216307,216305,6448,6447,1206795,2697495,33317,33213,6072,33208,33154,2759,131567
Cylicobdellidae_sp._DSW-2020	2705382	2705382,2563013,251238,6416,2218736,55824,42113,6340,1206795,2697495,33317,33213,6072,33208,33154,2759,131567
Cylindrobulla_beauii	431608	431608,431607,2448665,158023,71490,977775,216307,216305,6448,6447,1206795,2697495,33317,33213,6072,33208,33154,2759,131567
Cylindrodendrum_hubeiense	595255	595255,78412,110618,5125,222543,147550,715989,716546,147538,716545,4890,451864,4751,33154,2759,131567
Cylindroiulus_sp._RF-2016	1816490	1816490,2621021,47131,41449,41448,118561,7553,61985,197563,6656,88770,1206794,33317,33213,6072,33208,33154,2759,131567
Cylindroleberidinae_sp._MS-2016	1897137	1897137,519373,178857,178856,84322,6671,6670,2172819,197562,197563,6656,88770,1206794,33317,33213,6072,33208,33154,2759,131567
Cylindrotheca_closterium	2856	2856,2852,33852,33851,33850,33849,2836,2696291,33634,2698737,2759,131567
Cymbomonas_tetramitiformis	36881	36881,36880,2682468,38834,2704063,3041,33090,2759,131567
Cynara_cardunculus	59895	59895,309979,4265,4264,742010,102818,219103,4210,4209,91882,71274,1437201,91827,71240,1437183,3398,58024,78536,58023,3193,131221,35493,33090,2759,131567
Cyphellophora_attinorum	1664694	1664694,226991,1341112,34395,451870,147545,716546,147538,716545,4890,451864,4751,33154,2759,131567
Cyphellophora_europaea_CBS_101466	1220924	1220924,293227,226991,1341112,34395,451870,147545,716546,147538,716545,4890,451864,4751,33154,2759,131567
Cyprideis_torosa	163714	163714,163713,163706,182511,116576,84318,43953,6670,2172819,197562,197563,6656,88770,1206794,33317,33213,6072,33208,33154,2759,131567
Cystobasidium_minutum_MCA_4210	1397322	1397322,29899,203525,34418,204043,432005,29000,5204,451864,4751,33154,2759,131567
Cystoisospora_suis	483139	483139,242060,5809,423054,75739,5796,1280412,5794,33630,2698737,2759,131567
Cytidiella_melzeri	1883072	1883072,1883071,1931355,5303,355688,155619,5302,5204,451864,4751,33154,2759,131567
Cytospora_leucostoma	1230097	1230097,117544,5117,5114,222544,147550,715989,716546,147538,716545,4890,451864,4751,33154,2759,131567
Cytospora_paraplurivora	2898453	2898453,117544,5117,5114,222544,147550,715989,716546,147538,716545,4890,451864,4751,33154,2759,131567
Cytospora_schulzeri	448051	448051,117544,5117,5114,222544,147550,715989,716546,147538,716545,4890,451864,4751,33154,2759,131567
Dacryopinax_primogenitus	1858805	1858805,139276,5254,28997,452332,5302,5204,451864,4751,33154,2759,131567
Dactylella_cylindrospora	1814901	1814901,47025,47021,189479,189478,147538,716545,4890,451864,4751,33154,2759,131567
Dactylonectria_estremocensis	1079267	1079267,1620264,110618,5125,222543,147550,715989,716546,147538,716545,4890,451864,4751,33154,2759,131567
Dactylonectria_macrodidyma	307937	307937,1620264,110618,5125,222543,147550,715989,716546,147538,716545,4890,451864,4751,33154,2759,131567
Daedalea_quercina_L-15889	1314783	1314783,40437,34474,1769247,5303,355688,155619,5302,5204,451864,4751,33154,2759,131567
Daedalea_quercina_L15889	1314783	1314783,40437,34474,1769247,5303,355688,155619,5302,5204,451864,4751,33154,2759,131567
Daedaleopsis_nitida	1140402	1140402,40432,5317,5303,355688,155619,5302,5204,451864,4751,33154,2759,131567
Daldinia_bambusicola	326643	326643,42360,2033035,37989,222545,147550,715989,716546,147538,716545,4890,451864,4751,33154,2759,131567
Daldinia_caldariorum	326644	326644,42360,2033035,37989,222545,147550,715989,716546,147538,716545,4890,451864,4751,33154,2759,131567
Daldinia_childiae	326645	326645,42360,2033035,37989,222545,147550,715989,716546,147538,716545,4890,451864,4751,33154,2759,131567
Daldinia_decipiens	326647	326647,42360,2033035,37989,222545,147550,715989,716546,147538,716545,4890,451864,4751,33154,2759,131567
Daldinia_eschscholtzii	292717	292717,42360,2033035,37989,222545,147550,715989,716546,147538,716545,4890,451864,4751,33154,2759,131567
Daldinia_grandis	103428	103428,42360,2033035,37989,222545,147550,715989,716546,147538,716545,4890,451864,4751,33154,2759,131567
Daldinia_loculata	103429	103429,42360,2033035,37989,222545,147550,715989,716546,147538,716545,4890,451864,4751,33154,2759,131567
Daldinia_vernicosa	114800	114800,42360,2033035,37989,222545,147550,715989,716546,147538,716545,4890,451864,4751,33154,2759,131567
Damon_sp._Maynooth	2508655	2508655,2645879,317678,317663,317662,61977,6854,6843,6656,88770,1206794,33317,33213,6072,33208,33154,2759,131567
Dampetrus_sp._RF-2017	1955546	1955546,2677163,1955545,118586,101154,3053344,43288,101165,43271,6854,6843,6656,88770,1206794,33317,33213,6072,33208,33154,2759,131567
Danaus_plexippus_plexippus	278856	278856,13037,151542,13036,344705,30248,127218,33415,37572,104431,37567,41197,41196,41191,7088,85604,3701063,3701062,33392,3701061,33340,7496,85512,50557,6960,3701030,3701028,197562,197563,6656,88770,1206794,33317,33213,6072,33208,33154,2759,131567
Danio_rerio	7955	7955,7954,2743711,2743709,30727,7952,186627,186626,32519,186634,186625,1489341,32443,41665,186623,7898,117571,117570,7776,7742,89593,7711,33511,33213,6072,33208,33154,2759,131567
Daphnia_magna	35525	35525,6668,77658,116561,6665,84337,116557,6658,3701030,3701028,197562,197563,6656,88770,1206794,33317,33213,6072,33208,33154,2759,131567
Darwinula_stevensoni	69355	69355,69354,69351,116575,116574,84318,43953,6670,2172819,197562,197563,6656,88770,1206794,33317,33213,6072,33208,33154,2759,131567
Datura_stramonium	4076	4076,4074,424565,424551,4070,4069,91888,71274,1437201,91827,71240,1437183,3398,58024,78536,58023,3193,131221,35493,33090,2759,131567
Daucus_carota	79200	79200,4039,1873447,4038,241799,241789,241778,4037,364270,4036,91882,71274,1437201,91827,71240,1437183,3398,58024,78536,58023,3193,131221,35493,33090,2759,131567
Debaryomyces_fabryi	58627	58627,4958,766764,2916678,3239874,147537,716545,4890,451864,4751,33154,2759,131567
Debaryomyces_hansenii_CBS767	284592	284592,4959,4958,766764,2916678,3239874,147537,716545,4890,451864,4751,33154,2759,131567
Debaryomyces_tyrocola	522358	522358,4958,766764,2916678,3239874,147537,716545,4890,451864,4751,33154,2759,131567
Decorospora_gaudefroyi	184978	184978,184977,28556,715340,92860,451868,147541,715962,716546,147538,716545,4890,451864,4751,33154,2759,131567
Deinandra_increscens	3103831	3103831,425869,149419,911351,219128,911341,102804,4210,4209,91882,71274,1437201,91827,71240,1437183,3398,58024,78536,58023,3193,131221,35493,33090,2759,131567
Delaya_leruthi	1963245	1963245,1171988,1171987,1171986,6382,6381,42113,6340,1206795,2697495,33317,33213,6072,33208,33154,2759,131567
Delisea_pulchra	40385	40385,38530,31365,31364,2045261,2806,2763,2759,131567
Delitschia_confertaspora_ATCC_74209	1513339	1513339,1504671,100051,221679,92860,451868,147541,715962,716546,147538,716545,4890,451864,4751,33154,2759,131567
Delonix_regia	72433	72433,72432,1963090,3804,3803,72025,91835,71275,1437201,91827,71240,1437183,3398,58024,78536,58023,3193,131221,35493,33090,2759,131567
Delphinella_strobiligena	147560	147560,147559,64899,5014,451867,147541,715962,716546,147538,716545,4890,451864,4751,33154,2759,131567
Dendrobeania_fruticosa	2893298	2893298,1545972,10210,193209,558764,10207,10206,10205,1206795,2697495,33317,33213,6072,33208,33154,2759,131567
Dendrobium_catenatum	906689	906689,37818,158406,158392,158332,4747,73496,1437197,4447,1437183,3398,58024,78536,58023,3193,131221,35493,33090,2759,131567
Dendrobium_chrysotoxum	161865	161865,37818,158406,158392,158332,4747,73496,1437197,4447,1437183,3398,58024,78536,58023,3193,131221,35493,33090,2759,131567
Dendrobium_nobile	94219	94219,37818,158406,158392,158332,4747,73496,1437197,4447,1437183,3398,58024,78536,58023,3193,131221,35493,33090,2759,131567
Dendrobium_thyrsiflorum	117978	117978,37818,158406,158392,158332,4747,73496,1437197,4447,1437183,3398,58024,78536,58023,3193,131221,35493,33090,2759,131567
Dendrocalamus_sinicus	338490	338490,15451,1648004,147376,1648035,147366,359160,4479,38820,4734,1437197,4447,1437183,3398,58024,78536,58023,3193,131221,35493,33090,2759,131567
Dendrophyllia_cribrosa	1140371	1140371,130058,44299,3687091,6125,6102,6101,6073,6072,33208,33154,2759,131567
Dendrothele_bispora_CBS_962.96	1314807	1314807,1314803,139111,230759,5338,452333,155619,5302,5204,451864,4751,33154,2759,131567
Dendryphion_nanum	256645	256645,84616,1667020,92860,451868,147541,715962,716546,147538,716545,4890,451864,4751,33154,2759,131567
Denticeps_clupeoides	299321	299321,299320,299319,1489459,32446,282425,186634,186625,1489341,32443,41665,186623,7898,117571,117570,7776,7742,89593,7711,33511,33213,6072,33208,33154,2759,131567
Dentipellis_fragilis	205917	205917,154746,40458,452342,355688,155619,5302,5204,451864,4751,33154,2759,131567
Dentiscutata_erythropus	1348616	1348616,756610,36753,214509,214506,3705879,214504,112252,4751,33154,2759,131567
Dentiscutata_heterogama	1316150	1316150,756610,36753,214509,214506,3705879,214504,112252,4751,33154,2759,131567
Dermacentor_andersoni	34620	34620,34619,426437,6939,297308,6935,6934,6933,6854,6843,6656,88770,1206794,33317,33213,6072,33208,33154,2759,131567
Dermanyssus_gallinae	34641	34641,34640,34639,41438,1723665,281668,34634,6934,6933,6854,6843,6656,88770,1206794,33317,33213,6072,33208,33154,2759,131567
Deroceras_reticulatum	145610	145610,145609,147582,87871,216366,6527,120490,977775,216307,216305,6448,6447,1206795,2697495,33317,33213,6072,33208,33154,2759,131567
Desarmillaria_ectypa	47430	47430,1929757,862241,2982316,5338,452333,155619,5302,5204,451864,4751,33154,2759,131567
Desarmillaria_tabescens	1929756	1929756,1929757,862241,2982316,5338,452333,155619,5302,5204,451864,4751,33154,2759,131567
Diacronema_lutheri	2081491	2081491,70451,418969,73026,3435358,2830,2608109,2759,131567
Diaphanoeca_grandis	28014	28014,28013,1158810,1924739,28009,33154,2759,131567
Diaporthe_amygdali	1214568	1214568,36922,767018,5114,222544,147550,715989,716546,147538,716545,4890,451864,4751,33154,2759,131567
Diaporthe_batatas	748121	748121,36922,767018,5114,222544,147550,715989,716546,147538,716545,4890,451864,4751,33154,2759,131567
Diaporthe_citri	83186	83186,36922,767018,5114,222544,147550,715989,716546,147538,716545,4890,451864,4751,33154,2759,131567
Diaporthe_ilicicola	2419934	2419934,36922,767018,5114,222544,147550,715989,716546,147538,716545,4890,451864,4751,33154,2759,131567
Diatrype_stigma	117547	117547,42365,42364,37989,222545,147550,715989,716546,147538,716545,4890,451864,4751,33154,2759,131567
Dichanthelium_oligosanthes	888268	888268,161620,1648011,147428,1648036,147369,147370,4479,38820,4734,1437197,4447,1437183,3398,58024,78536,58023,3193,131221,35493,33090,2759,131567
Dichomitus_squalens_LYAD-421_SS1	732165	732165,114155,114154,5317,5303,355688,155619,5302,5204,451864,4751,33154,2759,131567
Dichomitus_squalens_LYAD421_SS1	732165	732165,114155,114154,5317,5303,355688,155619,5302,5204,451864,4751,33154,2759,131567
Dichotomocladium_elegans	101130	101130,64643,499202,4827,2212703,451507,1913637,112252,4751,33154,2759,131567
Dichotomopilus_funicola	1934379	1934379,1934375,35718,5139,222544,147550,715989,716546,147538,716545,4890,451864,4751,33154,2759,131567
Dictyocoela_muelleri	279532	279532,279531,469895,6029,112252,4751,33154,2759,131567
Dictyocoela_roeselum	288439	288439,279531,469895,6029,112252,4751,33154,2759,131567
Dicyemida_sp._4_KMK-2022	2969543	2969543,2565289,10215,2697533,1206795,2697495,33317,33213,6072,33208,33154,2759,131567
Dicyemida_sp._5_KMK-2022	2969544	2969544,2565289,10215,2697533,1206795,2697495,33317,33213,6072,33208,33154,2759,131567
Didymella_exigua_CBS_183.55	1150837	1150837,100019,55170,683158,715340,92860,451868,147541,715962,716546,147538,716545,4890,451864,4751,33154,2759,131567
Didymella_heteroderae	1769908	1769908,55170,683158,715340,92860,451868,147541,715962,716546,147538,716545,4890,451864,4751,33154,2759,131567
Didymella_keratinophila	2301244	2301244,55170,683158,715340,92860,451868,147541,715962,716546,147538,716545,4890,451864,4751,33154,2759,131567
Didymella_pomorum	749634	749634,55170,683158,715340,92860,451868,147541,715962,716546,147538,716545,4890,451864,4751,33154,2759,131567
Didymodactylos_carnosus	1234261	1234261,1234260,44580,104783,44578,2816136,10190,2697496,2697495,33317,33213,6072,33208,33154,2759,131567
Didymoeca_costata	459534	459534,1042545,1158810,1924739,28009,33154,2759,131567
Didymosphaeria_variabile	1932322	1932322,85947,221678,1255046,92860,451868,147541,715962,716546,147538,716545,4890,451864,4751,33154,2759,131567
Digitaria_exilis	1010633	1010633,66017,1293360,147428,1648036,147369,147370,4479,38820,4734,1437197,4447,1437183,3398,58024,78536,58023,3193,131221,35493,33090,2759,131567
Dillenia_turbinata	194707	194707,4377,24942,403665,1437201,91827,71240,1437183,3398,58024,78536,58023,3193,131221,35493,33090,2759,131567
Dimargaris_cristalligena	215637	215637,78924,78919,78918,2219692,451828,3704128,112252,4751,33154,2759,131567
Dimargaris_verticillata	2761393	2761393,78924,78919,78918,2219692,451828,3704128,112252,4751,33154,2759,131567
Dimargaris_xerosporica	2761399	2761399,78924,78919,78918,2219692,451828,3704128,112252,4751,33154,2759,131567
Dimorphilus_gyrociliatus	2664684	2664684,2664683,120993,1649654,6341,6340,1206795,2697495,33317,33213,6072,33208,33154,2759,131567
Dinochytrium_kinnereticum	1774096	1774096,3065265,4812,4810,451435,3705883,4761,3705317,112252,4751,33154,2759,131567
Dinothrombium_tinctorium	1965070	1965070,58781,83144,83143,83141,83138,6947,83136,6946,6933,6854,6843,6656,88770,1206794,33317,33213,6072,33208,33154,2759,131567
Dionaea_muscipula	4362	4362,4361,4360,3524,1437201,91827,71240,1437183,3398,58024,78536,58023,3193,131221,35493,33090,2759,131567
Diopisthoporus_longitubus	996724	996724,996723,996761,31265,147099,1312402,33213,6072,33208,33154,2759,131567
Dioscorea_cayenensis	55577	55577,29710,4672,4671,40548,1437197,4447,1437183,3398,58024,78536,58023,3193,131221,35493,33090,2759,131567
Dioscorea_sansibarensis	55578	55578,4672,4671,40548,1437197,4447,1437183,3398,58024,78536,58023,3193,131221,35493,33090,2759,131567
Dioscorea_zingiberensis	325984	325984,4672,4671,40548,1437197,4447,1437183,3398,58024,78536,58023,3193,131221,35493,33090,2759,131567
Diospyros_lotus	55363	55363,13492,19955,41945,71274,1437201,91827,71240,1437183,3398,58024,78536,58023,3193,131221,35493,33090,2759,131567
Dioszegia_hungarica	4972	4972,165440,1884640,5234,155616,5302,5204,451864,4751,33154,2759,131567
Diphasiastrum_complanatum	34168	34168,455304,1965347,3250,3249,1521260,58023,3193,131221,35493,33090,2759,131567
Diplocarpon_coronariae	2795749	2795749,446948,2793945,5178,147548,715989,716546,147538,716545,4890,451864,4751,33154,2759,131567
Diplocarpon_mali	946123	946123,446948,2793945,5178,147548,715989,716546,147538,716545,4890,451864,4751,33154,2759,131567
Diplocarpon_rosae	946125	946125,446948,2793945,5178,147548,715989,716546,147538,716545,4890,451864,4751,33154,2759,131567
Diplodia_corticola	236234	236234,66735,45131,451869,159987,147541,715962,716546,147538,716545,4890,451864,4751,33154,2759,131567
Diplodia_intermedia	856260	856260,66735,45131,451869,159987,147541,715962,716546,147538,716545,4890,451864,4751,33154,2759,131567
Diplodia_sapinea	66738	66738,66735,45131,451869,159987,147541,715962,716546,147538,716545,4890,451864,4751,33154,2759,131567
Diplodia_seriata	420778	420778,66735,45131,451869,159987,147541,715962,716546,147538,716545,4890,451864,4751,33154,2759,131567
Diplodiscus_trichospermus	248822	248822,3704303,214917,3629,41938,91836,71275,1437201,91827,71240,1437183,3398,58024,78536,58023,3193,131221,35493,33090,2759,131567
Diplogasteroides_magnus	560213	560213,560212,560225,2301094,50827,2301116,6236,119089,6231,1206794,33317,33213,6072,33208,33154,2759,131567
Diplogelasinospora_grovesii	303347	303347,303324,2905957,5139,222544,147550,715989,716546,147538,716545,4890,451864,4751,33154,2759,131567
Diploscapter_pachys	2018661	2018661,55799,1839939,6243,55879,2301119,2301116,6236,119089,6231,1206794,33317,33213,6072,33208,33154,2759,131567
Diploschistes_diacapsis	150877	150877,71602,1130107,1130102,71598,38074,388283,1520881,147547,716546,147538,716545,4890,451864,4751,33154,2759,131567
Dipodascopsis_tothii	44089	44089,3715007,29827,3243773,3243770,147537,716545,4890,451864,4751,33154,2759,131567
Dipsacomyces_acuminosporus	4866	4866,4865,4862,4861,2219690,451828,3704128,112252,4751,33154,2759,131567
Dipteronia_dyeriana	168575	168575,43781,1977919,1977916,23672,41937,91836,71275,1437201,91827,71240,1437183,3398,58024,78536,58023,3193,131221,35493,33090,2759,131567
Dipteronia_sinensis	43782	43782,43781,1977919,1977916,23672,41937,91836,71275,1437201,91827,71240,1437183,3398,58024,78536,58023,3193,131221,35493,33090,2759,131567
Discosporangium_mesarthrocarpum	376270	376270,376269,376268,27945,2870,569578,2696291,33634,2698737,2759,131567
Discostella_pseudostelligera	259834	259834,382381,29202,33847,33846,589449,2836,2696291,33634,2698737,2759,131567
Discula_destructiva	148313	148313,124132,218102,5114,222544,147550,715989,716546,147538,716545,4890,451864,4751,33154,2759,131567
Dispira_parvispora	1520584	1520584,78922,78919,78918,2219692,451828,3704128,112252,4751,33154,2759,131567
Dispira_simplex	2789359	2789359,78922,78919,78918,2219692,451828,3704128,112252,4751,33154,2759,131567
Dissoconium_aciculare_CBS_342.82	1314786	1314786,112489,112488,744530,2726947,451867,147541,715962,716546,147538,716545,4890,451864,4751,33154,2759,131567
Dissophora_globulifera	979702	979702,101100,4854,214503,2212732,1137986,3705878,112252,4751,33154,2759,131567
Dissophora_ornata	979620	979620,101100,4854,214503,2212732,1137986,3705878,112252,4751,33154,2759,131567
Diurodrilus_subterraneus	1318637	1318637,467811,467813,65495,105390,6341,6340,1206795,2697495,33317,33213,6072,33208,33154,2759,131567
Diuronotus_aspetos	1681188	1681188,1681187,1681186,41321,41320,33313,1206795,2697495,33317,33213,6072,33208,33154,2759,131567
Diutina_catenulata	45537	45537,1910789,766764,2916678,3239874,147537,716545,4890,451864,4751,33154,2759,131567
Diutina_rugosa	5481	5481,1910789,766764,2916678,3239874,147537,716545,4890,451864,4751,33154,2759,131567
Diversispora_eburnea	1213867	1213867,308926,308925,214509,214506,3705879,214504,112252,4751,33154,2759,131567
Diversispora_epigaea	1348612	1348612,308926,308925,214509,214506,3705879,214504,112252,4751,33154,2759,131567
Dorcoceras_hygrometricum	472368	472368,1803640,1478967,214607,214597,26122,4143,91888,71274,1437201,91827,71240,1437183,3398,58024,78536,58023,3193,131221,35493,33090,2759,131567
Dorylaimopsis_sp._T63	2879815	2879815,2643719,373682,129877,320100,114861,119089,6231,1206794,33317,33213,6072,33208,33154,2759,131567
Dothidotthia_symphoricarpi_CBS_119687	1392245	1392245,548649,548651,548648,92860,451868,147541,715962,716546,147538,716545,4890,451864,4751,33154,2759,131567
Dovyalis_caffra	77055	77055,72452,238070,3688,3646,91835,71275,1437201,91827,71240,1437183,3398,58024,78536,58023,3193,131221,35493,33090,2759,131567
Drawida_sp._KH-2017	1963188	1963188,2617507,408825,684784,684783,6381,42113,6340,1206795,2697495,33317,33213,6072,33208,33154,2759,131567
Drechmeria_coniospora	98403	98403,98402,474942,5125,222543,147550,715989,716546,147538,716545,4890,451864,4751,33154,2759,131567
Drechslerella_stenobrocha_248	1043628	1043628,314127,314126,47021,189479,189478,147538,716545,4890,451864,4751,33154,2759,131567
Dreissena_rostriformis	427924	427924,205083,45951,45950,105711,278205,2908833,2785015,735337,6599,2785011,6544,6447,1206795,2697495,33317,33213,6072,33208,33154,2759,131567
Drepanopeziza_brunnea_f._sp._'multigermtubi'	698441	698441,698440,2081418,2793945,5178,147548,715989,716546,147538,716545,4890,451864,4751,33154,2759,131567
Dromaius_novaehollandiae	8790	8790,8789,8788,8784,8783,8782,436492,436491,436489,436486,8492,1329799,32561,8457,32524,32523,1338369,8287,117571,117570,7776,7742,89593,7711,33511,33213,6072,33208,33154,2759,131567
Dromiciops_gliroides	33562	33562,33561,30660,38607,9263,32525,40674,32524,32523,1338369,8287,117571,117570,7776,7742,89593,7711,33511,33213,6072,33208,33154,2759,131567
Drosera_capensis	4366	4366,4363,4360,3524,1437201,91827,71240,1437183,3398,58024,78536,58023,3193,131221,35493,33090,2759,131567
Drosera_rotundifolia	173423	173423,4363,4360,3524,1437201,91827,71240,1437183,3398,58024,78536,58023,3193,131221,35493,33090,2759,131567
Drosophila_melanogaster	7227	7227,32351,32346,32341,7215,46877,43845,7214,43746,43741,43738,480117,480118,43733,7203,7147,3701063,3701062,33392,3701061,33340,7496,85512,50557,6960,3701030,3701028,197562,197563,6656,88770,1206794,33317,33213,6072,33208,33154,2759,131567
Drosophila_pseudoobscura	7237	7237,32358,32355,32341,7215,46877,43845,7214,43746,43741,43738,480117,480118,43733,7203,7147,3701063,3701062,33392,3701061,33340,7496,85512,50557,6960,3701030,3701028,197562,197563,6656,88770,1206794,33317,33213,6072,33208,33154,2759,131567
Dugesia_japonica	6161	6161,6160,31262,1292253,1292243,6159,147100,6157,1206795,2697495,33317,33213,6072,33208,33154,2759,131567
Dugesia_ryukyuensis	79738	79738,6160,31262,1292253,1292243,6159,147100,6157,1206795,2697495,33317,33213,6072,33208,33154,2759,131567
Dunaliella_salina	3046	3046,3044,3043,3042,2812636,3166,2692248,3041,33090,2759,131567
Durio_zibethinus	66656	66656,66655,214915,3629,41938,91836,71275,1437201,91827,71240,1437183,3398,58024,78536,58023,3193,131221,35493,33090,2759,131567
Durotheca_rogersii	419775	419775,1912359,37990,37989,222545,147550,715989,716546,147538,716545,4890,451864,4751,33154,2759,131567
Durusdinium_trenchii	1381693	1381693,2486699,252141,89954,2864,33630,2698737,2759,131567
Earliella_scabrosa	2478900	2478900,239199,5317,5303,355688,155619,5302,5204,451864,4751,33154,2759,131567
Echeneis_naucrates	173247	173247,173246,173245,1489907,1489904,1489872,123369,123368,123367,123366,123365,1489388,186625,1489341,32443,41665,186623,7898,117571,117570,7776,7742,89593,7711,33511,33213,6072,33208,33154,2759,131567
Echiniscoides_sigismundi	500494	500494,500490,500489,710186,89368,42241,88770,1206794,33317,33213,6072,33208,33154,2759,131567
Echiniscus_testudo	399800	399800,86848,86847,710186,89368,42241,88770,1206794,33317,33213,6072,33208,33154,2759,131567
Echinoderes_ohtsukai	1755667	1755667,327034,327033,310836,51516,1215728,1206794,33317,33213,6072,33208,33154,2759,131567
Echinogammarus_berilloni	889313	889313,248952,36939,44329,1732304,1732204,1732196,6821,6820,72041,6681,3701029,3701028,197562,197563,6656,88770,1206794,33317,33213,6072,33208,33154,2759,131567
Echinoplana_celerrima	983673	983673,983672,983685,983683,166333,6163,147100,6157,1206795,2697495,33317,33213,6072,33208,33154,2759,131567
Echria_macrotheca	438768	438768,1538025,2891592,5139,222544,147550,715989,716546,147538,716545,4890,451864,4751,33154,2759,131567
Ectocarpus_fasciculatus	43935	43935,2879,2878,2877,2870,569578,2696291,33634,2698737,2759,131567
Ectocarpus_siliculosus	2880	2880,2879,2878,2877,2870,569578,2696291,33634,2698737,2759,131567
Ectopsocus_briggsi	322492	322492,239222,38128,298048,239226,38127,1930602,33342,3701061,33340,7496,85512,50557,6960,3701030,3701028,197562,197563,6656,88770,1206794,33317,33213,6072,33208,33154,2759,131567
Edaphochlamys_debaryana	47281	47281,2594176,77634,3042,2812636,3166,2692248,3041,33090,2759,131567
Edhazardia_aedis_USNM_41457	1003232	1003232,70536,70535,322152,469895,6029,112252,4751,33154,2759,131567
Eigenmannia_virescens	749526	749526,36703,30769,1489621,8002,186628,186626,32519,186634,186625,1489341,32443,41665,186623,7898,117571,117570,7776,7742,89593,7711,33511,33213,6072,33208,33154,2759,131567
Eimeria_acervulina	5801	5801,5800,5799,423054,75739,5796,1280412,5794,33630,2698737,2759,131567
Eimeria_brunetti	51314	51314,5800,5799,423054,75739,5796,1280412,5794,33630,2698737,2759,131567
Eimeria_flavescens	471277	471277,5800,5799,423054,75739,5796,1280412,5794,33630,2698737,2759,131567
Eimeria_intestinalis	471278	471278,5800,5799,423054,75739,5796,1280412,5794,33630,2698737,2759,131567
Eimeria_magna	471282	471282,5800,5799,423054,75739,5796,1280412,5794,33630,2698737,2759,131567
Eimeria_maxima	5804	5804,5800,5799,423054,75739,5796,1280412,5794,33630,2698737,2759,131567
Eimeria_media	471279	471279,5800,5799,423054,75739,5796,1280412,5794,33630,2698737,2759,131567
Eimeria_mitis	44415	44415,5800,5799,423054,75739,5796,1280412,5794,33630,2698737,2759,131567
Eimeria_necatrix	51315	51315,5800,5799,423054,75739,5796,1280412,5794,33630,2698737,2759,131567
Eimeria_stiedai	471275	471275,5800,5799,423054,75739,5796,1280412,5794,33630,2698737,2759,131567
Eimeria_tenella	5802	5802,5800,5799,423054,75739,5796,1280412,5794,33630,2698737,2759,131567
Eisenia_andrei	168636	168636,6393,1046325,6392,6391,2803884,6381,42113,6340,1206795,2697495,33317,33213,6072,33208,33154,2759,131567
Elaeis_guineensis	51953	51953,51952,169729,169705,169697,4710,40551,4734,1437197,4447,1437183,3398,58024,78536,58023,3193,131221,35493,33090,2759,131567
Elaphomyces_granulatus	519963	519963,36046,147546,5042,451871,147545,716546,147538,716545,4890,451864,4751,33154,2759,131567
Elasticomyces_elasticus	574655	574655,701935,668547,2726947,451867,147541,715962,716546,147538,716545,4890,451864,4751,33154,2759,131567
Electrophorus_electricus	8005	8005,8004,30771,1489620,8002,186628,186626,32519,186634,186625,1489341,32443,41665,186623,7898,117571,117570,7776,7742,89593,7711,33511,33213,6072,33208,33154,2759,131567
Eleusine_coracana	191504	191504,4511,4510,751762,147435,147371,147370,4479,38820,4734,1437197,4447,1437183,3398,58024,78536,58023,3193,131221,35493,33090,2759,131567
Eleutherodactylus_coqui	57060	57060,228650,8380,317359,613034,8417,8416,8342,41666,8292,32523,1338369,8287,117571,117570,7776,7742,89593,7711,33511,33213,6072,33208,33154,2759,131567
Elliptochloris_bilobata	381761	381761,381760,2511161,75981,75966,2692248,3041,33090,2759,131567
Ellobium_chinense	1628040	1628040,120491,69683,145629,2340871,120490,977775,216307,216305,6448,6447,1206795,2697495,33317,33213,6072,33208,33154,2759,131567
Elsinoe_batatas	2601811	2601811,40996,40995,45676,451867,147541,715962,716546,147538,716545,4890,451864,4751,33154,2759,131567
Elysia_chlorotica	188477	188477,71493,71492,71491,71490,977775,216307,216305,6448,6447,1206795,2697495,33317,33213,6072,33208,33154,2759,131567
Elysia_crispata	231223	231223,71493,71492,71491,71490,977775,216307,216305,6448,6447,1206795,2697495,33317,33213,6072,33208,33154,2759,131567
Elysia_hedgpethi	1522333	1522333,71493,71492,71491,71490,977775,216307,216305,6448,6447,1206795,2697495,33317,33213,6072,33208,33154,2759,131567
Elysia_rufescens	380559	380559,71493,71492,71491,71490,977775,216307,216305,6448,6447,1206795,2697495,33317,33213,6072,33208,33154,2759,131567
Elysia_timida	154625	154625,71493,71492,71491,71490,977775,216307,216305,6448,6447,1206795,2697495,33317,33213,6072,33208,33154,2759,131567
Elysia_velutinus	2136272	2136272,71493,71492,71491,71490,977775,216307,216305,6448,6447,1206795,2697495,33317,33213,6072,33208,33154,2759,131567
Emarellia_grisea	1805848	1805848,1944134,1208339,1255046,92860,451868,147541,715962,716546,147538,716545,4890,451864,4751,33154,2759,131567
Emergomyces_africanus	1955775	1955775,1955773,299071,33183,451871,147545,716546,147538,716545,4890,451864,4751,33154,2759,131567
Emergomyces_pasteurianus_Ep9510	1447872	1447872,1955774,1955773,299071,33183,451871,147545,716546,147538,716545,4890,451864,4751,33154,2759,131567
Emericellopsis_atlantica	2614577	2614577,45244,103887,5125,222543,147550,715989,716546,147538,716545,4890,451864,4751,33154,2759,131567
Emericellopsis_cladophorae	2686198	2686198,45244,103887,5125,222543,147550,715989,716546,147538,716545,4890,451864,4751,33154,2759,131567
Emiliania_huxleyi_CCMP1516	280463	280463,2903,2902,418966,73020,2608131,2830,2608109,2759,131567
Emydomyces_testavorans	2070801	2070801,2495364,1368691,33183,451871,147545,716546,147538,716545,4890,451864,4751,33154,2759,131567
Encephalitozoon_cuniculi_GB-M1	284813	284813,6035,6033,36734,6032,6029,112252,4751,33154,2759,131567
Encephalitozoon_cuniculi_GBM1	284813	284813,6035,6033,36734,6032,6029,112252,4751,33154,2759,131567
Encephalitozoon_hellem_ATCC_50504	907965	907965,27973,6033,36734,6032,6029,112252,4751,33154,2759,131567
Encephalitozoon_intestinalis_ATCC_50506	876142	876142,58839,6033,36734,6032,6029,112252,4751,33154,2759,131567
Encephalitozoon_romaleae_SJ-2008	1178016	1178016,571949,6033,36734,6032,6029,112252,4751,33154,2759,131567
Encephalitozoon_romaleae_SJ2008	1178016	1178016,571949,6033,36734,6032,6029,112252,4751,33154,2759,131567
Enchytraeus_crypticus	913645	913645,6389,6388,1964463,6381,42113,6340,1206795,2697495,33317,33213,6072,33208,33154,2759,131567
Endocarpon_pusillum_Z07020	1263415	1263415,364733,364710,146292,146291,451870,147545,716546,147538,716545,4890,451864,4751,33154,2759,131567
Engystomops_pustulosus	76066	76066,365332,613091,8372,8417,8416,8342,41666,8292,32523,1338369,8287,117571,117570,7776,7742,89593,7711,33511,33213,6072,33208,33154,2759,131567
Enoplus_brevis	57292	57292,57291,57290,319996,2044734,57287,33218,119088,6231,1206794,33317,33213,6072,33208,33154,2759,131567
Ensete_ventricosum	4639	4639,4638,4637,4618,4734,1437197,4447,1437183,3398,58024,78536,58023,3193,131221,35493,33090,2759,131567
Enteropsectra_breve	1912989	1912989,1912988,469895,6029,112252,4751,33154,2759,131567
Enterospora_canceri	1081671	1081671,1081670,27970,6032,6029,112252,4751,33154,2759,131567
Entomophthora_muscae	34485	34485,34484,34481,4857,1399770,451824,1264859,112252,4751,33154,2759,131567
Entomortierella_beljakovae	979673	979673,2779859,4854,214503,2212732,1137986,3705878,112252,4751,33154,2759,131567
Entomortierella_chlamydospora	101097	101097,2779859,4854,214503,2212732,1137986,3705878,112252,4751,33154,2759,131567
Entomortierella_lignicola	979712	979712,2779859,4854,214503,2212732,1137986,3705878,112252,4751,33154,2759,131567
Entonomenia_tricarinata	1541969	1541969,1541968,1541974,1077250,231996,47122,6447,1206795,2697495,33317,33213,6072,33208,33154,2759,131567
Entophlyctis_helioformis	281842	281842,64501,1352827,4810,451435,3705883,4761,3705317,112252,4751,33154,2759,131567
Entophlyctis_luteolus	109932	109932,64501,1352827,4810,451435,3705883,4761,3705317,112252,4751,33154,2759,131567
Eoacmaea_pustulata	2494650	2494650,2494649,2494648,2494647,69675,6448,6447,1206795,2697495,33317,33213,6072,33208,33154,2759,131567
Eocyzicus_sp._MCZ_IZ_50104	1930652	1930652,2641477,114097,2763495,77657,84337,116557,6658,3701030,3701028,197562,197563,6656,88770,1206794,33317,33213,6072,33208,33154,2759,131567
Eoleptestheria_cf._ticinensis_MCZ_IZ_50108	1930653	1930653,1747218,117535,77657,84337,116557,6658,3701030,3701028,197562,197563,6656,88770,1206794,33317,33213,6072,33208,33154,2759,131567
Eoperipatus_totoro	1385931	1385931,1198995,27564,2082882,2082881,27563,88770,1206794,33317,33213,6072,33208,33154,2759,131567
Eosentomon_sakura	289450	289450,194915,79725,79723,29999,6960,3701030,3701028,197562,197563,6656,88770,1206794,33317,33213,6072,33208,33154,2759,131567
Ephemerocybe_angulata	980116	980116,3440528,184208,2982305,5338,452333,155619,5302,5204,451864,4751,33154,2759,131567
Ephydatia_muelleri	6052	6052,6051,6050,1779161,1779146,6042,6040,33208,33154,2759,131567
Epibryon_bryophilum	1206335	1206335,1206334,1503986,34395,451870,147545,716546,147538,716545,4890,451864,4751,33154,2759,131567
Epibryon_interlamellare	1206340	1206340,1206334,1503986,34395,451870,147545,716546,147538,716545,4890,451864,4751,33154,2759,131567
Epibryon_turfosorum	1206344	1206344,1206334,1503986,34395,451870,147545,716546,147538,716545,4890,451864,4751,33154,2759,131567
Epichloe_festucae_Fl1	877507	877507,35717,5112,34397,5125,222543,147550,715989,716546,147538,716545,4890,451864,4751,33154,2759,131567
Epicoccum_nigrum	105696	105696,104397,683158,715340,92860,451868,147541,715962,716546,147538,716545,4890,451864,4751,33154,2759,131567
Epiperipatus_broadwayi	2448278	2448278,172519,27564,2082882,2082881,27563,88770,1206794,33317,33213,6072,33208,33154,2759,131567
Epiperipatus_sp._CB-2018_/_Epiperipatus_sp._(Panama)_MCZ-141126	2497346	2497346,2631781,172519,27564,2082882,2082881,27563,88770,1206794,33317,33213,6072,33208,33154,2759,131567
Epiperipatus_trinidadensis	2448280	2448280,172519,27564,2082882,2082881,27563,88770,1206794,33317,33213,6072,33208,33154,2759,131567
Epiperipatus_vagans	2448281	2448281,172519,27564,2082882,2082881,27563,88770,1206794,33317,33213,6072,33208,33154,2759,131567
Epithele_typhae	378194	378194,378193,378192,5303,355688,155619,5302,5204,451864,4751,33154,2759,131567
Eptatretus_burgeri	7764	7764,7763,30309,7762,7761,117565,1476529,7742,89593,7711,33511,33213,6072,33208,33154,2759,131567
Eragrostis_curvula	38414	38414,38413,751752,147436,147371,147370,4479,38820,4734,1437197,4447,1437183,3398,58024,78536,58023,3193,131221,35493,33090,2759,131567
Ercolania_boodleae	2720088	2720088,483965,71495,216320,71490,977775,216307,216305,6448,6447,1206795,2697495,33317,33213,6072,33208,33154,2759,131567
Eremomyces_bilateralis_CBS_781.70	1392243	1392243,1341166,258075,241722,2714147,159987,147541,715962,716546,147538,716545,4890,451864,4751,33154,2759,131567
Eremothecium_cymbalariae_DBVPG#7215	931890	931890,45285,33170,4893,4892,4891,147537,716545,4890,451864,4751,33154,2759,131567
Eremothecium_gossypii_ATCC_10895	284811	284811,33169,33170,4893,4892,4891,147537,716545,4890,451864,4751,33154,2759,131567
Eremothecium_sinecaudum	45286	45286,33170,4893,4892,4891,147537,716545,4890,451864,4751,33154,2759,131567
Erigeron_canadensis	72917	72917,41574,2841728,877976,102809,102804,4210,4209,91882,71274,1437201,91827,71240,1437183,3398,58024,78536,58023,3193,131221,35493,33090,2759,131567
Eriocheir_sinensis	95602	95602,95601,72876,29962,116707,116704,6752,6692,6683,3701045,72041,6681,3701029,3701028,197562,197563,6656,88770,1206794,33317,33213,6072,33208,33154,2759,131567
Ero_leonina	1506261	1506261,1112515,336669,336668,74971,6905,6893,6854,6843,6656,88770,1206794,33317,33213,6072,33208,33154,2759,131567
Erpetoichthys_calabaricus	27687	27687,27686,8289,8288,1338366,7898,117571,117570,7776,7742,89593,7711,33511,33213,6072,33208,33154,2759,131567
Eruca_vesicaria	29727	29727,180536,19151,981071,3700,3699,91836,71275,1437201,91827,71240,1437183,3398,58024,78536,58023,3193,131221,35493,33090,2759,131567
Erysiphe_necator	52586	52586,5121,34371,5178,147548,715989,716546,147538,716545,4890,451864,4751,33154,2759,131567
Erysiphe_neolycopersici	212602	212602,5121,34371,5178,147548,715989,716546,147538,716545,4890,451864,4751,33154,2759,131567
Erysiphe_pulchra	225359	225359,5121,34371,5178,147548,715989,716546,147538,716545,4890,451864,4751,33154,2759,131567
Erythranthe_guttata	4155	4155,1502711,41399,4143,91888,71274,1437201,91827,71240,1437183,3398,58024,78536,58023,3193,131221,35493,33090,2759,131567
Erythranthe_nasuta	4158	4158,1502711,41399,4143,91888,71274,1437201,91827,71240,1437183,3398,58024,78536,58023,3193,131221,35493,33090,2759,131567
Erythranthe_tilingii	4161	4161,1502711,41399,4143,91888,71274,1437201,91827,71240,1437183,3398,58024,78536,58023,3193,131221,35493,33090,2759,131567
Erythrolobus_australicus	1077150	1077150,362234,2799,2798,2797,2763,2759,131567
Erythrolobus_madagascarensis	708628	708628,362234,2799,2798,2797,2763,2759,131567
Erythroxylum_novogranatense	1862640	1862640,13511,22118,3646,91835,71275,1437201,91827,71240,1437183,3398,58024,78536,58023,3193,131221,35493,33090,2759,131567
Escallonia_herrerae	1293975	1293975,23075,39020,703245,91882,71274,1437201,91827,71240,1437183,3398,58024,78536,58023,3193,131221,35493,33090,2759,131567
Escallonia_rubra	112253	112253,23075,39020,703245,91882,71274,1437201,91827,71240,1437183,3398,58024,78536,58023,3193,131221,35493,33090,2759,131567
Esox_lucius	8010	8010,8009,8008,8007,41705,1489388,186625,1489341,32443,41665,186623,7898,117571,117570,7776,7742,89593,7711,33511,33213,6072,33208,33154,2759,131567
Eubranchus_rustyus	763125	763125,71487,2692184,1287635,1707744,70849,680346,216307,216305,6448,6447,1206795,2697495,33317,33213,6072,33208,33154,2759,131567
Eucalyptus_globulus	34317	34317,3932,1699524,1699513,3931,41944,91836,71275,1437201,91827,71240,1437183,3398,58024,78536,58023,3193,131221,35493,33090,2759,131567
Eucalyptus_grandis	71139	71139,3932,1699524,1699513,3931,41944,91836,71275,1437201,91827,71240,1437183,3398,58024,78536,58023,3193,131221,35493,33090,2759,131567
Eucheuma_denticulatum	305493	305493,31444,31441,28017,2045261,2806,2763,2759,131567
Euchromadora_sp._MIHIF	2490274	2490274,2623237,2183706,73931,2301099,70242,119089,6231,1206794,33317,33213,6072,33208,33154,2759,131567
Eucyclops_serrulatus	84317	84317,84316,84315,84308,116571,116569,6830,3701030,3701028,197562,197563,6656,88770,1206794,33317,33213,6072,33208,33154,2759,131567
Eudigraphis_taiwanensis	1816489	1816489,1366108,52426,52425,118559,7553,61985,197563,6656,88770,1206794,33317,33213,6072,33208,33154,2759,131567
Eudigraphis_takakuwai	1366109	1366109,1366108,52426,52425,118559,7553,61985,197563,6656,88770,1206794,33317,33213,6072,33208,33154,2759,131567
Eukoenenia_zariquieyi	129188	129188,118658,88344,6854,6843,6656,88770,1206794,33317,33213,6072,33208,33154,2759,131567
Eukrohnia_hamata	58920	58920,52636,52635,33513,1421718,10229,2697496,2697495,33317,33213,6072,33208,33154,2759,131567
Eulimnadia_sp._MCZ_IZ_50085	1930639	1930639,2649386,117533,77702,77657,84337,116557,6658,3701030,3701028,197562,197563,6656,88770,1206794,33317,33213,6072,33208,33154,2759,131567
Euperipatoides_rowelli	49087	49087,27570,27567,2082882,2082881,27563,88770,1206794,33317,33213,6072,33208,33154,2759,131567
Euphausia_pacifica	102976	102976,6818,6817,6816,3701045,72041,6681,3701029,3701028,197562,197563,6656,88770,1206794,33317,33213,6072,33208,33154,2759,131567
Euphorbia_lathyris	212925	212925,1334446,1334278,3990,235895,235633,3977,3646,91835,71275,1437201,91827,71240,1437183,3398,58024,78536,58023,3193,131221,35493,33090,2759,131567
Euphorbia_peplus	38846	38846,1334468,1334278,3990,235895,235633,3977,3646,91835,71275,1437201,91827,71240,1437183,3398,58024,78536,58023,3193,131221,35493,33090,2759,131567
Eurytemora_affinis	88015	88015,88014,88013,6833,116570,116569,6830,3701030,3701028,197562,197563,6656,88770,1206794,33317,33213,6072,33208,33154,2759,131567
Eusergestes_similis	2841602	2841602,2841601,111522,111521,6684,6683,3701045,72041,6681,3701029,3701028,197562,197563,6656,88770,1206794,33317,33213,6072,33208,33154,2759,131567
Eutrema_salsugineum	72664	72664,98005,981100,3700,3699,91836,71275,1437201,91827,71240,1437183,3398,58024,78536,58023,3193,131221,35493,33090,2759,131567
Evadne_cf._nordmanni_MCZ_IZ_68046	1930655	1930655,141402,141398,116562,6665,84337,116557,6658,3701030,3701028,197562,197563,6656,88770,1206794,33317,33213,6072,33208,33154,2759,131567
Exidia_glandulosa_HHB12029	1314781	1314781,5219,5218,34426,5226,355688,155619,5302,5204,451864,4751,33154,2759,131567
Exobasidium_rhododendri	63378	63378,5406,5405,5404,452283,452284,5204,451864,4751,33154,2759,131567
Exophiala_aquamarina_CBS_119918	1182545	1182545,1033840,5583,43219,34395,451870,147545,716546,147538,716545,4890,451864,4751,33154,2759,131567
Exophiala_bonariae	1690606	1690606,5583,43219,34395,451870,147545,716546,147538,716545,4890,451864,4751,33154,2759,131567
Exophiala_dermatitidis_NIH/UT8656	858893	858893,5970,5583,43219,34395,451870,147545,716546,147538,716545,4890,451864,4751,33154,2759,131567
Exophiala_mesophila	212818	212818,5583,43219,34395,451870,147545,716546,147538,716545,4890,451864,4751,33154,2759,131567
Exophiala_oligosperma	215243	215243,5583,43219,34395,451870,147545,716546,147538,716545,4890,451864,4751,33154,2759,131567
Exophiala_sideris	1016849	1016849,5583,43219,34395,451870,147545,716546,147538,716545,4890,451864,4751,33154,2759,131567
Exophiala_spinifera	91928	91928,5583,43219,34395,451870,147545,716546,147538,716545,4890,451864,4751,33154,2759,131567
Exophiala_viscosa	2486360	2486360,5583,43219,34395,451870,147545,716546,147538,716545,4890,451864,4751,33154,2759,131567
Exophiala_xenobiotica	348802	348802,5583,43219,34395,451870,147545,716546,147538,716545,4890,451864,4751,33154,2759,131567
Exserohilum_turcica_Et28A	671987	671987,93612,91493,28556,715340,92860,451868,147541,715962,716546,147538,716545,4890,451864,4751,33154,2759,131567
Extremus_antarcticus	702011	702011,1670431,1515657,2726947,451867,147541,715962,716546,147538,716545,4890,451864,4751,33154,2759,131567
FWG001	1935183	1935183,2157,131567
FWG016	1935183	1935183,2157,131567
FWG037	1935183	1935183,2157,131567
FWG038	1935183	1935183,2157,131567
FWG135	1935183	1935183,2157,131567
FWG136	1935183	1935183,2157,131567
FWG137	1935183	1935183,2157,131567
FWG138	1935183	1935183,2157,131567
FWG139	1935183	1935183,2157,131567
FWG140	1935183	1935183,2157,131567
FWG166	1935183	1935183,2157,131567
FWG169	1935183	1935183,2157,131567
Fagus_crenata	28929	28929,21024,3503,3502,91835,71275,1437201,91827,71240,1437183,3398,58024,78536,58023,3193,131221,35493,33090,2759,131567
Falcidens_caudatus	2049293	2049293,370641,53689,53693,52919,47122,6447,1206795,2697495,33317,33213,6072,33208,33154,2759,131567
Falcidens_sagittiferus	2136975	2136975,370641,53689,53693,52919,47122,6447,1206795,2697495,33317,33213,6072,33208,33154,2759,131567
Favolaschia_claudopus	2862362	2862362,139071,2024004,2982316,5338,452333,155619,5302,5204,451864,4751,33154,2759,131567
Fenneropenaeus_chinensis	139456	139456,133894,6685,111520,6684,6683,3701045,72041,6681,3701029,3701028,197562,197563,6656,88770,1206794,33317,33213,6072,33208,33154,2759,131567
Festuca_glaucescens	89681	89681,4605,640630,2948571,1652081,147387,1648037,147368,359160,4479,38820,4734,1437197,4447,1437183,3398,58024,78536,58023,3193,131221,35493,33090,2759,131567
Fibroporia_radiculosa	599839	599839,599838,2983427,5303,355688,155619,5302,5204,451864,4751,33154,2759,131567
Filientomon_takanawanum	533279	533279,533276,79728,79724,29999,6960,3701030,3701028,197562,197563,6656,88770,1206794,33317,33213,6072,33208,33154,2759,131567
Filobasidium_floriforme	5210	5210,5209,5408,90886,155616,5302,5204,451864,4751,33154,2759,131567
Fimicolochytrium_jonesii	1396493	1396493,1396492,1134080,34478,451435,3705883,4761,3705317,112252,4751,33154,2759,131567
Fissiphallius_martensi	1955530	1955530,863979,118593,101152,3053344,43288,101165,43271,6854,6843,6656,88770,1206794,33317,33213,6072,33208,33154,2759,131567
Fissurella_natalensis	2497952	2497952,315754,54986,216278,2315723,216275,6448,6447,1206795,2697495,33317,33213,6072,33208,33154,2759,131567
Fistulina_hepatica_ATCC_64428	1128425	1128425,40457,40456,40455,2985477,5338,452333,155619,5302,5204,451864,4751,33154,2759,131567
Flabegraviera_mundata	2507406	2507406,2507405,279648,2784886,6373,105391,105389,6341,6340,1206795,2697495,33317,33213,6072,33208,33154,2759,131567
Flaccisagitta_hexaptera	1562707	1562707,366392,34753,34752,33512,1421718,10229,2697496,2697495,33317,33213,6072,33208,33154,2759,131567
Flammula_alnicola	109635	109635,180962,40562,2982305,5338,452333,155619,5302,5204,451864,4751,33154,2759,131567
Flavoperla_sp._YW-2014	1471781	1471781,2626803,1471780,466868,51551,70404,50622,33341,33340,7496,85512,50557,6960,3701030,3701028,197562,197563,6656,88770,1206794,33317,33213,6072,33208,33154,2759,131567
Flavoplaca_austrocitrina	522353	522353,1301328,1301143,88646,1302176,107465,388435,1520881,147547,716546,147538,716545,4890,451864,4751,33154,2759,131567
Flavoplaca_citrina	1301329	1301329,1301328,1301143,88646,1302176,107465,388435,1520881,147547,716546,147538,716545,4890,451864,4751,33154,2759,131567
Flavoplaca_limonia	1498898	1498898,1301328,1301143,88646,1302176,107465,388435,1520881,147547,716546,147538,716545,4890,451864,4751,33154,2759,131567
Flavoplaca_navasiana	1301335	1301335,1301328,1301143,88646,1302176,107465,388435,1520881,147547,716546,147538,716545,4890,451864,4751,33154,2759,131567
Flavoplaca_oasis	1301336	1301336,1301328,1301143,88646,1302176,107465,388435,1520881,147547,716546,147538,716545,4890,451864,4751,33154,2759,131567
Flemingia_macrophylla	520843	520843,520842,163735,2233855,2231382,2231393,3814,3803,72025,91835,71275,1437201,91827,71240,1437183,3398,58024,78536,58023,3193,131221,35493,33090,2759,131567
Folsomia_candida	158441	158441,158440,187620,36141,730333,730330,30001,6960,3701030,3701028,197562,197563,6656,88770,1206794,33317,33213,6072,33208,33154,2759,131567
Fomes_fomentarius	40442	40442,40441,5317,5303,355688,155619,5302,5204,451864,4751,33154,2759,131567
Fomitiporia_mediterranea_MF3/22	694068	694068,208960,167346,40424,139380,355688,155619,5302,5204,451864,4751,33154,2759,131567
Fomitopsis_betulina	40450	40450,34474,1769247,5303,355688,155619,5302,5204,451864,4751,33154,2759,131567
Fomitopsis_schrenkii	2126942	2126942,34474,1769247,5303,355688,155619,5302,5204,451864,4751,33154,2759,131567
Fomitopsis_serialis	139415	139415,34474,1769247,5303,355688,155619,5302,5204,451864,4751,33154,2759,131567
Fonsecaea_erecta	1367422	1367422,40354,43219,34395,451870,147545,716546,147538,716545,4890,451864,4751,33154,2759,131567
Fonsecaea_monophora	254056	254056,40354,43219,34395,451870,147545,716546,147538,716545,4890,451864,4751,33154,2759,131567
Fonsecaea_multimorphosa_CBS_102226	1442371	1442371,979981,40354,43219,34395,451870,147545,716546,147538,716545,4890,451864,4751,33154,2759,131567
Fonsecaea_nubica	856822	856822,40354,43219,34395,451870,147545,716546,147538,716545,4890,451864,4751,33154,2759,131567
Fonsecaea_pedrosoi_CBS_271.37	1442368	1442368,40355,40354,43219,34395,451870,147545,716546,147538,716545,4890,451864,4751,33154,2759,131567
Fonticula_alba	691883	691883,691882,2316402,2686024,33154,2759,131567
Forficula_auricularia	13068	13068,98427,13067,27437,211568,3039756,3039755,27434,33341,33340,7496,85512,50557,6960,3701030,3701028,197562,197563,6656,88770,1206794,33317,33213,6072,33208,33154,2759,131567
Forsythia_ovata	205694	205694,55182,426104,4144,4143,91888,71274,1437201,91827,71240,1437183,3398,58024,78536,58023,3193,131221,35493,33090,2759,131567
Fragaria_vesca	101020	101020,57918,3746,1184124,721789,171638,3745,3744,91835,71275,1437201,91827,71240,1437183,3398,58024,78536,58023,3193,131221,35493,33090,2759,131567
Fragilaria_crotonensis	210448	210448,33644,33856,33855,33854,33853,2836,2696291,33634,2698737,2759,131567
Franciscideres_kalenesos	1415231	1415231,1415230,1419503,51516,1215728,1206794,33317,33213,6072,33208,33154,2759,131567
Fraxinus_pennsylvanica	56036	56036,38871,426106,4144,4143,91888,71274,1437201,91827,71240,1437183,3398,58024,78536,58023,3193,131221,35493,33090,2759,131567
Fredericella_sultana	349672	349672,349671,349670,34517,10205,1206795,2697495,33317,33213,6072,33208,33154,2759,131567
Friedmanniomyces_endolithicus	329885	329885,329881,668547,2726947,451867,147541,715962,716546,147538,716545,4890,451864,4751,33154,2759,131567
Friedmanniomyces_simplex	329884	329884,329881,668547,2726947,451867,147541,715962,716546,147538,716545,4890,451864,4751,33154,2759,131567
Fruticicola_(Koreanohadra)_kurodana	1738606	1738606,326383,83226,87864,216366,6527,120490,977775,216307,216305,6448,6447,1206795,2697495,33317,33213,6072,33208,33154,2759,131567
Fulgogasparrea_decipioides	1445002	1445002,1445001,1301143,88646,1302176,107465,388435,1520881,147547,716546,147538,716545,4890,451864,4751,33154,2759,131567
Fulvia_fulva	5499	5499,2897311,93133,2726947,451867,147541,715962,716546,147538,716545,4890,451864,4751,33154,2759,131567
Fumontana_deprehendor	476021	476021,476020,43289,101149,3053345,43288,101165,43271,6854,6843,6656,88770,1206794,33317,33213,6072,33208,33154,2759,131567
Funneliformis_caledonium	1117310	1117310,1117308,36751,36750,214506,3705879,214504,112252,4751,33154,2759,131567
Funneliformis_geosporum	1117311	1117311,1117308,36751,36750,214506,3705879,214504,112252,4751,33154,2759,131567
Funneliformis_mosseae	27381	27381,1117308,36751,36750,214506,3705879,214504,112252,4751,33154,2759,131567
Furcellaria_lumbricalis	28020	28020,28019,28018,28017,2045261,2806,2763,2759,131567
Furculomyces_boomerangus	61424	61424,61423,61422,61421,2219693,451828,3704128,112252,4751,33154,2759,131567
Fusarium_acuminatum	5515	5515,679429,5506,110618,5125,222543,147550,715989,716546,147538,716545,4890,451864,4751,33154,2759,131567
Fusarium_acutatum	78861	78861,171627,5506,110618,5125,222543,147550,715989,716546,147538,716545,4890,451864,4751,33154,2759,131567
Fusarium_albosuccineum	1237068	1237068,1329916,5506,110618,5125,222543,147550,715989,716546,147538,716545,4890,451864,4751,33154,2759,131567
Fusarium_ambrosium	131363	131363,232080,5506,110618,5125,222543,147550,715989,716546,147538,716545,4890,451864,4751,33154,2759,131567
Fusarium_anthophilum	48485	48485,171627,5506,110618,5125,222543,147550,715989,716546,147538,716545,4890,451864,4751,33154,2759,131567
Fusarium_austroafricanum	2364996	2364996,2692620,5506,110618,5125,222543,147550,715989,716546,147538,716545,4890,451864,4751,33154,2759,131567
Fusarium_beomiforme	44412	44412,2109596,5506,110618,5125,222543,147550,715989,716546,147538,716545,4890,451864,4751,33154,2759,131567
Fusarium_bulbicola	79018	79018,171627,5506,110618,5125,222543,147550,715989,716546,147538,716545,4890,451864,4751,33154,2759,131567
Fusarium_chlamydosporum	86545	86545,453770,5506,110618,5125,222543,147550,715989,716546,147538,716545,4890,451864,4751,33154,2759,131567
Fusarium_chuoi	2885761	2885761,171627,5506,110618,5125,222543,147550,715989,716546,147538,716545,4890,451864,4751,33154,2759,131567
Fusarium_coffeatum	231269	231269,450425,5506,110618,5125,222543,147550,715989,716546,147538,716545,4890,451864,4751,33154,2759,131567
Fusarium_coicis	1567539	1567539,171627,5506,110618,5125,222543,147550,715989,716546,147538,716545,4890,451864,4751,33154,2759,131567
Fusarium_culmorum	5516	5516,569360,5506,110618,5125,222543,147550,715989,716546,147538,716545,4890,451864,4751,33154,2759,131567
Fusarium_decemcellulare	57161	57161,1329916,5506,110618,5125,222543,147550,715989,716546,147538,716545,4890,451864,4751,33154,2759,131567
Fusarium_denticulatum	48507	48507,171627,5506,110618,5125,222543,147550,715989,716546,147538,716545,4890,451864,4751,33154,2759,131567
Fusarium_duplospermum	1325734	1325734,232080,5506,110618,5125,222543,147550,715989,716546,147538,716545,4890,451864,4751,33154,2759,131567
Fusarium_falciforme	195108	195108,232080,5506,110618,5125,222543,147550,715989,716546,147538,716545,4890,451864,4751,33154,2759,131567
Fusarium_flagelliforme	2675880	2675880,450425,5506,110618,5125,222543,147550,715989,716546,147538,716545,4890,451864,4751,33154,2759,131567
Fusarium_floridanum	1325733	1325733,232080,5506,110618,5125,222543,147550,715989,716546,147538,716545,4890,451864,4751,33154,2759,131567
Fusarium_fujikuroi_IMI_58289	1279085	1279085,5127,171627,5506,110618,5125,222543,147550,715989,716546,147538,716545,4890,451864,4751,33154,2759,131567
Fusarium_gaditjirri	282569	282569,1328894,5506,110618,5125,222543,147550,715989,716546,147538,716545,4890,451864,4751,33154,2759,131567
Fusarium_globosum	78864	78864,171627,5506,110618,5125,222543,147550,715989,716546,147538,716545,4890,451864,4751,33154,2759,131567
Fusarium_graminearum_PH-1	229533	229533,5518,569360,5506,110618,5125,222543,147550,715989,716546,147538,716545,4890,451864,4751,33154,2759,131567
Fusarium_graminearum_PH1	229533	229533,5518,569360,5506,110618,5125,222543,147550,715989,716546,147538,716545,4890,451864,4751,33154,2759,131567
Fusarium_graminum	86546	86546,2800323,5506,110618,5125,222543,147550,715989,716546,147538,716545,4890,451864,4751,33154,2759,131567
Fusarium_heterosporum	42747	42747,2800323,5506,110618,5125,222543,147550,715989,716546,147538,716545,4890,451864,4751,33154,2759,131567
Fusarium_irregulare	2494466	2494466,450425,5506,110618,5125,222543,147550,715989,716546,147538,716545,4890,451864,4751,33154,2759,131567
Fusarium_keratoplasticum	1328300	1328300,232080,5506,110618,5125,222543,147550,715989,716546,147538,716545,4890,451864,4751,33154,2759,131567
Fusarium_kuroshium	2010991	2010991,232080,5506,110618,5125,222543,147550,715989,716546,147538,716545,4890,451864,4751,33154,2759,131567
Fusarium_lateritium	5523	5523,1328926,5506,110618,5125,222543,147550,715989,716546,147538,716545,4890,451864,4751,33154,2759,131567
Fusarium_mangiferae	192010	192010,171627,5506,110618,5125,222543,147550,715989,716546,147538,716545,4890,451864,4751,33154,2759,131567
Fusarium_mexicanum	751941	751941,171627,5506,110618,5125,222543,147550,715989,716546,147538,716545,4890,451864,4751,33154,2759,131567
Fusarium_mundagurra	1567541	1567541,171627,5506,110618,5125,222543,147550,715989,716546,147538,716545,4890,451864,4751,33154,2759,131567
Fusarium_musae	1042133	1042133,5506,110618,5125,222543,147550,715989,716546,147538,716545,4890,451864,4751,33154,2759,131567
Fusarium_napiforme	42672	42672,171627,5506,110618,5125,222543,147550,715989,716546,147538,716545,4890,451864,4751,33154,2759,131567
Fusarium_nematophilum	1053271	1053271,1329918,5506,110618,5125,222543,147550,715989,716546,147538,716545,4890,451864,4751,33154,2759,131567
Fusarium_odoratissimum_NRRL_54006	1089451	1089451,2502994,171631,5506,110618,5125,222543,147550,715989,716546,147538,716545,4890,451864,4751,33154,2759,131567
Fusarium_oligoseptatum	2604345	2604345,232080,5506,110618,5125,222543,147550,715989,716546,147538,716545,4890,451864,4751,33154,2759,131567
Fusarium_oxysporum_Fo47	660027	660027,5507,171631,5506,110618,5125,222543,147550,715989,716546,147538,716545,4890,451864,4751,33154,2759,131567
Fusarium_phalaenopsidis	3417454	3417454,232080,5506,110618,5125,222543,147550,715989,716546,147538,716545,4890,451864,4751,33154,2759,131567
Fusarium_phyllophilum	47803	47803,171627,5506,110618,5125,222543,147550,715989,716546,147538,716545,4890,451864,4751,33154,2759,131567
Fusarium_poae	36050	36050,569360,5506,110618,5125,222543,147550,715989,716546,147538,716545,4890,451864,4751,33154,2759,131567
Fusarium_proliferatum_ET1	1227346	1227346,948311,171627,5506,110618,5125,222543,147550,715989,716546,147538,716545,4890,451864,4751,33154,2759,131567
Fusarium_pseudoanthophilum	48495	48495,171627,5506,110618,5125,222543,147550,715989,716546,147538,716545,4890,451864,4751,33154,2759,131567
Fusarium_pseudocircinatum	56676	56676,171627,5506,110618,5125,222543,147550,715989,716546,147538,716545,4890,451864,4751,33154,2759,131567
Fusarium_pseudograminearum_CS3096	1028729	1028729,101028,569360,5506,110618,5125,222543,147550,715989,716546,147538,716545,4890,451864,4751,33154,2759,131567
Fusarium_redolens	48865	48865,2954887,5506,110618,5125,222543,147550,715989,716546,147538,716545,4890,451864,4751,33154,2759,131567
Fusarium_sambucinum	5128	5128,569360,5506,110618,5125,222543,147550,715989,716546,147538,716545,4890,451864,4751,33154,2759,131567
Fusarium_sarcochroum	1208366	1208366,1328926,5506,110618,5125,222543,147550,715989,716546,147538,716545,4890,451864,4751,33154,2759,131567
Fusarium_solani	169388	169388,232080,5506,110618,5125,222543,147550,715989,716546,147538,716545,4890,451864,4751,33154,2759,131567
Fusarium_solani-melongenae	2747967	2747967,232080,5506,110618,5125,222543,147550,715989,716546,147538,716545,4890,451864,4751,33154,2759,131567
Fusarium_solanimelongenae	2747967	2747967,232080,5506,110618,5125,222543,147550,715989,716546,147538,716545,4890,451864,4751,33154,2759,131567
Fusarium_subglutinans	42677	42677,171627,5506,110618,5125,222543,147550,715989,716546,147538,716545,4890,451864,4751,33154,2759,131567
Fusarium_tjaetaba	1567544	1567544,171627,5506,110618,5125,222543,147550,715989,716546,147538,716545,4890,451864,4751,33154,2759,131567
Fusarium_torreyae	1237075	1237075,2305845,5506,110618,5125,222543,147550,715989,716546,147538,716545,4890,451864,4751,33154,2759,131567
Fusarium_vanettenii_77-13-4	660122	660122,2747968,232080,5506,110618,5125,222543,147550,715989,716546,147538,716545,4890,451864,4751,33154,2759,131567
Fusarium_vanettenii_77134	660122	660122,2747968,232080,5506,110618,5125,222543,147550,715989,716546,147538,716545,4890,451864,4751,33154,2759,131567
Fusarium_venenatum	56646	56646,569360,5506,110618,5125,222543,147550,715989,716546,147538,716545,4890,451864,4751,33154,2759,131567
Fusarium_verticillioides_7600	334819	334819,117187,171627,5506,110618,5125,222543,147550,715989,716546,147538,716545,4890,451864,4751,33154,2759,131567
Fusarium_zealandicum	1053134	1053134,2713421,5506,110618,5125,222543,147550,715989,716546,147538,716545,4890,451864,4751,33154,2759,131567
Gadila_tolmiei	1077242	1077242,235479,192396,32585,32584,6447,1206795,2697495,33317,33213,6072,33208,33154,2759,131567
Gadus_morhua	8049	8049,8048,8045,1489845,8043,1489843,1489841,1489838,123368,123367,123366,123365,1489388,186625,1489341,32443,41665,186623,7898,117571,117570,7776,7742,89593,7711,33511,33213,6072,33208,33154,2759,131567
Gaertneriomyces_semiglobifer	109897	109897,109896,34479,34478,451435,3705883,4761,3705317,112252,4751,33154,2759,131567
Gaetice_depressus	156504	156504,106747,72876,29962,116707,116704,6752,6692,6683,3701045,72041,6681,3701029,3701028,197562,197563,6656,88770,1206794,33317,33213,6072,33208,33154,2759,131567
Gaeumannomyces_avenae	36778	36778,29849,81093,639021,222544,147550,715989,716546,147538,716545,4890,451864,4751,33154,2759,131567
Gaeumannomyces_hyphopodioides	1940676	1940676,29849,81093,639021,222544,147550,715989,716546,147538,716545,4890,451864,4751,33154,2759,131567
Gaeumannomyces_tritici_R3-111a-1	644352	644352,36779,29849,81093,639021,222544,147550,715989,716546,147538,716545,4890,451864,4751,33154,2759,131567
Gaeumannomyces_tritici_R3111a1	644352	644352,36779,29849,81093,639021,222544,147550,715989,716546,147538,716545,4890,451864,4751,33154,2759,131567
Galdieria_partita	83374	83374,83373,3039359,3039357,2797,2763,2759,131567
Galdieria_phlegrea	1389228	1389228,83373,3039359,3039357,2797,2763,2759,131567
Galdieria_sulphuraria	130081	130081,83373,3039359,3039357,2797,2763,2759,131567
Galdieria_yellowstonensis	3028027	3028027,83373,3039359,3039357,2797,2763,2759,131567
Galendromus_occidentalis	34638	34638,1933192,425253,34636,1253825,1723665,281668,34634,6934,6933,6854,6843,6656,88770,1206794,33317,33213,6072,33208,33154,2759,131567
Galeodes_sp._JLF-2018	2126959	2126959,2642367,1917760,1046903,41356,6854,6843,6656,88770,1206794,33317,33213,6072,33208,33154,2759,131567
Gallowayella_concinna	3058863	3058863,2045239,1302301,88646,1302176,107465,388435,1520881,147547,716546,147538,716545,4890,451864,4751,33154,2759,131567
Gallowayella_weberi	395029	395029,2045239,1302301,88646,1302176,107465,388435,1520881,147547,716546,147538,716545,4890,451864,4751,33154,2759,131567
Gammarinema_sp._T79	2879816	2879816,2838915,2838913,120165,2301111,70219,119089,6231,1206794,33317,33213,6072,33208,33154,2759,131567
Gammarus_locusta	65426	65426,45625,36939,44329,1732304,1732204,1732196,6821,6820,72041,6681,3701029,3701028,197562,197563,6656,88770,1206794,33317,33213,6072,33208,33154,2759,131567
Gamsiella_multidivaricata	101098	101098,2779868,4854,214503,2212732,1137986,3705878,112252,4751,33154,2759,131567
Ganoderma_adspersum	34456	34456,5314,5317,5303,355688,155619,5302,5204,451864,4751,33154,2759,131567
Ganoderma_sinense_ZZ0214-1	1077348	1077348,36075,5314,5317,5303,355688,155619,5302,5204,451864,4751,33154,2759,131567
Ganoderma_sinense_ZZ02141	1077348	1077348,36075,5314,5317,5303,355688,155619,5302,5204,451864,4751,33154,2759,131567
Gastrolobium_bilobum	150636	150636,140914,163734,2233854,2231382,2231393,3814,3803,72025,91835,71275,1437201,91827,71240,1437183,3398,58024,78536,58023,3193,131221,35493,33090,2759,131567
Gautieria_morchelliformis	112417	112417,80643,60108,452336,452335,155619,5302,5204,451864,4751,33154,2759,131567
Gecarcinus_lateralis	6769	6769,6768,6764,29962,116707,116704,6752,6692,6683,3701045,72041,6681,3701029,3701028,197562,197563,6656,88770,1206794,33317,33213,6072,33208,33154,2759,131567
Genlisea_aurea	192259	192259,192258,4196,4143,91888,71274,1437201,91827,71240,1437183,3398,58024,78536,58023,3193,131221,35493,33090,2759,131567
Geocentrophora_applanata	1468192	1468192,6171,6170,3695486,147100,6157,1206795,2697495,33317,33213,6072,33208,33154,2759,131567
Geoglossum_simile	1086352	1086352,90402,34368,654833,663566,716546,147538,716545,4890,451864,4751,33154,2759,131567
Geoglossum_umbratile	315204	315204,90402,34368,654833,663566,716546,147538,716545,4890,451864,4751,33154,2759,131567
Geoplana_quagga	934997	934997,57255,1292254,52317,1292253,1292243,6159,147100,6157,1206795,2697495,33317,33213,6072,33208,33154,2759,131567
Geopyxis_carbonaria	49969	49969,49968,3434657,5185,147549,147538,716545,4890,451864,4751,33154,2759,131567
Geosiphon_pyriformis	50956	50956,50955,214505,1133283,214506,3705879,214504,112252,4751,33154,2759,131567
Geosmithia_morbida	1094350	1094350,241409,103887,5125,222543,147550,715989,716546,147538,716545,4890,451864,4751,33154,2759,131567
Geotrichum_bryndzae	485427	485427,43987,34353,3243772,3239873,147537,716545,4890,451864,4751,33154,2759,131567
Geotrichum_candidum	1173061	1173061,43987,34353,3243772,3239873,147537,716545,4890,451864,4751,33154,2759,131567
Geotrichum_galactomycetum	27317	27317,43987,34353,3243772,3239873,147537,716545,4890,451864,4751,33154,2759,131567
Geotrichum_reessii	43985	43985,43987,34353,3243772,3239873,147537,716545,4890,451864,4751,33154,2759,131567
Geotrypetes_seraphini	260995	260995,260994,264006,8445,8292,32523,1338369,8287,117571,117570,7776,7742,89593,7711,33511,33213,6072,33208,33154,2759,131567
Geranomyces_michiganensis	1134077	1134077,1126249,1134080,34478,451435,3705883,4761,3705317,112252,4751,33154,2759,131567
Geranomyces_variabilis	109894	109894,1126249,1134080,34478,451435,3705883,4761,3705317,112252,4751,33154,2759,131567
Gerris_buenoi	56086	56086,56096,295125,36161,572384,33350,33349,33347,33345,33343,7524,33342,3701061,33340,7496,85512,50557,6960,3701030,3701028,197562,197563,6656,88770,1206794,33317,33213,6072,33208,33154,2759,131567
Gigantopelta_aegis	1735272	1735272,1735270,55007,216274,3120499,2219556,6448,6447,1206795,2697495,33317,33213,6072,33208,33154,2759,131567
Gigaspora_margarita	4874	4874,4873,36753,214509,214506,3705879,214504,112252,4751,33154,2759,131567
Gigaspora_rosea	44941	44941,4873,36753,214509,214506,3705879,214504,112252,4751,33154,2759,131567
Gilbertella_persicaria	101096	101096,101095,1344961,101094,1344963,4827,2212703,451507,1913637,112252,4751,33154,2759,131567
Girardia_dorotocephala	135777	135777,52316,31262,1292253,1292243,6159,147100,6157,1206795,2697495,33317,33213,6072,33208,33154,2759,131567
Girardia_sp._n._ER-2019	2592332	2592332,2631444,52316,31262,1292253,1292243,6159,147100,6157,1206795,2697495,33317,33213,6072,33208,33154,2759,131567
Glarea_lozoyensis_ATCC_20868	1116229	1116229,101852,101851,5181,5178,147548,715989,716546,147538,716545,4890,451864,4751,33154,2759,131567
Glaucocystis_incrassata	1789788	1789788,38258,38257,38255,38254,2759,131567
Gleditsia_sinensis	66096	66096,54873,1917730,3804,3803,72025,91835,71275,1437201,91827,71240,1437183,3398,58024,78536,58023,3193,131221,35493,33090,2759,131567
Globisporangium_polare	1489738	1489738,1448052,4782,121069,3418804,4762,33634,2698737,2759,131567
Globisporangium_splendens	82926	82926,1448052,4782,121069,3418804,4762,33634,2698737,2759,131567
Globomyces_pollinis-pini	382532	382532,1395674,1395670,451442,451435,3705883,4761,3705317,112252,4751,33154,2759,131567
Globomyces_pollinispini	382532	382532,1395674,1395670,451442,451435,3705883,4761,3705317,112252,4751,33154,2759,131567
Gloeochaete_wittrockiana	38269	38269,38268,38266,38262,38254,2759,131567
Gloeopeniophorella_convolvens	205761	205761,205760,1239388,452342,355688,155619,5302,5204,451864,4751,33154,2759,131567
Gloeophyllum_trabeum_ATCC_11539	670483	670483,104355,40443,452340,452339,355688,155619,5302,5204,451864,4751,33154,2759,131567
Glomeridella_minima	1173034	1173034,1173033,1173045,62004,118560,7553,61985,197563,6656,88770,1206794,33317,33213,6072,33208,33154,2759,131567
Glomeridesmus_sp._MITS489	2099817	2099817,2635645,245718,245717,245716,118560,7553,61985,197563,6656,88770,1206794,33317,33213,6072,33208,33154,2759,131567
Glomeris_maerens	2116692	2116692,62005,85711,62004,118560,7553,61985,197563,6656,88770,1206794,33317,33213,6072,33208,33154,2759,131567
Glomus_cerebriforme	658196	658196,4875,36751,36750,214506,3705879,214504,112252,4751,33154,2759,131567
Glonium_stellatum	574774	574774,531859,603431,3402114,451868,147541,715962,716546,147538,716545,4890,451864,4751,33154,2759,131567
Glottidia_pyramidata	34515	34515,34514,33491,115362,7570,115361,115360,7568,1206795,2697495,33317,33213,6072,33208,33154,2759,131567
Glugoides_intestinalis	174680	174680,174679,36735,6036,6029,112252,4751,33154,2759,131567
Glutinoglossum_americanum	1670608	1670608,1390972,34368,654833,663566,716546,147538,716545,4890,451864,4751,33154,2759,131567
Glycine_max	3847	3847,1462606,3846,163735,2233855,2231382,2231393,3814,3803,72025,91835,71275,1437201,91827,71240,1437183,3398,58024,78536,58023,3193,131221,35493,33090,2759,131567
Glycine_soja	3848	3848,1462606,3846,163735,2233855,2231382,2231393,3814,3803,72025,91835,71275,1437201,91827,71240,1437183,3398,58024,78536,58023,3193,131221,35493,33090,2759,131567
Glyptonotus_antarcticus	104130	104130,104129,104128,82761,29979,6820,72041,6681,3701029,3701028,197562,197563,6656,88770,1206794,33317,33213,6072,33208,33154,2759,131567
Gnetum_montanum	3381	3381,3380,3379,3378,1445966,3372,1437180,58024,78536,58023,3193,131221,35493,33090,2759,131567
Gnomoniopsis_smithogilvyi	1191159	1191159,494028,218102,5114,222544,147550,715989,716546,147538,716545,4890,451864,4751,33154,2759,131567
Gnosonesimida_sp._IV_CEL-2015	1628690	1628690,3061415,1468262,3695484,147100,6157,1206795,2697495,33317,33213,6072,33208,33154,2759,131567
Godzilliognomus_frondosus	588423	588423,588420,588419,116564,84343,3701030,3701028,197562,197563,6656,88770,1206794,33317,33213,6072,33208,33154,2759,131567
Golfingia_vulgaris	210797	210797,6438,6434,792580,216208,6433,6340,1206795,2697495,33317,33213,6072,33208,33154,2759,131567
Golovinomyces_cichoracearum	62708	62708,184027,34371,5178,147548,715989,716546,147538,716545,4890,451864,4751,33154,2759,131567
Gomphillus_americanus	1940652	1940652,248111,1130097,71598,38074,388283,1520881,147547,716546,147538,716545,4890,451864,4751,33154,2759,131567
Gonapodya_prolifera_JEL478	1344416	1344416,1123529,109944,109943,79272,451454,3705299,3705317,112252,4751,33154,2759,131567
Gongronella_butleri	101105	101105,101104,4851,4827,2212703,451507,1913637,112252,4751,33154,2759,131567
Gonium_pectorale	33097	33097,33096,3065,3042,2812636,3166,2692248,3041,33090,2759,131567
Gopherus_evgoodei	1825980	1825980,38771,8487,8486,1579337,8464,8459,2841271,1329799,32561,8457,32524,32523,1338369,8287,117571,117570,7776,7742,89593,7711,33511,33213,6072,33208,33154,2759,131567
Gordionus_montsenyensis	3053472	3053472,2632278,190561,190560,190559,190558,42813,33310,1206794,33317,33213,6072,33208,33154,2759,131567
Gordius_sp._KK-2019	2571181	2571181,2645757,42814,33312,190564,190563,42813,33310,1206794,33317,33213,6072,33208,33154,2759,131567
Gorgonomyces_haynaldii	382530	382530,1395788,1395787,451442,451435,3705883,4761,3705317,112252,4751,33154,2759,131567
Gossypium_arboreum	29729	29729,3633,214907,3629,41938,91836,71275,1437201,91827,71240,1437183,3398,58024,78536,58023,3193,131221,35493,33090,2759,131567
Gossypium_aridum	34290	34290,3633,214907,3629,41938,91836,71275,1437201,91827,71240,1437183,3398,58024,78536,58023,3193,131221,35493,33090,2759,131567
Gossypium_armourianum	34283	34283,3633,214907,3629,41938,91836,71275,1437201,91827,71240,1437183,3398,58024,78536,58023,3193,131221,35493,33090,2759,131567
Gossypium_australe	47621	47621,3633,214907,3629,41938,91836,71275,1437201,91827,71240,1437183,3398,58024,78536,58023,3193,131221,35493,33090,2759,131567
Gossypium_darwinii	34276	34276,3633,214907,3629,41938,91836,71275,1437201,91827,71240,1437183,3398,58024,78536,58023,3193,131221,35493,33090,2759,131567
Gossypium_davidsonii	34287	34287,3633,214907,3629,41938,91836,71275,1437201,91827,71240,1437183,3398,58024,78536,58023,3193,131221,35493,33090,2759,131567
Gossypium_gossypioides	34282	34282,3633,214907,3629,41938,91836,71275,1437201,91827,71240,1437183,3398,58024,78536,58023,3193,131221,35493,33090,2759,131567
Gossypium_harknessii	34285	34285,3633,214907,3629,41938,91836,71275,1437201,91827,71240,1437183,3398,58024,78536,58023,3193,131221,35493,33090,2759,131567
Gossypium_hirsutum	3635	3635,3633,214907,3629,41938,91836,71275,1437201,91827,71240,1437183,3398,58024,78536,58023,3193,131221,35493,33090,2759,131567
Gossypium_klotzschianum	34286	34286,3633,214907,3629,41938,91836,71275,1437201,91827,71240,1437183,3398,58024,78536,58023,3193,131221,35493,33090,2759,131567
Gossypium_laxum	34288	34288,3633,214907,3629,41938,91836,71275,1437201,91827,71240,1437183,3398,58024,78536,58023,3193,131221,35493,33090,2759,131567
Gossypium_lobatum	34289	34289,3633,214907,3629,41938,91836,71275,1437201,91827,71240,1437183,3398,58024,78536,58023,3193,131221,35493,33090,2759,131567
Gossypium_raimondii	29730	29730,3633,214907,3629,41938,91836,71275,1437201,91827,71240,1437183,3398,58024,78536,58023,3193,131221,35493,33090,2759,131567
Gossypium_schwendimanii	34291	34291,3633,214907,3629,41938,91836,71275,1437201,91827,71240,1437183,3398,58024,78536,58023,3193,131221,35493,33090,2759,131567
Gossypium_stocksii	47602	47602,3633,214907,3629,41938,91836,71275,1437201,91827,71240,1437183,3398,58024,78536,58023,3193,131221,35493,33090,2759,131567
Gossypium_trilobum	34281	34281,3633,214907,3629,41938,91836,71275,1437201,91827,71240,1437183,3398,58024,78536,58023,3193,131221,35493,33090,2759,131567
Gracilaria_changii	2510791	2510791,2774,31469,31468,2045261,2806,2763,2759,131567
Gracilaria_domingensis	172961	172961,2774,31469,31468,2045261,2806,2763,2759,131567
Gracilariopsis_chorda	448386	448386,2781,31469,31468,2045261,2806,2763,2759,131567
Grandidierella_japonica	429032	429032,429031,371451,82098,1732207,1732200,1732196,6821,6820,72041,6681,3701029,3701028,197562,197563,6656,88770,1206794,33317,33213,6072,33208,33154,2759,131567
Grapsus_albolineatus	156079	156079,106755,39556,29962,116707,116704,6752,6692,6683,3701045,72041,6681,3701029,3701028,197562,197563,6656,88770,1206794,33317,33213,6072,33208,33154,2759,131567
Graptacme_eborea	55752	55752,55751,39426,32585,32584,6447,1206795,2697495,33317,33213,6072,33208,33154,2759,131567
Gregarina_niphandrodes	110365	110365,35089,35088,35087,35086,1280412,5794,33630,2698737,2759,131567
Griffithsia_okiensis	291168	291168,35158,31377,2802,2045261,2806,2763,2759,131567
Grosmannia_clavigera_kw1407	655863	655863,226899,96312,5152,5151,222544,147550,715989,716546,147538,716545,4890,451864,4751,33154,2759,131567
Gryganskiella_cystojenkinii	979690	979690,2779860,4854,214503,2212732,1137986,3705878,112252,4751,33154,2759,131567
Gryllotalpa_sp._AD-2013	1323563	1323563,2606695,208679,208678,208677,2174976,2174975,6994,6993,33341,33340,7496,85512,50557,6960,3701030,3701028,197562,197563,6656,88770,1206794,33317,33213,6072,33208,33154,2759,131567
Guadua_angustifolia	323898	323898,38692,1648015,147376,1648035,147366,359160,4479,38820,4734,1437197,4447,1437183,3398,58024,78536,58023,3193,131221,35493,33090,2759,131567
Guillardia_theta_CCMP2712	905079	905079,55529,55528,589343,589342,3027,2759,131567
Gurleya_vavrai	174688	174688,174687,174686,469895,6029,112252,4751,33154,2759,131567
Guyanagaster_necrorhizus	856835	856835,866547,862241,2982316,5338,452333,155619,5302,5204,451864,4751,33154,2759,131567
Gyalolechia_ehrenbergii	1301418	1301418,1300028,1301213,88646,1302176,107465,388435,1520881,147547,716546,147538,716545,4890,451864,4751,33154,2759,131567
Gyalolechia_fulgens	1301421	1301421,1300028,1301213,88646,1302176,107465,388435,1520881,147547,716546,147538,716545,4890,451864,4751,33154,2759,131567
Gyalolechia_gomerana	1301422	1301422,1300028,1301213,88646,1302176,107465,388435,1520881,147547,716546,147538,716545,4890,451864,4751,33154,2759,131567
Gyalolechia_marmorata	1301611	1301611,1300028,1301213,88646,1302176,107465,388435,1520881,147547,716546,147538,716545,4890,451864,4751,33154,2759,131567
Gymnobisium_sp._MCZ_139238	2590512	2590512,2628223,1756912,535088,83165,51799,6854,6843,6656,88770,1206794,33317,33213,6072,33208,33154,2759,131567
Gymnomenia_pellucida	1918950	1918950,669225,669224,1077249,231996,47122,6447,1206795,2697495,33317,33213,6072,33208,33154,2759,131567
Gymnopilus_dilepis	231916	231916,86085,3710460,2982305,5338,452333,155619,5302,5204,451864,4751,33154,2759,131567
Gymnopus_androsaceus_JB14	1447944	1447944,1447940,93827,72117,2982316,5338,452333,155619,5302,5204,451864,4751,33154,2759,131567
Gymnopus_earleae	236213	236213,93827,72117,2982316,5338,452333,155619,5302,5204,451864,4751,33154,2759,131567
Gypsophila_vaccaria	39387	39387,146094,1141493,3568,3524,1437201,91827,71240,1437183,3398,58024,78536,58023,3193,131221,35493,33090,2759,131567
Gyrinus_marinus	1323538	1323538,110031,107778,535384,41071,7041,3701064,3701062,33392,3701061,33340,7496,85512,50557,6960,3701030,3701028,197562,197563,6656,88770,1206794,33317,33213,6072,33208,33154,2759,131567
Gyrodon_lividus	85971	85971,80645,73894,227331,68889,452333,155619,5302,5204,451864,4751,33154,2759,131567
Habronattus_ustulatus	158281	158281,130929,3140953,243881,243364,94017,94015,94020,74971,6905,6893,6854,6843,6656,88770,1206794,33317,33213,6072,33208,33154,2759,131567
Haematococcus_lacustris	44745	44745,44744,35484,3042,2812636,3166,2692248,3041,33090,2759,131567
Halenospora_varia	394676	394676,1432242,2907150,5178,147548,715989,716546,147538,716545,4890,451864,4751,33154,2759,131567
Halice_quarta	2692165	2692165,1818066,1732345,2692369,2692352,2692343,2692238,6821,6820,72041,6681,3701029,3701028,197562,197563,6656,88770,1206794,33317,33213,6072,33208,33154,2759,131567
Halicephalobus_mephisto	2559892	2559892,114867,114848,55746,2082223,6300,6236,119089,6231,1206794,33317,33213,6072,33208,33154,2759,131567
Halicephalobus_sp._NKZ332	2598192	2598192,2639647,114867,114848,55746,2082223,6300,6236,119089,6231,1206794,33317,33213,6072,33208,33154,2759,131567
Halichoanolaimus_dolichurus	373650	373650,373649,331538,2301099,70242,119089,6231,1206794,33317,33213,6072,33208,33154,2759,131567
Halicryptus_spinulosus	160677	160677,160676,37891,2082909,2082883,33467,1215728,1206794,33317,33213,6072,33208,33154,2759,131567
Halocaridina_rubra	373956	373956,373955,96235,115574,6694,6692,6683,3701045,72041,6681,3701029,3701028,197562,197563,6656,88770,1206794,33317,33213,6072,33208,33154,2759,131567
Halomonhystera_hermesi	1573192	1573192,535938,120165,2301111,70219,119089,6231,1206794,33317,33213,6072,33208,33154,2759,131567
Halotydeus_destructor	2874060	2874060,2874059,296205,94819,83139,6947,83136,6946,6933,6854,6843,6656,88770,1206794,33317,33213,6072,33208,33154,2759,131567
Halteromyces_radiatus	101107	101107,101106,4851,4827,2212703,451507,1913637,112252,4751,33154,2759,131567
Hamiltosporidium_magnivora	148818	148818,1176354,103457,6036,6029,112252,4751,33154,2759,131567
Hamiltosporidium_tvaerminnensis	1176355	1176355,1176354,103457,6036,6029,112252,4751,33154,2759,131567
Haminoea_antillarum	163905	163905,114748,114747,216311,69554,2836391,216307,216305,6448,6447,1206795,2697495,33317,33213,6072,33208,33154,2759,131567
Handroanthus_impetiginosus	429701	429701,1288022,1312865,1312864,24079,4143,91888,71274,1437201,91827,71240,1437183,3398,58024,78536,58023,3193,131221,35493,33090,2759,131567
Hanseniaspora_guilliermondii	56406	56406,29832,34365,3243779,4891,147537,716545,4890,451864,4751,33154,2759,131567
Hanseniaspora_menglaensis	3081051	3081051,29832,34365,3243779,4891,147537,716545,4890,451864,4751,33154,2759,131567
Hanseniaspora_opuntiae	211096	211096,29832,34365,3243779,4891,147537,716545,4890,451864,4751,33154,2759,131567
Hanseniaspora_osmophila	56408	56408,29832,34365,3243779,4891,147537,716545,4890,451864,4751,33154,2759,131567
Hanseniaspora_uvarum	29833	29833,29832,34365,3243779,4891,147537,716545,4890,451864,4751,33154,2759,131567
Hanseniaspora_valbyensis	53685	53685,29832,34365,3243779,4891,147537,716545,4890,451864,4751,33154,2759,131567
Hanseniaspora_vineae	56409	56409,29832,34365,3243779,4891,147537,716545,4890,451864,4751,33154,2759,131567
Hanseniella_nivea	1820138	1820138,58783,109754,61986,61985,197563,6656,88770,1206794,33317,33213,6072,33208,33154,2759,131567
Hanseniella_sp._RF-2016	1816491	1816491,2688533,58783,109754,61986,61985,197563,6656,88770,1206794,33317,33213,6072,33208,33154,2759,131567
Haploglomeris_multistriata	1820151	1820151,1820150,85711,62004,118560,7553,61985,197563,6656,88770,1206794,33317,33213,6072,33208,33154,2759,131567
Haplosporangium_bisporale	1897645	1897645,979650,4854,214503,2212732,1137986,3705878,112252,4751,33154,2759,131567
Haplosporangium_gracile	2779863	2779863,979650,4854,214503,2212732,1137986,3705878,112252,4751,33154,2759,131567
Hapterophycus_canaliculatus	2567908	2567908,2567907,2891,2877,2870,569578,2696291,33634,2698737,2759,131567
Hartaetosiga_balthica	1194294	1194294,1923837,81529,1924738,28009,33154,2759,131567
Hartaetosiga_gracilis	216892	216892,1923837,81529,1924738,28009,33154,2759,131567
Hebeloma_cylindrosporum	76867	76867,34453,80649,2982305,5338,452333,155619,5302,5204,451864,4751,33154,2759,131567
Helgoeca_nana	530540	530540,530539,28010,1924739,28009,33154,2759,131567
Helianthus_annuus	4232	4232,4231,102814,911341,102804,4210,4209,91882,71274,1437201,91827,71240,1437183,3398,58024,78536,58023,3193,131221,35493,33090,2759,131567
Helianthus_anomalus	73274	73274,4231,102814,911341,102804,4210,4209,91882,71274,1437201,91827,71240,1437183,3398,58024,78536,58023,3193,131221,35493,33090,2759,131567
Helianthus_debilis	74142	74142,73282,4231,102814,911341,102804,4210,4209,91882,71274,1437201,91827,71240,1437183,3398,58024,78536,58023,3193,131221,35493,33090,2759,131567
Helicocarpus_griseus_UAMH5409	1447875	1447875,121128,1745324,299071,33183,451871,147545,716546,147538,716545,4890,451864,4751,33154,2759,131567
Helicorthomorpha_holstii	1325552	1325552,614341,118474,71419,118561,7553,61985,197563,6656,88770,1206794,33317,33213,6072,33208,33154,2759,131567
Helicostylum_pulchrum	562976	562976,101137,34489,1344963,4827,2212703,451507,1913637,112252,4751,33154,2759,131567
Heliocybe_sulcata	5364	5364,144548,452340,452339,355688,155619,5302,5204,451864,4751,33154,2759,131567
Heliosperma_pusillum	39905	39905,415875,1141492,3568,3524,1437201,91827,71240,1437183,3398,58024,78536,58023,3193,131221,35493,33090,2759,131567
Helix_lucorum	31229	31229,6534,6533,87862,216366,6527,120490,977775,216307,216305,6448,6447,1206795,2697495,33317,33213,6072,33208,33154,2759,131567
Helluoherpia_aegiri	1541971	1541971,1541970,669221,1077249,231996,47122,6447,1206795,2697495,33317,33213,6072,33208,33154,2759,131567
Helobdella_robusta	6412	6412,6411,6407,6406,55824,42113,6340,1206795,2697495,33317,33213,6072,33208,33154,2759,131567
Hemithiris_psittacea	763142	763142,33487,115376,115374,33485,115371,115369,7568,1206795,2697495,33317,33213,6072,33208,33154,2759,131567
Henckelia_pumila	405737	405737,199091,1477611,214607,214597,26122,4143,91888,71274,1437201,91827,71240,1437183,3398,58024,78536,58023,3193,131221,35493,33090,2759,131567
Henia_brevis	1816497	1816497,126935,126934,60154,115407,115405,7540,61985,197563,6656,88770,1206794,33317,33213,6072,33208,33154,2759,131567
Henia_illyrica	1428161	1428161,126935,126934,60154,115407,115405,7540,61985,197563,6656,88770,1206794,33317,33213,6072,33208,33154,2759,131567
Henningerozyma_blattae_CBS_6284	1071380	1071380,1071379,3163253,4893,4892,4891,147537,716545,4890,451864,4751,33154,2759,131567
Hepatospora_eriocheir	1081669	1081669,1081667,3075347,6032,6029,112252,4751,33154,2759,131567
Heracleum_sosnowskyi	360622	360622,40917,1589896,489404,241780,241778,4037,364270,4036,91882,71274,1437201,91827,71240,1437183,3398,58024,78536,58023,3193,131221,35493,33090,2759,131567
Hericium_alpestre	135208	135208,40459,40458,452342,355688,155619,5302,5204,451864,4751,33154,2759,131567
Hermanssonia_centrifuga	98765	98765,2904863,81064,5303,355688,155619,5302,5204,451864,4751,33154,2759,131567
Hermissenda_crassicornis_-_Hermissenda_opalescens	1840525	1840525,205592,216354,71481,1707744,70849,680346,216307,216305,6448,6447,1206795,2697495,33317,33213,6072,33208,33154,2759,131567
Hermodice_carunculata	259844	259844,259843,104701,65495,105390,6341,6340,1206795,2697495,33317,33213,6072,33208,33154,2759,131567
Herrania_umbratica	108875	108875,3640,214909,3629,41938,91836,71275,1437201,91827,71240,1437183,3398,58024,78536,58023,3193,131221,35493,33090,2759,131567
Hesseltinella_vesiculosa	101127	101127,101126,4851,4827,2212703,451507,1913637,112252,4751,33154,2759,131567
Heterobasidion_irregulare_TC_32-1	747525	747525,984962,256003,13562,40420,452342,355688,155619,5302,5204,451864,4751,33154,2759,131567
Heterobasidion_irregulare_TC_321	747525	747525,984962,256003,13562,40420,452342,355688,155619,5302,5204,451864,4751,33154,2759,131567
Heterocypris_incongruens	425018	425018,84330,43954,84329,84328,84318,43953,6670,2172819,197562,197563,6656,88770,1206794,33317,33213,6072,33208,33154,2759,131567
Heteromastus_filiformis	397554	397554,397553,51292,105387,105389,6341,6340,1206795,2697495,33317,33213,6072,33208,33154,2759,131567
Heterosigma_akashiwo	2829	2829,2828,658124,658125,38410,2696291,33634,2698737,2759,131567
Hevea_brasiliensis	3981	3981,3980,235882,235631,3977,3646,91835,71275,1437201,91827,71240,1437183,3398,58024,78536,58023,3193,131221,35493,33090,2759,131567
Hibiscus_cannabinus	229543	229543,47605,214907,3629,41938,91836,71275,1437201,91827,71240,1437183,3398,58024,78536,58023,3193,131221,35493,33090,2759,131567
Hibiscus_sabdariffa	183260	183260,47605,214907,3629,41938,91836,71275,1437201,91827,71240,1437183,3398,58024,78536,58023,3193,131221,35493,33090,2759,131567
Hibiscus_syriacus	106335	106335,47605,214907,3629,41938,91836,71275,1437201,91827,71240,1437183,3398,58024,78536,58023,3193,131221,35493,33090,2759,131567
Hibiscus_trionum	183268	183268,47605,214907,3629,41938,91836,71275,1437201,91827,71240,1437183,3398,58024,78536,58023,3193,131221,35493,33090,2759,131567
Hierodula_formosana	940208	2898271,2898270,2898265,7505,2901294,2901283,7504,6970,33341,33340,7496,85512,50557,6960,3701030,3701028,197562,197563,6656,88770,1206794,33317,33213,6072,33208,33154,2759,131567
Hildenbrandia_rubra	31481	31481,31479,31478,31477,2045264,2806,2763,2759,131567
Himantarium_gabrielis	241672	241672,241671,60156,60154,115407,115405,7540,61985,197563,6656,88770,1206794,33317,33213,6072,33208,33154,2759,131567
Hinea_brasiliana	1514958	1514958,1514957,146725,69597,216291,69555,6448,6447,1206795,2697495,33317,33213,6072,33208,33154,2759,131567
Hippolyte_inermis	575566	575566,294140,98089,115581,6694,6692,6683,3701045,72041,6681,3701029,3701028,197562,197563,6656,88770,1206794,33317,33213,6072,33208,33154,2759,131567
Hirsutella_minnesotensis_3608	1043627	1043627,332947,42367,474942,5125,222543,147550,715989,716546,147538,716545,4890,451864,4751,33154,2759,131567
Hirsutella_rhossiliensis	111463	111463,42367,474942,5125,222543,147550,715989,716546,147538,716545,4890,451864,4751,33154,2759,131567
Hirudo_medicinalis	6421	6421,6420,6417,6416,2218736,55824,42113,6340,1206795,2697495,33317,33213,6072,33208,33154,2759,131567
Histoplasma_capsulatum_G186AR	447093	447093,5037,5036,299071,33183,451871,147545,716546,147538,716545,4890,451864,4751,33154,2759,131567
Histoplasma_mississippiense	2059318	2059318,5036,299071,33183,451871,147545,716546,147538,716545,4890,451864,4751,33154,2759,131567
Histoplasma_ohiense	2902605	2902605,5036,299071,33183,451871,147545,716546,147538,716545,4890,451864,4751,33154,2759,131567
Histriobdella_sp._ET-2021	2863089	2863089,2859442,272734,272733,1649654,6341,6340,1206795,2697495,33317,33213,6072,33208,33154,2759,131567
Hofstenia_miamia	442651	442651,442650,442649,31265,147099,1312402,33213,6072,33208,33154,2759,131567
Hohenbuehelia_grisea	104357	104357,71886,104366,2983527,5338,452333,155619,5302,5204,451864,4751,33154,2759,131567
Hoilungia_hongkongensis	1964320	1964320,2493112,3043706,3043704,3043701,10226,6072,33208,33154,2759,131567
Holtermanniella_festucosa	257869	257869,983939,1051672,155616,5302,5204,451864,4751,33154,2759,131567
Homalenotus_remyi	1954382	1954382,703778,3002565,118567,101159,43278,101165,43271,6854,6843,6656,88770,1206794,33317,33213,6072,33208,33154,2759,131567
Homalonychus_theologus	320780	320780,320452,320451,320450,74971,6905,6893,6854,6843,6656,88770,1206794,33317,33213,6072,33208,33154,2759,131567
Homarus_americanus	6706	6706,6705,6704,37849,6712,6692,6683,3701045,72041,6681,3701029,3701028,197562,197563,6656,88770,1206794,33317,33213,6072,33208,33154,2759,131567
Homo_sapiens	9606	9606,9605,207598,9604,314295,9526,314293,376913,9443,314146,1437010,9347,32525,40674,32524,32523,1338369,8287,117571,117570,7776,7742,89593,7711,33511,33213,6072,33208,33154,2759,131567
Hordeum_erectifolium	58926	58926,4512,1648017,147389,1648038,147368,359160,4479,38820,4734,1437197,4447,1437183,3398,58024,78536,58023,3193,131221,35493,33090,2759,131567
Hordeum_vulgare	112509	112509,4513,4512,1648017,147389,1648038,147368,359160,4479,38820,4734,1437197,4447,1437183,3398,58024,78536,58023,3193,131221,35493,33090,2759,131567
Hottonia_inflata	296628	296628,175036,4335,41945,71274,1437201,91827,71240,1437183,3398,58024,78536,58023,3193,131221,35493,33090,2759,131567
Hottonia_palustris	175037	175037,175036,4335,41945,71274,1437201,91827,71240,1437183,3398,58024,78536,58023,3193,131221,35493,33090,2759,131567
Hrabeiella_periglandulata	152469	152469,152468,1206796,6340,1206795,2697495,33317,33213,6072,33208,33154,2759,131567
Hsuehochloa_calcarea	3061239	3061239,3061238,3414519,1149709,1648034,147366,359160,4479,38820,4734,1437197,4447,1437183,3398,58024,78536,58023,3193,131221,35493,33090,2759,131567
Hubrechtella_ijimai	1519031	1519031,166031,166028,6218,6217,1206795,2697495,33317,33213,6072,33208,33154,2759,131567
Huiozyma_naganishii_CBS_8797	1071383	1071383,588726,3163251,4893,4892,4891,147537,716545,4890,451864,4751,33154,2759,131567
Humicola_hyalothermophila	1486343	1486343,5526,35718,5139,222544,147550,715989,716546,147538,716545,4890,451864,4751,33154,2759,131567
Humulus_lupulus	3486	3486,3484,3481,3744,91835,71275,1437201,91827,71240,1437183,3398,58024,78536,58023,3193,131221,35493,33090,2759,131567
Huperzia_asiatica	1756983	1756983,37428,1965352,3250,3249,1521260,58023,3193,131221,35493,33090,2759,131567
Hutchinsoniella_macracantha	84335	84335,84334,84333,84332,72040,3701030,3701028,197562,197563,6656,88770,1206794,33317,33213,6072,33208,33154,2759,131567
Hyalella_azteca	294128	294128,199487,199477,199476,1732206,1732196,6821,6820,72041,6681,3701029,3701028,197562,197563,6656,88770,1206794,33317,33213,6072,33208,33154,2759,131567
Hyalomma_excavatum	257692	257692,34625,426438,6939,297308,6935,6934,6933,6854,6843,6656,88770,1206794,33317,33213,6072,33208,33154,2759,131567
Hyaloperonospora_brassicae	162125	162125,184462,4777,4776,3418804,4762,33634,2698737,2759,131567
Hyaloraphidium_curvatum	82268	82268,82267,3705301,3705300,3705298,3705299,3705317,112252,4751,33154,2759,131567
Hyaloscypha_bicolor_E	1095630	1095630,2482752,186449,47747,47743,5178,147548,715989,716546,147538,716545,4890,451864,4751,33154,2759,131567
Hyaloscypha_finlandica	2482753	2482753,186449,47747,47743,5178,147548,715989,716546,147538,716545,4890,451864,4751,33154,2759,131567
Hyaloscypha_hepaticicola	2082293	2082293,186449,47747,47743,5178,147548,715989,716546,147538,716545,4890,451864,4751,33154,2759,131567
Hyaloscypha_variabilis	2482757	2482757,186449,47747,47743,5178,147548,715989,716546,147538,716545,4890,451864,4751,33154,2759,131567
Hydatina_physis	259632	259632,259631,252545,71510,977774,216305,6448,6447,1206795,2697495,33317,33213,6072,33208,33154,2759,131567
Hydnomerulius_pinastri_MD-312	994086	994086,157265,85978,390144,68889,452333,155619,5302,5204,451864,4751,33154,2759,131567
Hydnomerulius_pinastri_MD312	994086	994086,157265,85978,390144,68889,452333,155619,5302,5204,451864,4751,33154,2759,131567
Hydnum_rufescens_UP504	1448309	1448309,139363,57133,68758,36064,355688,155619,5302,5204,451864,4751,33154,2759,131567
Hydra_vulgaris	6087	6087,6083,6080,1612408,406427,37516,6074,6073,6072,33208,33154,2759,131567
Hydromantes_strinatii	482143	482143,486473,269181,8332,30367,8293,41666,8292,32523,1338369,8287,117571,117570,7776,7742,89593,7711,33511,33213,6072,33208,33154,2759,131567
Hydroptila_sp._AD-2013	1325438	1325438,2606697,599788,177604,177602,57995,57994,93875,30263,85604,3701063,3701062,33392,3701061,33340,7496,85512,50557,6960,3701030,3701028,197562,197563,6656,88770,1206794,33317,33213,6072,33208,33154,2759,131567
Hydroschendyla_submarina	1428152	1428152,1428151,126944,60154,115407,115405,7540,61985,197563,6656,88770,1206794,33317,33213,6072,33208,33154,2759,131567
Hygrophoropsis_aurantiaca	72124	72124,72123,389734,227334,68889,452333,155619,5302,5204,451864,4751,33154,2759,131567
Hymenopellis_radicata	937743	937743,937605,862241,2982316,5338,452333,155619,5302,5204,451864,4751,33154,2759,131567
Hymenoscyphus_albidus	595503	595503,5182,5181,5178,147548,715989,716546,147538,716545,4890,451864,4751,33154,2759,131567
Hynobius_retardatus	36312	36312,1527437,36311,30366,30364,8293,41666,8292,32523,1338369,8287,117571,117570,7776,7742,89593,7711,33511,33213,6072,33208,33154,2759,131567
Hypania_invalida	1977848	1977848,1977843,6374,2784887,6373,105391,105389,6341,6340,1206795,2697495,33317,33213,6072,33208,33154,2759,131567
Hyphodiscus_hymeniophilus	353542	353542,353541,2907103,5178,147548,715989,716546,147538,716545,4890,451864,4751,33154,2759,131567
Hyphopichia_burtonii_NRRL_Y-1933	984485	984485,717740,507510,766764,2916678,3239874,147537,716545,4890,451864,4751,33154,2759,131567
Hyphopichia_burtonii_NRRL_Y1933	984485	984485,717740,507510,766764,2916678,3239874,147537,716545,4890,451864,4751,33154,2759,131567
Hypochthonius_rufulus	66581	66581,66580,66579,83161,229883,66551,83137,6946,6933,6854,6843,6656,88770,1206794,33317,33213,6072,33208,33154,2759,131567
Hypomontagnella_submonticulosa	152308	152308,2652702,2033035,37989,222545,147550,715989,716546,147538,716545,4890,451864,4751,33154,2759,131567
Hypoxylon_cercidicola	326656	326656,42308,2033035,37989,222545,147550,715989,716546,147538,716545,4890,451864,4751,33154,2759,131567
Hypoxylon_crocopeplum	326657	326657,42308,2033035,37989,222545,147550,715989,716546,147538,716545,4890,451864,4751,33154,2759,131567
Hypoxylon_fragiforme	63214	63214,42308,2033035,37989,222545,147550,715989,716546,147538,716545,4890,451864,4751,33154,2759,131567
Hypoxylon_fuscum	109372	109372,42308,2033035,37989,222545,147550,715989,716546,147538,716545,4890,451864,4751,33154,2759,131567
Hypoxylon_texense	2594544	2594544,42308,2033035,37989,222545,147550,715989,716546,147538,716545,4890,451864,4751,33154,2759,131567
Hypoxylon_trugodes	326681	326681,42308,2033035,37989,222545,147550,715989,716546,147538,716545,4890,451864,4751,33154,2759,131567
Hypsibius_exemplaris	2072580	2072580,58670,58669,2558949,149990,42242,42241,88770,1206794,33317,33213,6072,33208,33154,2759,131567
Hysterangium_stoloniferum	150792	150792,112993,112992,452337,452335,155619,5302,5204,451864,4751,33154,2759,131567
Ichthyophonus_hoferi	39843	39843,39842,2586436,198625,127916,33154,2759,131567
Ichthyophthirius_multifiliis	5932	5932,5931,37090,31277,6020,431838,5878,33630,2698737,2759,131567
Icmadophila_ericetorum	90408	90408,90407,83476,88639,388283,1520881,147547,716546,147538,716545,4890,451864,4751,33154,2759,131567
Ideobisium_crassimanum	2590493	2590493,534926,534919,83165,51799,6854,6843,6656,88770,1206794,33317,33213,6072,33208,33154,2759,131567
Idiosepius_pygmaeus	55281	55281,55280,55279,2760431,215450,6606,6605,6447,1206795,2697495,33317,33213,6072,33208,33154,2759,131567
Ikaeria_aurantiellina	2005598	2005598,2005597,1301212,88646,1302176,107465,388435,1520881,147547,716546,147538,716545,4890,451864,4751,33154,2759,131567
Ilex_paraguariensis	185542	185542,4295,4294,91883,91882,71274,1437201,91827,71240,1437183,3398,58024,78536,58023,3193,131221,35493,33090,2759,131567
Ilyonectria_destructans	64609	64609,1079112,110618,5125,222543,147550,715989,716546,147538,716545,4890,451864,4751,33154,2759,131567
Ilyonectria_robusta	1079257	1079257,1079112,110618,5125,222543,147550,715989,716546,147538,716545,4890,451864,4751,33154,2759,131567
Imleria_badia	36058	36058,2013945,1487595,5368,227330,68889,452333,155619,5302,5204,451864,4751,33154,2759,131567
Immersiella_caudata	314043	314043,260662,42302,5139,222544,147550,715989,716546,147538,716545,4890,451864,4751,33154,2759,131567
Impatiens_glandulifera	253017	253017,35939,25692,41945,71274,1437201,91827,71240,1437183,3398,58024,78536,58023,3193,131221,35493,33090,2759,131567
Imshaugia_aleurites	172621	172621,172620,78060,157822,5197,388435,1520881,147547,716546,147538,716545,4890,451864,4751,33154,2759,131567
Infundibulicybe_gibba	378275	378275,378268,3746644,2982303,5338,452333,155619,5302,5204,451864,4751,33154,2759,131567
Ipomoea_nil	35883	35883,4119,267213,4118,4069,91888,71274,1437201,91827,71240,1437183,3398,58024,78536,58023,3193,131221,35493,33090,2759,131567
Ipomoea_triloba	35885	35885,4119,267213,4118,4069,91888,71274,1437201,91827,71240,1437183,3398,58024,78536,58023,3193,131221,35493,33090,2759,131567
Irineochytrium_annulatum	109884	109884,1587496,4812,4810,451435,3705883,4761,3705317,112252,4751,33154,2759,131567
Iris_pallida	29817	29817,26378,2508073,2507920,26339,73496,1437197,4447,1437183,3398,58024,78536,58023,3193,131221,35493,33090,2759,131567
Irpex_rosettiformis	378272	378272,5318,1931355,5303,355688,155619,5302,5204,451864,4751,33154,2759,131567
Ischnura_elegans	197161	197161,79456,70895,70894,50488,6961,33339,7496,85512,50557,6960,3701030,3701028,197562,197563,6656,88770,1206794,33317,33213,6072,33208,33154,2759,131567
Ischnura_senegalensis	126660	126660,79456,70895,70894,50488,6961,33339,7496,85512,50557,6960,3701030,3701028,197562,197563,6656,88770,1206794,33317,33213,6072,33208,33154,2759,131567
Ischyropsalis_nodifera	1348668	1348668,43280,43279,101157,43278,101165,43271,6854,6843,6656,88770,1206794,33317,33213,6072,33208,33154,2759,131567
Isodiametra_pulchra	504439	504439,504438,504437,31265,147099,1312402,33213,6072,33208,33154,2759,131567
Isoetes_sinensis	283158	283158,13838,13837,13836,1521260,58023,3193,131221,35493,33090,2759,131567
Issoca_rezendei	1334141	1334141,1292350,1292254,52317,1292253,1292243,6159,147100,6157,1206795,2697495,33317,33213,6072,33208,33154,2759,131567
Itaspiella_helgolandica	1611829	1611829,1611828,39228,39226,147100,6157,1206795,2697495,33317,33213,6072,33208,33154,2759,131567
Ixodes_scapularis	6945	6945,6944,426442,6939,297308,6935,6934,6933,6854,6843,6656,88770,1206794,33317,33213,6072,33208,33154,2759,131567
Jaapia_argillacea_MUCL_33604	933084	933084,202697,202696,721929,721927,452333,155619,5302,5204,451864,4751,33154,2759,131567
Jackrogersella_minutella	1955266	1955266,2033036,2033035,37989,222545,147550,715989,716546,147538,716545,4890,451864,4751,33154,2759,131567
Jaminaea_angkorensis_CBS_10918	1294688	1294688,542766,561108,162477,162475,452283,452284,5204,451864,4751,33154,2759,131567
Jaminaea_pallidilutea	2878321	2878321,561108,162477,162475,452283,452284,5204,451864,4751,33154,2759,131567
Jaminaea_rosea	1569628	1569628,561108,162477,162475,452283,452284,5204,451864,4751,33154,2759,131567
Jatropha_curcas	180498	180498,3995,235887,235631,3977,3646,91835,71275,1437201,91827,71240,1437183,3398,58024,78536,58023,3193,131221,35493,33090,2759,131567
Jimgerdemannia_flammicorona	994334	994334,2052799,4870,4869,2212702,451507,1913637,112252,4751,33154,2759,131567
Juglans_microcarpa	2249226	2249226,16718,16714,3502,91835,71275,1437201,91827,71240,1437183,3398,58024,78536,58023,3193,131221,35493,33090,2759,131567
Juglans_microcarpa_x_Juglans_regia	2249226	2249226,16718,16714,3502,91835,71275,1437201,91827,71240,1437183,3398,58024,78536,58023,3193,131221,35493,33090,2759,131567
Juglans_regia	51240	51240,16718,16714,3502,91835,71275,1437201,91827,71240,1437183,3398,58024,78536,58023,3193,131221,35493,33090,2759,131567
Juncus_effusus	13579	13579,13578,14101,38820,4734,1437197,4447,1437183,3398,58024,78536,58023,3193,131221,35493,33090,2759,131567
Kalaharituber_pfeilii	139406	139406,502117,5186,5185,147549,147538,716545,4890,451864,4751,33154,2759,131567
Kalanchoe_gracilipes	80900	80900,23012,3781,41946,1437201,91827,71240,1437183,3398,58024,78536,58023,3193,131221,35493,33090,2759,131567
Kalmanozyma_brasiliensis_GHG001	1365824	1365824,1392244,1804794,1804131,5267,5257,452284,5204,451864,4751,33154,2759,131567
Karstenula_rhodostoma_CBS_690.94	1392251	1392251,301204,301203,221678,1255046,92860,451868,147541,715962,716546,147538,716545,4890,451864,4751,33154,2759,131567
Katharina_tunicata	34587	34587,34586,34585,291892,6652,6651,6650,6447,1206795,2697495,33317,33213,6072,33208,33154,2759,131567
Kazachstania_africana_CBS_2517	1071382	1071382,432096,71245,4893,4892,4891,147537,716545,4890,451864,4751,33154,2759,131567
Kickxella_alabastrina	61397	61397,61396,4862,4861,2219690,451828,3704128,112252,4751,33154,2759,131567
Kingdonia_uniflora	39325	39325,39163,39161,41768,1437183,3398,58024,78536,58023,3193,131221,35493,33090,2759,131567
Klebsormidium_nitens	105231	105231,3174,3173,3172,131220,35493,33090,2759,131567
Kluyveromyces_lactis	28985	28985,4910,4893,4892,4891,147537,716545,4890,451864,4751,33154,2759,131567
Kluyveromyces_marxianus_DMKU3-1042	1003335	1003335,4911,4910,4893,4892,4891,147537,716545,4890,451864,4751,33154,2759,131567
Kluyveromyces_marxianus_DMKU31042	1003335	1003335,4911,4910,4893,4892,4891,147537,716545,4890,451864,4751,33154,2759,131567
Knufia_fluminis	191047	191047,430999,1233474,34395,451870,147545,716546,147538,716545,4890,451864,4751,33154,2759,131567
Knufia_obscura	1635080	1635080,430999,1233474,34395,451870,147545,716546,147538,716545,4890,451864,4751,33154,2759,131567
Knufia_peltigerae	1002370	1002370,430999,1233474,34395,451870,147545,716546,147538,716545,4890,451864,4751,33154,2759,131567
Kockiozyma_suomiensis	1337062	1337062,2861358,29827,3243773,3243770,147537,716545,4890,451864,4751,33154,2759,131567
Kockovaella_imperatae	4999	4999,4998,1910893,5234,155616,5302,5204,451864,4751,33154,2759,131567
Komagataella_pastoris	4922	4922,460517,1156497,3243775,3239874,147537,716545,4890,451864,4751,33154,2759,131567
Komagataella_phaffii_GS115	644223	644223,460519,460517,1156497,3243775,3239874,147537,716545,4890,451864,4751,33154,2759,131567
Konetontli_acapulco	1532980	1532980,1532979,33320,70337,259439,6855,6854,6843,6656,88770,1206794,33317,33213,6072,33208,33154,2759,131567
Kontikia_ventrolineata	1520482	1520482,1292335,1336591,52317,1292253,1292243,6159,147100,6157,1206795,2697495,33317,33213,6072,33208,33154,2759,131567
Krohnitta_subtilis	1120154	1120154,366401,366400,366398,33512,1421718,10229,2697496,2697495,33317,33213,6072,33208,33154,2759,131567
Kryptolebias_marmoratus	37003	37003,326431,28771,45443,28738,1489913,1489908,1489872,123369,123368,123367,123366,123365,1489388,186625,1489341,32443,41665,186623,7898,117571,117570,7776,7742,89593,7711,33511,33213,6072,33208,33154,2759,131567
Kuettlingeria_erythrocarpa	3058864	3058864,3014879,88646,1302176,107465,388435,1520881,147547,716546,147538,716545,4890,451864,4751,33154,2759,131567
Kukulcania_hibernalis	268415	268415,268414,94010,2746567,74970,6905,6893,6854,6843,6656,88770,1206794,33317,33213,6072,33208,33154,2759,131567
Kumbadjena_occidentalis	1454319	1454319,1454318,27567,2082882,2082881,27563,88770,1206794,33317,33213,6072,33208,33154,2759,131567
Kuraishia_capsulata_CBS_1993	1382522	1382522,317047,317045,1156497,3243775,3239874,147537,716545,4890,451864,4751,33154,2759,131567
Kwoniella_bestiolae_CBS_10118	1296100	1296100,324769,490731,1884633,5234,155616,5302,5204,451864,4751,33154,2759,131567
Kwoniella_botswanensis	1268659	1268659,490731,1884633,5234,155616,5302,5204,451864,4751,33154,2759,131567
Kwoniella_dejecticola_CBS_10117	1296121	1296121,324770,490731,1884633,5234,155616,5302,5204,451864,4751,33154,2759,131567
Kwoniella_dendrophila_CBS_6074	1295534	1295534,4975,490731,1884633,5234,155616,5302,5204,451864,4751,33154,2759,131567
Kwoniella_europaea_PYCC6329	1423913	1423913,1247712,490731,1884633,5234,155616,5302,5204,451864,4751,33154,2759,131567
Kwoniella_fici	2878307	2878307,490731,1884633,5234,155616,5302,5204,451864,4751,33154,2759,131567
Kwoniella_heveanensis_BCC8398	1296120	1296120,89924,490731,1884633,5234,155616,5302,5204,451864,4751,33154,2759,131567
Kwoniella_mangroviensis_CBS_8507	1296122	1296122,463800,490731,1884633,5234,155616,5302,5204,451864,4751,33154,2759,131567
Kwoniella_newhampshirensis	1651941	1651941,490731,1884633,5234,155616,5302,5204,451864,4751,33154,2759,131567
Kwoniella_ovata	2877729	2877729,490731,1884633,5234,155616,5302,5204,451864,4751,33154,2759,131567
Kwoniella_pini_CBS_10737	1296096	1296096,453459,490731,1884633,5234,155616,5302,5204,451864,4751,33154,2759,131567
Kwoniella_shandongensis	1734106	1734106,490731,1884633,5234,155616,5302,5204,451864,4751,33154,2759,131567
Kwoniella_shivajii	564305	564305,490731,1884633,5234,155616,5302,5204,451864,4751,33154,2759,131567
Laccaria_amethystina_LaAM-08-1	1095629	1095629,89243,29882,330899,2982305,5338,452333,155619,5302,5204,451864,4751,33154,2759,131567
Laccaria_amethystina_LaAM081	89243	89243,29882,330899,2982305,5338,452333,155619,5302,5204,451864,4751,33154,2759,131567
Laccaria_bicolor_S238N-H82	486041	486041,29883,29882,330899,2982305,5338,452333,155619,5302,5204,451864,4751,33154,2759,131567
Laccaria_bicolor_S238NH82	486041	486041,29883,29882,330899,2982305,5338,452333,155619,5302,5204,451864,4751,33154,2759,131567
Lachancea_dasiensis	1072105	1072105,300275,4893,4892,4891,147537,716545,4890,451864,4751,33154,2759,131567
Lachancea_lanzarotensis	1245769	1245769,300275,4893,4892,4891,147537,716545,4890,451864,4751,33154,2759,131567
Lachancea_meyersii_CBS_8951	1266667	1266667,300276,300275,4893,4892,4891,147537,716545,4890,451864,4751,33154,2759,131567
Lachancea_mirantina	1230905	1230905,300275,4893,4892,4891,147537,716545,4890,451864,4751,33154,2759,131567
Lachancea_nothofagi_CBS_11611	1266666	1266666,679534,300275,4893,4892,4891,147537,716545,4890,451864,4751,33154,2759,131567
Lachancea_thermotolerans_CBS_6340	559295	559295,381046,300275,4893,4892,4891,147537,716545,4890,451864,4751,33154,2759,131567
Lachnellula_arida	1316785	1316785,47830,2589077,5178,147548,715989,716546,147538,716545,4890,451864,4751,33154,2759,131567
Lachnellula_cervina	1316786	1316786,47830,2589077,5178,147548,715989,716546,147538,716545,4890,451864,4751,33154,2759,131567
Lachnellula_hyalina	1316788	1316788,47830,2589077,5178,147548,715989,716546,147538,716545,4890,451864,4751,33154,2759,131567
Lachnellula_occidentalis	215460	215460,47830,2589077,5178,147548,715989,716546,147538,716545,4890,451864,4751,33154,2759,131567
Lachnellula_subtilissima	602034	602034,47830,2589077,5178,147548,715989,716546,147538,716545,4890,451864,4751,33154,2759,131567
Lachnellula_suecica	602035	602035,47830,2589077,5178,147548,715989,716546,147538,716545,4890,451864,4751,33154,2759,131567
Lachnellula_willkommii	215461	215461,47830,2589077,5178,147548,715989,716546,147538,716545,4890,451864,4751,33154,2759,131567
Lactarius_akahatsu	416441	416441,34444,5401,452342,355688,155619,5302,5204,451864,4751,33154,2759,131567
Lactarius_deliciosus	55514	55514,34444,5401,452342,355688,155619,5302,5204,451864,4751,33154,2759,131567
Lactarius_hengduanensis	1932122	1932122,34444,5401,452342,355688,155619,5302,5204,451864,4751,33154,2759,131567
Lactarius_indigo	222702	222702,34444,5401,452342,355688,155619,5302,5204,451864,4751,33154,2759,131567
Lactarius_psammicola	1907521	1907521,34444,5401,452342,355688,155619,5302,5204,451864,4751,33154,2759,131567
Lactarius_pseudohatsudake	1932123	1932123,34444,5401,452342,355688,155619,5302,5204,451864,4751,33154,2759,131567
Lactarius_quietus	111141	111141,34444,5401,452342,355688,155619,5302,5204,451864,4751,33154,2759,131567
Lactarius_sanguifluus	111137	111137,34444,5401,452342,355688,155619,5302,5204,451864,4751,33154,2759,131567
Lactarius_vividus	1740625	1740625,34444,5401,452342,355688,155619,5302,5204,451864,4751,33154,2759,131567
Lactifluus_subvellereus	1837270	1837270,596919,5401,452342,355688,155619,5302,5204,451864,4751,33154,2759,131567
Lactifluus_volemus	71967	71967,596919,5401,452342,355688,155619,5302,5204,451864,4751,33154,2759,131567
Lactuca_saligna	75948	75948,4235,745062,219121,219120,4210,4209,91882,71274,1437201,91827,71240,1437183,3398,58024,78536,58023,3193,131221,35493,33090,2759,131567
Lactuca_sativa	4236	4236,4235,745062,219121,219120,4210,4209,91882,71274,1437201,91827,71240,1437183,3398,58024,78536,58023,3193,131221,35493,33090,2759,131567
Lactuca_serriola	75943	75943,4235,745062,219121,219120,4210,4209,91882,71274,1437201,91827,71240,1437183,3398,58024,78536,58023,3193,131221,35493,33090,2759,131567
Lactuca_virosa	75947	75947,4235,745062,219121,219120,4210,4209,91882,71274,1437201,91827,71240,1437183,3398,58024,78536,58023,3193,131221,35493,33090,2759,131567
Lacydonia_sp._ET-2021	2863088	2863088,2627168,329450,195257,6348,105390,6341,6340,1206795,2697495,33317,33213,6072,33208,33154,2759,131567
Laetiporus_sulphureus_93-53	1314785	1314785,5630,5629,2028212,5303,355688,155619,5302,5204,451864,4751,33154,2759,131567
Laetiporus_sulphureus_9353	1314785	1314785,5630,5629,2028212,5303,355688,155619,5302,5204,451864,4751,33154,2759,131567
Laetmonice_cf._iocasica_ET-2021	2863094	2863094,73377,45664,6348,105390,6341,6340,1206795,2697495,33317,33213,6072,33208,33154,2759,131567
Laevipilina_hyalina	651133	651133,358448,358447,2448543,358446,6447,1206795,2697495,33317,33213,6072,33208,33154,2759,131567
Lambiella_insularis	1397036	1397036,1592953,3383949,452221,388283,1520881,147547,716546,147538,716545,4890,451864,4751,33154,2759,131567
Lamellibrachia_satsuma	104711	104711,6423,41324,6362,105391,105389,6341,6340,1206795,2697495,33317,33213,6072,33208,33154,2759,131567
Laminaria_digitata	80365	80365,33637,33636,2886,2870,569578,2696291,33634,2698737,2759,131567
Lampea_sp._Ct11R	2584719	2584719,2622667,1403705,1403708,50341,140493,10197,6072,33208,33154,2759,131567
Lanistes_nyassanus	500758	500758,500755,54973,6475,75116,69555,6448,6447,1206795,2697495,33317,33213,6072,33208,33154,2759,131567
Lanmaoa_asiatica	1603062	1603062,1629825,1487600,5368,227330,68889,452333,155619,5302,5204,451864,4751,33154,2759,131567
Laqueus_californianus	33478	33478,33477,33476,115392,115390,7578,115371,115369,7568,1206795,2697495,33317,33213,6072,33208,33154,2759,131567
Lasiodiplodia_hormozganensis	869390	869390,66739,45131,451869,159987,147541,715962,716546,147538,716545,4890,451864,4751,33154,2759,131567
Lasiodiplodia_mahajangana	1108764	1108764,66739,45131,451869,159987,147541,715962,716546,147538,716545,4890,451864,4751,33154,2759,131567
Lasiodiplodia_theobromae	45133	45133,66739,45131,451869,159987,147541,715962,716546,147538,716545,4890,451864,4751,33154,2759,131567
Lasiosphaeria_hispida	260671	260671,92901,42302,5139,222544,147550,715989,716546,147538,716545,4890,451864,4751,33154,2759,131567
Lasiosphaeria_miniovina	1954250	1954250,92901,42302,5139,222544,147550,715989,716546,147538,716545,4890,451864,4751,33154,2759,131567
Lasiosphaeria_ovina	92902	92902,92901,42302,5139,222544,147550,715989,716546,147538,716545,4890,451864,4751,33154,2759,131567
Lasiosphaeris_hirsuta	260670	260670,260669,42302,5139,222544,147550,715989,716546,147538,716545,4890,451864,4751,33154,2759,131567
Lathyrus_oleraceus	3888	3888,3853,163743,2233839,2233838,2231382,2231393,3814,3803,72025,91835,71275,1437201,91827,71240,1437183,3398,58024,78536,58023,3193,131221,35493,33090,2759,131567
Lathyrus_sativus	3860	3860,3853,163743,2233839,2233838,2231382,2231393,3814,3803,72025,91835,71275,1437201,91827,71240,1437183,3398,58024,78536,58023,3193,131221,35493,33090,2759,131567
Latimeria_chalumnae	7897	7897,7896,7895,7894,118072,8287,117571,117570,7776,7742,89593,7711,33511,33213,6072,33208,33154,2759,131567
Latimeria_menadoensis	106881	106881,7896,7895,7894,118072,8287,117571,117570,7776,7742,89593,7711,33511,33213,6072,33208,33154,2759,131567
Lecanora_helva	1217787	1217787,39934,39933,157822,5197,388435,1520881,147547,716546,147538,716545,4890,451864,4751,33154,2759,131567
Lecanosticta_acicola	111012	111012,687950,93133,2726947,451867,147541,715962,716546,147538,716545,4890,451864,4751,33154,2759,131567
Leiosporoceros_dussii	263836	263836,263835,402686,402685,402684,13809,3193,131221,35493,33090,2759,131567
Leitoscoloplos_robustus	645995	645995,273004,46603,105387,105389,6341,6340,1206795,2697495,33317,33213,6072,33208,33154,2759,131567
Lentinula_aciculospora	153920	153920,5352,72117,2982316,5338,452333,155619,5302,5204,451864,4751,33154,2759,131567
Lentinula_boryana	40481	40481,5352,72117,2982316,5338,452333,155619,5302,5204,451864,4751,33154,2759,131567
Lentinula_detonsa	2804962	2804962,5352,72117,2982316,5338,452333,155619,5302,5204,451864,4751,33154,2759,131567
Lentinula_edodes	5353	5353,5352,72117,2982316,5338,452333,155619,5302,5204,451864,4751,33154,2759,131567
Lentinula_guzmanii	2804957	2804957,5352,72117,2982316,5338,452333,155619,5302,5204,451864,4751,33154,2759,131567
Lentinula_lateritia	40482	40482,5352,72117,2982316,5338,452333,155619,5302,5204,451864,4751,33154,2759,131567
Lentinula_novae-zelandiae	42442	42442,5352,72117,2982316,5338,452333,155619,5302,5204,451864,4751,33154,2759,131567
Lentinula_novaezelandiae	42442	42442,5352,72117,2982316,5338,452333,155619,5302,5204,451864,4751,33154,2759,131567
Lentinula_raphanica	153919	153919,5352,72117,2982316,5338,452333,155619,5302,5204,451864,4751,33154,2759,131567
Lentinus_tigrinus_ALCF2SS1-7	1328758	1328758,5365,5357,5317,5303,355688,155619,5302,5204,451864,4751,33154,2759,131567
Lentinus_tigrinus_ALCF2SS17	1328758	1328758,5365,5357,5317,5303,355688,155619,5302,5204,451864,4751,33154,2759,131567
Lentithecium_fluviatile_CBS_122367	1168545	1168545,690899,690896,715298,1255046,92860,451868,147541,715962,716546,147538,716545,4890,451864,4751,33154,2759,131567
Lenzites_betulinus	5632	5632,5631,5317,5303,355688,155619,5302,5204,451864,4751,33154,2759,131567
Lepicerus_sp._AD-2013	1323565	1323565,2606699,746723,110034,63907,7041,3701064,3701062,33392,3701061,33340,7496,85512,50557,6960,3701030,3701028,197562,197563,6656,88770,1206794,33317,33213,6072,33208,33154,2759,131567
Lepidocampa_weberi	165470	165470,165469,61993,212004,1652073,29997,6960,3701030,3701028,197562,197563,6656,88770,1206794,33317,33213,6072,33208,33154,2759,131567
Lepidogalaxias_salamandroides	89578	89578,89577,130262,1489795,1489794,1489388,186625,1489341,32443,41665,186623,7898,117571,117570,7776,7742,89593,7711,33511,33213,6072,33208,33154,2759,131567
Lepidonotopodium_sp._YZ-2016	1899226	1899226,2641872,167794,46593,6348,105390,6341,6340,1206795,2697495,33317,33213,6072,33208,33154,2759,131567
Lepidopterella_palustris_CBS_459.81	1314670	1314670,741139,561967,281106,603422,451868,147541,715962,716546,147538,716545,4890,451864,4751,33154,2759,131567
Lepidurus_apus_apus	217955	217955,202082,63724,63729,58774,116557,6658,3701030,3701028,197562,197563,6656,88770,1206794,33317,33213,6072,33208,33154,2759,131567
Lepidurus_couessii	63726	63726,63724,63729,58774,116557,6658,3701030,3701028,197562,197563,6656,88770,1206794,33317,33213,6072,33208,33154,2759,131567
Lepidurus_cryptus	1930656	1930656,63724,63729,58774,116557,6658,3701030,3701028,197562,197563,6656,88770,1206794,33317,33213,6072,33208,33154,2759,131567
Lepisdosiren_pradoxa	7883	7883,7881,7880,7879,2823314,118077,7878,1338369,8287,117571,117570,7776,7742,89593,7711,33511,33213,6072,33208,33154,2759,131567
Lepisosteus_oculatus	7918	7918,7916,7915,7914,1489100,41665,186623,7898,117571,117570,7776,7742,89593,7711,33511,33213,6072,33208,33154,2759,131567
Lepraria_finkii	1340010	1340010,209122,50937,157822,5197,388435,1520881,147547,716546,147538,716545,4890,451864,4751,33154,2759,131567
Lepraria_neglecta	209136	209136,209122,50937,157822,5197,388435,1520881,147547,716546,147538,716545,4890,451864,4751,33154,2759,131567
Leptestheria_dahalacensis	202083	202083,117536,117535,77657,84337,116557,6658,3701030,3701028,197562,197563,6656,88770,1206794,33317,33213,6072,33208,33154,2759,131567
Leptobrachium_leishanense	445787	445787,161697,161696,8431,8342,41666,8292,32523,1338369,8287,117571,117570,7776,7742,89593,7711,33511,33213,6072,33208,33154,2759,131567
Leptochiton_rugatus	413421	413421,256090,120436,120435,6651,6650,6447,1206795,2697495,33317,33213,6072,33208,33154,2759,131567
Leptodius_sp._NTOU-LMT-BRA0070	2545259	2545259,2638134,373432,6779,6778,116706,116704,6752,6692,6683,3701045,72041,6681,3701029,3701028,197562,197563,6656,88770,1206794,33317,33213,6072,33208,33154,2759,131567
Leptonemertes_chalicophora	980089	980089,947599,210788,2053500,6227,6226,6225,6217,1206795,2697495,33317,33213,6072,33208,33154,2759,131567
Leptoplana_tremellaris	107733	107733,107732,31248,983683,166333,6163,147100,6157,1206795,2697495,33317,33213,6072,33208,33154,2759,131567
Leptotrombidium_deliense	299467	299467,279271,92251,92088,83141,83138,6947,83136,6946,6933,6854,6843,6656,88770,1206794,33317,33213,6072,33208,33154,2759,131567
Lernaea_cyprinacea	342429	342429,342428,342424,84308,116571,116569,6830,3701030,3701028,197562,197563,6656,88770,1206794,33317,33213,6072,33208,33154,2759,131567
Letharia_columbiana	112416	112416,112415,78060,157822,5197,388435,1520881,147547,716546,147538,716545,4890,451864,4751,33154,2759,131567
Letharia_lupina	560253	560253,112415,78060,157822,5197,388435,1520881,147547,716546,147538,716545,4890,451864,4751,33154,2759,131567
Letrouitia_subvulpina	1145321	1145321,157775,157774,1302178,107465,388435,1520881,147547,716546,147538,716545,4890,451864,4751,33154,2759,131567
Letrouitia_transgressa	1145322	1145322,157775,157774,1302178,107465,388435,1520881,147547,716546,147538,716545,4890,451864,4751,33154,2759,131567
Leucaena_leucocephala	3866	3866,3865,163487,3807,3804,3803,72025,91835,71275,1437201,91827,71240,1437183,3398,58024,78536,58023,3193,131221,35493,33090,2759,131567
Leucocoprinus_birnbaumii	56174	56174,34431,5339,2982305,5338,452333,155619,5302,5204,451864,4751,33154,2759,131567
Leucocoprinus_gongylophorus	79220	79220,34431,5339,2982305,5338,452333,155619,5302,5204,451864,4751,33154,2759,131567
Leucocoprinus_leucothites	201217	201217,34431,5339,2982305,5338,452333,155619,5302,5204,451864,4751,33154,2759,131567
Leucogyrophana_mollusca	85980	85980,85978,390144,68889,452333,155619,5302,5204,451864,4751,33154,2759,131567
Levipalatum_texanum	1486449	1486449,2023694,50861,2301094,50827,2301116,6236,119089,6231,1206794,33317,33213,6072,33208,33154,2759,131567
Lichtheimia_hyalospora_FSU_10163	1314789	1314789,420593,688353,499202,4827,2212703,451507,1913637,112252,4751,33154,2759,131567
Lichtheimia_ornata	688661	688661,688353,499202,4827,2212703,451507,1913637,112252,4751,33154,2759,131567
Lightiella_incisa	703591	703591,527535,84333,84332,72040,3701030,3701028,197562,197563,6656,88770,1206794,33317,33213,6072,33208,33154,2759,131567
Ligia_exotica	142080	142080,96855,96854,526414,41116,29979,6820,72041,6681,3701029,3701028,197562,197563,6656,88770,1206794,33317,33213,6072,33208,33154,2759,131567
Ligia_oceanica	96856	96856,96855,96854,526414,41116,29979,6820,72041,6681,3701029,3701028,197562,197563,6656,88770,1206794,33317,33213,6072,33208,33154,2759,131567
Lignoscripta_atroalba	2918522	2918522,2918521,1520784,1520783,388283,1520881,147547,716546,147538,716545,4890,451864,4751,33154,2759,131567
Limacus_flavus	36461	36461,1461383,37859,87871,216366,6527,120490,977775,216307,216305,6448,6447,1206795,2697495,33317,33213,6072,33208,33154,2759,131567
Limax_maximus	146086	146086,37860,37859,87871,216366,6527,120490,977775,216307,216305,6448,6447,1206795,2697495,33317,33213,6072,33208,33154,2759,131567
Limnognathia_maerski	195507	195507,195506,2682579,2682578,195505,2697496,2697495,33317,33213,6072,33208,33154,2759,131567
Limtongia_smithiae	1125753	1125753,2862419,29827,3243773,3243770,147537,716545,4890,451864,4751,33154,2759,131567
Limulus_polyphemus	6850	6850,6849,6846,6845,6844,6843,6656,88770,1206794,33317,33213,6072,33208,33154,2759,131567
Linderina_macrospora	4868	4868,4867,4862,4861,2219690,451828,3704128,112252,4751,33154,2759,131567
Linderina_pennispora	61395	61395,4867,4862,4861,2219690,451828,3704128,112252,4751,33154,2759,131567
Lindgomyces_ingoldianus	673940	673940,741162,717954,92860,451868,147541,715962,716546,147538,716545,4890,451864,4751,33154,2759,131567
Lineolata_rhizophorae	578093	578093,578092,2714149,2714148,159987,147541,715962,716546,147538,716545,4890,451864,4751,33154,2759,131567
Lineus_longissimus	88925	88925,6223,6222,6219,6218,6217,1206795,2697495,33317,33213,6072,33208,33154,2759,131567
Lineus_sanguineus	187800	187800,6223,6222,6219,6218,6217,1206795,2697495,33317,33213,6072,33208,33154,2759,131567
Lingula_anatina	7574	7574,7571,33491,115362,7570,115361,115360,7568,1206795,2697495,33317,33213,6072,33208,33154,2759,131567
Linhomoeidae	319958	319958,2301110,70219,119089,6231,1206794,33317,33213,6072,33208,33154,2759,131567
Linnemannia_elongata	310910	310910,2779861,4854,214503,2212732,1137986,3705878,112252,4751,33154,2759,131567
Linnemannia_exigua	604196	604196,2779861,4854,214503,2212732,1137986,3705878,112252,4751,33154,2759,131567
Linnemannia_gamsii	64522	64522,2779861,4854,214503,2212732,1137986,3705878,112252,4751,33154,2759,131567
Linnemannia_hyalina	64524	64524,2779861,4854,214503,2212732,1137986,3705878,112252,4751,33154,2759,131567
Linnemannia_zychae	979765	979765,2779861,4854,214503,2212732,1137986,3705878,112252,4751,33154,2759,131567
Linum_grandiflorum	559336	559336,4005,4004,3646,91835,71275,1437201,91827,71240,1437183,3398,58024,78536,58023,3193,131221,35493,33090,2759,131567
Linum_perenne	35941	35941,4005,4004,3646,91835,71275,1437201,91827,71240,1437183,3398,58024,78536,58023,3193,131221,35493,33090,2759,131567
Linum_tenue	586396	586396,4005,4004,3646,91835,71275,1437201,91827,71240,1437183,3398,58024,78536,58023,3193,131221,35493,33090,2759,131567
Linum_trigynum	586398	586398,4005,4004,3646,91835,71275,1437201,91827,71240,1437183,3398,58024,78536,58023,3193,131221,35493,33090,2759,131567
Lipara_lucens	1323540	1323540,540870,43843,29032,43743,43741,43738,480117,480118,43733,7203,7147,3701063,3701062,33392,3701061,33340,7496,85512,50557,6960,3701030,3701028,197562,197563,6656,88770,1206794,33317,33213,6072,33208,33154,2759,131567
Liphistius_thaleban	1905330	1905330,62150,62149,58762,6893,6854,6843,6656,88770,1206794,33317,33213,6072,33208,33154,2759,131567
Lipomyces_arxii	56418	56418,29828,29827,3243773,3243770,147537,716545,4890,451864,4751,33154,2759,131567
Lipomyces_chichibuensis	1546026	1546026,29828,29827,3243773,3243770,147537,716545,4890,451864,4751,33154,2759,131567
Lipomyces_doorenjongii	383834	383834,29828,29827,3243773,3243770,147537,716545,4890,451864,4751,33154,2759,131567
Lipomyces_japonicus	56871	56871,29828,29827,3243773,3243770,147537,716545,4890,451864,4751,33154,2759,131567
Lipomyces_kononenkoae	34357	34357,29828,29827,3243773,3243770,147537,716545,4890,451864,4751,33154,2759,131567
Lipomyces_mesembrius	56874	56874,29828,29827,3243773,3243770,147537,716545,4890,451864,4751,33154,2759,131567
Lipomyces_oligophaga	45792	45792,29828,29827,3243773,3243770,147537,716545,4890,451864,4751,33154,2759,131567
Lipomyces_tetrasporus	54092	54092,29828,29827,3243773,3243770,147537,716545,4890,451864,4751,33154,2759,131567
Liposcelis_sp._PH-2016	1924920	1924920,2626702,160150,2545764,3459535,160148,1930602,33342,3701061,33340,7496,85512,50557,6960,3701030,3701028,197562,197563,6656,88770,1206794,33317,33213,6072,33208,33154,2759,131567
Liquidambar_formosana	63359	63359,4398,91829,41946,1437201,91827,71240,1437183,3398,58024,78536,58023,3193,131221,35493,33090,2759,131567
Lirceus_culveri	2742979	2742979,155702,63227,525154,63226,29979,6820,72041,6681,3701029,3701028,197562,197563,6656,88770,1206794,33317,33213,6072,33208,33154,2759,131567
Lithobius_niger	981152	981152,7551,7548,41362,115405,7540,61985,197563,6656,88770,1206794,33317,33213,6072,33208,33154,2759,131567
Lithocarpus_litseifolius	425828	425828,82113,3503,3502,91835,71275,1437201,91827,71240,1437183,3398,58024,78536,58023,3193,131221,35493,33090,2759,131567
Lithocolla_globosa	2511775	2511775,2511774,2689232,2686024,33154,2759,131567
Lithohypha_guttulata	1690604	1690604,2695291,1233474,34395,451870,147545,716546,147538,716545,4890,451864,4751,33154,2759,131567
Lithospermum_erythrorhizon	34254	34254,21634,1874405,1874399,21571,1538097,91888,71274,1437201,91827,71240,1437183,3398,58024,78536,58023,3193,131221,35493,33090,2759,131567
Lizonia_empirigonia	1496277	1496277,1206353,147574,159987,147541,715962,716546,147538,716545,4890,451864,4751,33154,2759,131567
Lobaria_immixta	669869	669869,63752,129109,157824,388450,388435,1520881,147547,716546,147538,716545,4890,451864,4751,33154,2759,131567
Lobiger_nevilli	2916554	2916554,483974,382440,158023,71490,977775,216307,216305,6448,6447,1206795,2697495,33317,33213,6072,33208,33154,2759,131567
Lobosporangium_transversale	64571	64571,299330,4854,214503,2212732,1137986,3705878,112252,4751,33154,2759,131567
Lobulomyces_angularis	109889	109889,642604,642599,642598,451435,3705883,4761,3705317,112252,4751,33154,2759,131567
Locusta_migratoria_manilensis	229990	229990,7004,7003,27549,7002,92621,70910,1955150,7001,6993,33341,33340,7496,85512,50557,6960,3701030,3701028,197562,197563,6656,88770,1206794,33317,33213,6072,33208,33154,2759,131567
Lodderomyces_beijingensis	1775926	1775926,36913,766764,2916678,3239874,147537,716545,4890,451864,4751,33154,2759,131567
Lodderomyces_elongisporus	36914	36914,36913,766764,2916678,3239874,147537,716545,4890,451864,4751,33154,2759,131567
Lojkania_enalia	147567	147567,45288,147498,92860,451868,147541,715962,716546,147538,716545,4890,451864,4751,33154,2759,131567
Lolium_multiflorum	4521	4521,4520,640630,2948571,1652081,147387,1648037,147368,359160,4479,38820,4734,1437197,4447,1437183,3398,58024,78536,58023,3193,131221,35493,33090,2759,131567
Lolium_perenne	4522	4522,4520,640630,2948571,1652081,147387,1648037,147368,359160,4479,38820,4734,1437197,4447,1437183,3398,58024,78536,58023,3193,131221,35493,33090,2759,131567
Lolium_rigidum	89674	89674,4520,640630,2948571,1652081,147387,1648037,147368,359160,4479,38820,4734,1437197,4447,1437183,3398,58024,78536,58023,3193,131221,35493,33090,2759,131567
Lonicera_macranthoides	638627	638627,49606,4200,4199,91882,71274,1437201,91827,71240,1437183,3398,58024,78536,58023,3193,131221,35493,33090,2759,131567
Lopadorrhynchus_sp._ET-2021	2863092	2863092,2630694,758489,758488,6348,105390,6341,6340,1206795,2697495,33317,33213,6072,33208,33154,2759,131567
Lophiostoma_macrostomum_CBS_122681	1314788	1314788,372055,45148,45147,92860,451868,147541,715962,716546,147538,716545,4890,451864,4751,33154,2759,131567
Lophiotrema_nucula	690887	690887,690884,1450326,92860,451868,147541,715962,716546,147538,716545,4890,451864,4751,33154,2759,131567
Lophium_mytilinum	390894	390894,390887,281242,603422,451868,147541,715962,716546,147538,716545,4890,451864,4751,33154,2759,131567
Lottia_gigantea	225164	225164,72691,69676,216260,69675,6448,6447,1206795,2697495,33317,33213,6072,33208,33154,2759,131567
Lotus_japonicus	34305	34305,3867,163747,2233857,2233838,2231382,2231393,3814,3803,72025,91835,71275,1437201,91827,71240,1437183,3398,58024,78536,58023,3193,131221,35493,33090,2759,131567
Loxomitra_sp._KK-2020	2718617	2718617,2635355,768837,231594,43120,1206795,2697495,33317,33213,6072,33208,33154,2759,131567
Loxosceles_deserta	424440	424440,6920,6919,571545,74970,6905,6893,6854,6843,6656,88770,1206794,33317,33213,6072,33208,33154,2759,131567
Loxosomella_nordgaardi	2718616	2718616,231595,231594,43120,1206795,2697495,33317,33213,6072,33208,33154,2759,131567
Loxospora_ochrophaea	400354	400354,107435,388443,1519617,388283,1520881,147547,716546,147538,716545,4890,451864,4751,33154,2759,131567
Lucensosergia_lucens	2849048	2849048,2849047,111522,111521,6684,6683,3701045,72041,6681,3701029,3701028,197562,197563,6656,88770,1206794,33317,33213,6072,33208,33154,2759,131567
Lunasporangiospora_selenospora	979761	979761,2779869,4854,214503,2212732,1137986,3705878,112252,4751,33154,2759,131567
Lupinus_albus	3870	3870,3869,163729,2231385,2231384,2231393,3814,3803,72025,91835,71275,1437201,91827,71240,1437183,3398,58024,78536,58023,3193,131221,35493,33090,2759,131567
Lupinus_angustifolius	3871	3871,3869,163729,2231385,2231384,2231393,3814,3803,72025,91835,71275,1437201,91827,71240,1437183,3398,58024,78536,58023,3193,131221,35493,33090,2759,131567
Lupinus_luteus	3873	3873,3869,163729,2231385,2231384,2231393,3814,3803,72025,91835,71275,1437201,91827,71240,1437183,3398,58024,78536,58023,3193,131221,35493,33090,2759,131567
Luteostriata_ernesti	1334170	1334170,1334167,1292254,52317,1292253,1292243,6159,147100,6157,1206795,2697495,33317,33213,6072,33208,33154,2759,131567
Lycium_barbarum	112863	112863,24646,424569,424551,4070,4069,91888,71274,1437201,91827,71240,1437183,3398,58024,78536,58023,3193,131221,35493,33090,2759,131567
Lycium_ferocissimum	112874	112874,24646,424569,424551,4070,4069,91888,71274,1437201,91827,71240,1437183,3398,58024,78536,58023,3193,131221,35493,33090,2759,131567
Lymnaea_stagnalis	6523	6523,6522,6521,216441,977779,977775,216307,216305,6448,6447,1206795,2697495,33317,33213,6072,33208,33154,2759,131567
Lynceus_sp._MCZ_IZ_141354	1930659	1930659,2619677,77665,77667,116558,84337,116557,6658,3701030,3701028,197562,197563,6656,88770,1206794,33317,33213,6072,33208,33154,2759,131567
Lyophyllum_atratum	117065	117065,47720,930979,2982303,5338,452333,155619,5302,5204,451864,4751,33154,2759,131567
Lyophyllum_shimeji	47721	47721,47720,930979,2982303,5338,452333,155619,5302,5204,451864,4751,33154,2759,131567
Lysiosquilla_maculata	344752	344752,344751,77692,77691,77689,75390,75389,3701045,72041,6681,3701029,3701028,197562,197563,6656,88770,1206794,33317,33213,6072,33208,33154,2759,131567
Lysmata_wurdemanni	338206	338206,338204,98089,115581,6694,6692,6683,3701045,72041,6681,3701029,3701028,197562,197563,6656,88770,1206794,33317,33213,6072,33208,33154,2759,131567
Lytechinus_variegatus	7654	7654,7652,31185,31184,7674,7638,7625,7624,133551,7586,33511,33213,6072,33208,33154,2759,131567
Macadamia_integrifolia	60698	60698,4329,4328,232378,1437183,3398,58024,78536,58023,3193,131221,35493,33090,2759,131567
Macellomenia_schanderi	1500390	1500390,1500371,1500368,1077249,231996,47122,6447,1206795,2697495,33317,33213,6072,33208,33154,2759,131567
Machilis_hrabei	438506	438506,240907,50558,29994,554674,50557,6960,3701030,3701028,197562,197563,6656,88770,1206794,33317,33213,6072,33208,33154,2759,131567
Macleaya_cordata	56857	56857,56856,1462614,3465,41768,1437183,3398,58024,78536,58023,3193,131221,35493,33090,2759,131567
Macrobrachium_nipponense	159736	159736,6696,6695,115580,6694,6692,6683,3701045,72041,6681,3701029,3701028,197562,197563,6656,88770,1206794,33317,33213,6072,33208,33154,2759,131567
Macrolepiota_fuliginosa_MF-IS2	1400762	1400762,201230,34435,5339,2982305,5338,452333,155619,5302,5204,451864,4751,33154,2759,131567
Macrolepiota_fuliginosa_MFIS2	1400762	1400762,201230,34435,5339,2982305,5338,452333,155619,5302,5204,451864,4751,33154,2759,131567
Macroperipatus_torquatus	1454321	1454321,1454320,27564,2082882,2082881,27563,88770,1206794,33317,33213,6072,33208,33154,2759,131567
Macrostomum_lignano	282301	282301,39217,39216,166235,147100,6157,1206795,2697495,33317,33213,6072,33208,33154,2759,131567
Macrotrichidae	77757	77757,116561,6665,84337,116557,6658,3701030,3701028,197562,197563,6656,88770,1206794,33317,33213,6072,33208,33154,2759,131567
Macroventuria_anomochaeta	301207	301207,301206,683158,715340,92860,451868,147541,715962,716546,147538,716545,4890,451864,4751,33154,2759,131567
Madagascaria_erythrocladioides	753684	753684,753683,240428,31351,930023,2763,2759,131567
Madurella_fahalii	1157608	1157608,100815,110158,5139,222544,147550,715989,716546,147538,716545,4890,451864,4751,33154,2759,131567
Magallana_gigas	29159	29159,2171616,6563,98302,6562,6545,2785011,6544,6447,1206795,2697495,33317,33213,6072,33208,33154,2759,131567
Magallana_hongkongensis	2653900	2653900,2171616,6563,98302,6562,6545,2785011,6544,6447,1206795,2697495,33317,33213,6072,33208,33154,2759,131567
Magellania_venosa	406290	406290,115411,33479,115394,115390,7578,115371,115369,7568,1206795,2697495,33317,33213,6072,33208,33154,2759,131567
Magelona_pitelkai	1653079	1653079,46597,46596,46589,105391,105389,6341,6340,1206795,2697495,33317,33213,6072,33208,33154,2759,131567
Magnaporthiopsis_poae_ATCC_64411	644358	644358,148304,1491576,81093,639021,222544,147550,715989,716546,147538,716545,4890,451864,4751,33154,2759,131567
Magnolia_sinica	86752	86752,3402,3401,3400,232347,1437183,3398,58024,78536,58023,3193,131221,35493,33090,2759,131567
Magnusiomyces_paraingens	2606893	2606893,1095182,34353,3243772,3239873,147537,716545,4890,451864,4751,33154,2759,131567
Malacobdella_grossa	166027	166027,166026,592024,88946,592023,6225,6217,1206795,2697495,33317,33213,6072,33208,33154,2759,131567
Malania_oleifera	397392	397392,397391,1003242,41947,1437201,91827,71240,1437183,3398,58024,78536,58023,3193,131221,35493,33090,2759,131567
Malassezia_arunalokei	1514897	1514897,55193,742845,162474,1538075,452284,5204,451864,4751,33154,2759,131567
Malassezia_brasiliensis	1821822	1821822,55193,742845,162474,1538075,452284,5204,451864,4751,33154,2759,131567
Malassezia_caprae	1381934	1381934,55193,742845,162474,1538075,452284,5204,451864,4751,33154,2759,131567
Malassezia_cuniculi	948313	948313,55193,742845,162474,1538075,452284,5204,451864,4751,33154,2759,131567
Malassezia_equina	1381935	1381935,55193,742845,162474,1538075,452284,5204,451864,4751,33154,2759,131567
Malassezia_furfur	55194	55194,55193,742845,162474,1538075,452284,5204,451864,4751,33154,2759,131567
Malassezia_globosa_CBS_7966	425265	425265,76773,55193,742845,162474,1538075,452284,5204,451864,4751,33154,2759,131567
Malassezia_japonica	223818	223818,55193,742845,162474,1538075,452284,5204,451864,4751,33154,2759,131567
Malassezia_nana	180528	180528,55193,742845,162474,1538075,452284,5204,451864,4751,33154,2759,131567
Malassezia_obtusa	76774	76774,55193,742845,162474,1538075,452284,5204,451864,4751,33154,2759,131567
Malassezia_pachydermatis	77020	77020,55193,742845,162474,1538075,452284,5204,451864,4751,33154,2759,131567
Malassezia_psittaci	1821823	1821823,55193,742845,162474,1538075,452284,5204,451864,4751,33154,2759,131567
Malassezia_restricta	76775	76775,55193,742845,162474,1538075,452284,5204,451864,4751,33154,2759,131567
Malassezia_sympodialis_ATCC_42132	1230383	1230383,76777,55193,742845,162474,1538075,452284,5204,451864,4751,33154,2759,131567
Malassezia_vespertilionis	2020962	2020962,55193,742845,162474,1538075,452284,5204,451864,4751,33154,2759,131567
Malassezia_yamatoensis	253288	253288,55193,742845,162474,1538075,452284,5204,451864,4751,33154,2759,131567
Malbranchea_cinnamomea	5041	5041,5040,2962669,33183,451871,147545,716546,147538,716545,4890,451864,4751,33154,2759,131567
Malus_domestica	3750	3750,3749,721813,171637,3745,3744,91835,71275,1437201,91827,71240,1437183,3398,58024,78536,58023,3193,131221,35493,33090,2759,131567
Malus_sylvestris	3752	3752,3749,721813,171637,3745,3744,91835,71275,1437201,91827,71240,1437183,3398,58024,78536,58023,3193,131221,35493,33090,2759,131567
Manayunkia_occidentalis	2704156	2704156,184866,1002757,6362,105391,105389,6341,6340,1206795,2697495,33317,33213,6072,33208,33154,2759,131567
Mangifera_indica	29780	29780,23461,4011,41937,91836,71275,1437201,91827,71240,1437183,3398,58024,78536,58023,3193,131221,35493,33090,2759,131567
Manihot_esculenta	3983	3983,3982,235883,235631,3977,3646,91835,71275,1437201,91827,71240,1437183,3398,58024,78536,58023,3193,131221,35493,33090,2759,131567
Marasmius_crinis-equi	585013	585013,34448,654128,2982316,5338,452333,155619,5302,5204,451864,4751,33154,2759,131567
Marasmius_crinisequi	585013	585013,34448,654128,2982316,5338,452333,155619,5302,5204,451864,4751,33154,2759,131567
Marasmius_fiardii_PR-910	1328756	1328756,1328755,34448,654128,2982316,5338,452333,155619,5302,5204,451864,4751,33154,2759,131567
Marasmius_fiardii_PR910	1328756	1328756,1328755,34448,654128,2982316,5338,452333,155619,5302,5204,451864,4751,33154,2759,131567
Marasmius_oreades	181124	181124,34448,654128,2982316,5338,452333,155619,5302,5204,451864,4751,33154,2759,131567
Marasmius_tenuissimus	585030	585030,34448,654128,2982316,5338,452333,155619,5302,5204,451864,4751,33154,2759,131567
Marchantia_paleacea	56867	56867,3196,29585,28908,186774,186770,3195,3193,131221,35493,33090,2759,131567
Marchantia_polymorpha	1480154	1480154,3197,3196,29585,28908,186774,186770,3195,3193,131221,35493,33090,2759,131567
Margaritifera_margaritifera	2505931	2505931,47530,47529,47522,47521,47520,6599,2785011,6544,6447,1206795,2697495,33317,33213,6072,33208,33154,2759,131567
Marisa_cornuarietis	75126	75126,75125,54973,6475,75116,69555,6448,6447,1206795,2697495,33317,33213,6072,33208,33154,2759,131567
Marteilia_pararefringens	2184066	2184066,98370,2184064,1871463,98369,1871466,2604748,543769,2698737,2759,131567
Martensiomyces_pterosporus	61414	61414,61413,4862,4861,2219690,451828,3704128,112252,4751,33154,2759,131567
Martiniozyma_asiatica_(nom._inval.)	148097	148097,2995460,1689811,1156497,3243775,3239874,147537,716545,4890,451864,4751,33154,2759,131567
Massarina_eburnea_CBS_473.64	1395130	1395130,45293,45292,290882,1255046,92860,451868,147541,715962,716546,147538,716545,4890,451864,4751,33154,2759,131567
Massariosphaeria_phaeospora	100035	100035,100034,147498,92860,451868,147541,715962,716546,147538,716545,4890,451864,4751,33154,2759,131567
Massospora_cicadina	348617	348617,348616,34481,4857,1399770,451824,1264859,112252,4751,33154,2759,131567
Mastacembelus_armatus	205130	205130,94234,94233,129920,43697,1489892,1489872,123369,123368,123367,123366,123365,1489388,186625,1489341,32443,41665,186623,7898,117571,117570,7776,7742,89593,7711,33511,33213,6072,33208,33154,2759,131567
Mastigoproctus_giganteus	58767	58767,58766,673384,88348,58151,6854,6843,6656,88770,1206794,33317,33213,6072,33208,33154,2759,131567
Maudiozyma_barnettii	61262	61262,3162980,4893,4892,4891,147537,716545,4890,451864,4751,33154,2759,131567
Maudiozyma_exigua	34358	34358,3162980,4893,4892,4891,147537,716545,4890,451864,4751,33154,2759,131567
Maudiozyma_humilis	51915	51915,3162980,4893,4892,4891,147537,716545,4890,451864,4751,33154,2759,131567
Maudiozyma_saulgeensis	1789683	1789683,3162980,4893,4892,4891,147537,716545,4890,451864,4751,33154,2759,131567
Mayamaea_pseudoterrestris	2872254	2872254,431390,216739,3720096,33850,33849,2836,2696291,33634,2698737,2759,131567
Meara_stichopi	84115	84115,79794,52051,52050,147099,1312402,33213,6072,33208,33154,2759,131567
Mecistocephalus_guildingii	126915	126915,89976,89975,60154,115407,115405,7540,61985,197563,6656,88770,1206794,33317,33213,6072,33208,33154,2759,131567
Medicago_truncatula	3880	3880,3877,163742,2233839,2233838,2231382,2231393,3814,3803,72025,91835,71275,1437201,91827,71240,1437183,3398,58024,78536,58023,3193,131221,35493,33090,2759,131567
Mediolabrus_comicus	2590921	2590921,2802208,29202,33847,33846,589449,2836,2696291,33634,2698737,2759,131567
Megaceros_flagellaris	263821	263821,13812,405588,400690,400689,405587,402688,13809,3193,131221,35493,33090,2759,131567
Megacormus_gertschi	1843536	1843536,259507,259504,259502,100971,70337,259439,6855,6854,6843,6656,88770,1206794,33317,33213,6072,33208,33154,2759,131567
Megadrilus_sp._A5911	1654982	1654982,2642659,1654981,47109,1649654,6341,6340,1206795,2697495,33317,33213,6072,33208,33154,2759,131567
Megahexura_fulva	389833	389833,389762,230231,3435290,6894,6893,6854,6843,6656,88770,1206794,33317,33213,6072,33208,33154,2759,131567
Megalops_cyprinoides	118141	118141,7931,7930,7925,32521,186624,1489340,32443,41665,186623,7898,117571,117570,7776,7742,89593,7711,33511,33213,6072,33208,33154,2759,131567
Meganyctiphanes_norvegica	48144	48144,48143,6817,6816,3701045,72041,6681,3701029,3701028,197562,197563,6656,88770,1206794,33317,33213,6072,33208,33154,2759,131567
Meghimatium_bilineatum	318265	318265,318264,59819,87874,216366,6527,120490,977775,216307,216305,6448,6447,1206795,2697495,33317,33213,6072,33208,33154,2759,131567
Meghimatium_fruhstorferi	414506	414506,318264,59819,87874,216366,6527,120490,977775,216307,216305,6448,6447,1206795,2697495,33317,33213,6072,33208,33154,2759,131567
Meiomenia_swedmarki	1500384	1500384,1500369,1500366,1077249,231996,47122,6447,1206795,2697495,33317,33213,6072,33208,33154,2759,131567
Meira_miltonrushii	1280837	1280837,215251,190068,5404,452283,452284,5204,451864,4751,33154,2759,131567
Melampsora_americana	2182807	2182807,5260,5259,5258,162484,29000,5204,451864,4751,33154,2759,131567
Melampsora_larici-populina_98AG31	747676	747676,203908,5260,5259,5258,162484,29000,5204,451864,4751,33154,2759,131567
Melampsora_laricipopulina_98AG31	747676	747676,203908,5260,5259,5258,162484,29000,5204,451864,4751,33154,2759,131567
Melanogaster_broomeanus	2655010	2655010,80614,80611,68889,452333,155619,5302,5204,451864,4751,33154,2759,131567
Melanomma_pulvis-pyrius_CBS_109.77	1314802	1314802,100047,45308,45307,92860,451868,147541,715962,716546,147538,716545,4890,451864,4751,33154,2759,131567
Melanomma_pulvispyrius_CBS_109.77	1314802	1314802,100047,45308,45307,92860,451868,147541,715962,716546,147538,716545,4890,451864,4751,33154,2759,131567
Melanopsichium_pennsylvanicum	63383	63383,63259,1804131,5267,5257,452284,5204,451864,4751,33154,2759,131567
Melastoma_candidum	119954	119954,119952,2653920,2653904,39998,41944,91836,71275,1437201,91827,71240,1437183,3398,58024,78536,58023,3193,131221,35493,33090,2759,131567
Melia_azedarach	155640	155640,43708,43707,41937,91836,71275,1437201,91827,71240,1437183,3398,58024,78536,58023,3193,131221,35493,33090,2759,131567
Melibe_leonina	76178	76178,76177,71300,216351,1707744,70849,680346,216307,216305,6448,6447,1206795,2697495,33317,33213,6072,33208,33154,2759,131567
Melinna_oculata	2716577	2716577,27392,2784885,2784887,6373,105391,105389,6341,6340,1206795,2697495,33317,33213,6072,33208,33154,2759,131567
Melocanna_baccifera	104005	104005,104004,1648019,147376,1648035,147366,359160,4479,38820,4734,1437197,4447,1437183,3398,58024,78536,58023,3193,131221,35493,33090,2759,131567
Menidia_menidia	238744	238744,238743,238742,461499,8075,1489913,1489908,1489872,123369,123368,123367,123366,123365,1489388,186625,1489341,32443,41665,186623,7898,117571,117570,7776,7742,89593,7711,33511,33213,6072,33208,33154,2759,131567
Menneus_sp._RK-2018	2080916	2080916,2645475,1313339,93707,450947,74974,74971,6905,6893,6854,6843,6656,88770,1206794,33317,33213,6072,33208,33154,2759,131567
Menopon_gallinae	328185	328185,328184,50630,50629,85819,160148,1930602,33342,3701061,33340,7496,85512,50557,6960,3701030,3701028,197562,197563,6656,88770,1206794,33317,33213,6072,33208,33154,2759,131567
Mercurialis_annua	3986	3986,3984,235880,235629,3977,3646,91835,71275,1437201,91827,71240,1437183,3398,58024,78536,58023,3193,131221,35493,33090,2759,131567
Meredithblackwellia_eburnea_MCA_4105	1408158	1408158,1323573,1323572,1298591,1298590,162481,29000,5204,451864,4751,33154,2759,131567
Meripilus_lineatus	2056292	2056292,40445,378266,5303,355688,155619,5302,5204,451864,4751,33154,2759,131567
Meristemomyces_frigidus	1508187	1508187,1508186,668547,2726947,451867,147541,715962,716546,147538,716545,4890,451864,4751,33154,2759,131567
Mesobiotus_philippinicus	1867265	1867265,1867264,42243,2558951,149990,42242,42241,88770,1206794,33317,33213,6072,33208,33154,2759,131567
Mesochaetopterus_minutus	1723709	1723709,104706,6378,105389,6341,6340,1206795,2697495,33317,33213,6072,33208,33154,2759,131567
Mesodasys_laticaudatus	233130	233130,78243,233124,78238,33313,1206795,2697495,33317,33213,6072,33208,33154,2759,131567
Mesostoma_lingua	99405	99405,99404,27903,27902,3695238,3695236,3092782,27901,147100,6157,1206795,2697495,33317,33213,6072,33208,33154,2759,131567
Metaperipatus_inae	444703	444703,444702,27567,2082882,2082881,27563,88770,1206794,33317,33213,6072,33208,33154,2759,131567
Metaphire_vulgaris	1196096	1196096,298367,6400,2803885,2803884,6381,42113,6340,1206795,2697495,33317,33213,6072,33208,33154,2759,131567
Metaplax_longipes	1550546	1550546,151165,72876,29962,116707,116704,6752,6692,6683,3701045,72041,6681,3701029,3701028,197562,197563,6656,88770,1206794,33317,33213,6072,33208,33154,2759,131567
Metarhizium_acridum	92637	92637,5529,34397,5125,222543,147550,715989,716546,147538,716545,4890,451864,4751,33154,2759,131567
Metarhizium_album_ARSEF_1941	1081103	1081103,92629,5529,34397,5125,222543,147550,715989,716546,147538,716545,4890,451864,4751,33154,2759,131567
Metarhizium_anisopliae	5530	5530,5529,34397,5125,222543,147550,715989,716546,147538,716545,4890,451864,4751,33154,2759,131567
Metarhizium_brunneum	500148	500148,5529,34397,5125,222543,147550,715989,716546,147538,716545,4890,451864,4751,33154,2759,131567
Metarhizium_guizhouense_ARSEF_977	1276136	1276136,169041,5529,34397,5125,222543,147550,715989,716546,147538,716545,4890,451864,4751,33154,2759,131567
Metarhizium_humberi	2596975	2596975,5529,34397,5125,222543,147550,715989,716546,147538,716545,4890,451864,4751,33154,2759,131567
Metarhizium_hybridum	3151832	3151832,5529,34397,5125,222543,147550,715989,716546,147538,716545,4890,451864,4751,33154,2759,131567
Metarhizium_robertsii_ARSEF_23	655844	655844,568076,5529,34397,5125,222543,147550,715989,716546,147538,716545,4890,451864,4751,33154,2759,131567
Metasiro_americanus	397056	397056,397055,118630,101147,43277,43271,6854,6843,6656,88770,1206794,33317,33213,6072,33208,33154,2759,131567
Metopograpsus_frontalis	1036996	1036996,156080,39556,29962,116707,116704,6752,6692,6683,3701045,72041,6681,3701029,3701028,197562,197563,6656,88770,1206794,33317,33213,6072,33208,33154,2759,131567
Metschnikowia_bicuspidata_var._bicuspidata_NRRL_YB-4993	869754	869754,280587,27322,27320,27319,2916678,3239874,147537,716545,4890,451864,4751,33154,2759,131567
Metschnikowia_bicuspidata_var._bicuspidata_NRRL_YB4993	869754	869754,280587,27322,27320,27319,2916678,3239874,147537,716545,4890,451864,4751,33154,2759,131567
Meyerozyma_guilliermondii_ATCC_6260	294746	294746,4929,766728,766764,2916678,3239874,147537,716545,4890,451864,4751,33154,2759,131567
Micractinium_conductrix	554055	554055,126838,2511126,35461,35460,75966,2692248,3041,33090,2759,131567
Micractinium_tetrahymenae	2728915	2728915,126838,2511126,35461,35460,75966,2692248,3041,33090,2759,131567
Microbotryum_saponariae	289078	289078,34416,55071,55070,162481,29000,5204,451864,4751,33154,2759,131567
Microcaecilia_unicolor	1415580	1415580,264009,1277737,8445,8292,32523,1338369,8287,117571,117570,7776,7742,89593,7711,33511,33213,6072,33208,33154,2759,131567
Microdipoena_guttata	709022	709022,709020,233275,74975,74974,74971,6905,6893,6854,6843,6656,88770,1206794,33317,33213,6072,33208,33154,2759,131567
Microdochium_bolleyi	196109	196109,67608,1682405,37989,222545,147550,715989,716546,147538,716545,4890,451864,4751,33154,2759,131567
Microdochium_majus	647655	647655,67608,1682405,37989,222545,147550,715989,716546,147538,716545,4890,451864,4751,33154,2759,131567
Microdochium_nivale	5520	5520,67608,1682405,37989,222545,147550,715989,716546,147538,716545,4890,451864,4751,33154,2759,131567
Microdochium_trichocladiopsis	1682393	1682393,67608,1682405,37989,222545,147550,715989,716546,147538,716545,4890,451864,4751,33154,2759,131567
Microhyla_fissipes	387934	387934,129017,166052,8427,8426,8416,8342,41666,8292,32523,1338369,8287,117571,117570,7776,7742,89593,7711,33511,33213,6072,33208,33154,2759,131567
Micromenia_fodiens	669226	669226,669222,669221,1077249,231996,47122,6447,1206795,2697495,33317,33213,6072,33208,33154,2759,131567
Micromonas_commoda	296587	296587,38832,41873,13792,1035538,3041,33090,2759,131567
Micromonas_pusilla	564608	564608,38833,38832,41873,13792,1035538,3041,33090,2759,131567
Microplana_groga	1520483	1520483,69516,166247,52317,1292253,1292243,6159,147100,6157,1206795,2697495,33317,33213,6072,33208,33154,2759,131567
Microplana_nana	69517	69517,69516,166247,52317,1292253,1292243,6159,147100,6157,1206795,2697495,33317,33213,6072,33208,33154,2759,131567
Microplana_plurioculata	1820961	1820961,69516,166247,52317,1292253,1292243,6159,147100,6157,1206795,2697495,33317,33213,6072,33208,33154,2759,131567
Microplana_scharffi	391273	391273,69516,166247,52317,1292253,1292243,6159,147100,6157,1206795,2697495,33317,33213,6072,33208,33154,2759,131567
Microplana_terrestris	138674	138674,69516,166247,52317,1292253,1292243,6159,147100,6157,1206795,2697495,33317,33213,6072,33208,33154,2759,131567
Microsporum_canis_CBS_113480	554155	554155,63405,34392,34384,33183,451871,147545,716546,147538,716545,4890,451864,4751,33154,2759,131567
Microstomoeca_roanoka	1923864	1923864,1923863,81529,1924738,28009,33154,2759,131567
Microstomum_lineare	52057	52057,52056,52055,3700091,166235,147100,6157,1206795,2697495,33317,33213,6072,33208,33154,2759,131567
Microstroma_glucosiphilum	1684307	1684307,5032,62917,162475,452283,452284,5204,451864,4751,33154,2759,131567
Microthlaspi_erraticum	1685480	1685480,126277,1394505,3700,3699,91836,71275,1437201,91827,71240,1437183,3398,58024,78536,58023,3193,131221,35493,33090,2759,131567
Microthyrium_microscopicum	703497	703497,1037661,281213,703495,159987,147541,715962,716546,147538,716545,4890,451864,4751,33154,2759,131567
Mikania_cordata	207834	207834,102786,102815,911341,102804,4210,4209,91882,71274,1437201,91827,71240,1437183,3398,58024,78536,58023,3193,131221,35493,33090,2759,131567
Mikania_micrantha	192012	192012,102786,102815,911341,102804,4210,4209,91882,71274,1437201,91827,71240,1437183,3398,58024,78536,58023,3193,131221,35493,33090,2759,131567
Mimosa_bimucronata	587864	587864,21013,163487,3807,3804,3803,72025,91835,71275,1437201,91827,71240,1437183,3398,58024,78536,58023,3193,131221,35493,33090,2759,131567
Minona_ileanae	60013	60013,60012,44215,3695487,39226,147100,6157,1206795,2697495,33317,33213,6072,33208,33154,2759,131567
Miscanthus_floridulus	154761	154761,62336,1648026,147429,1648033,147369,147370,4479,38820,4734,1437197,4447,1437183,3398,58024,78536,58023,3193,131221,35493,33090,2759,131567
Miscanthus_lutarioriparius	422564	422564,62336,1648026,147429,1648033,147369,147370,4479,38820,4734,1437197,4447,1437183,3398,58024,78536,58023,3193,131221,35493,33090,2759,131567
Mithraculus_sculptus	504429	504429,504425,553065,6804,116706,116704,6752,6692,6683,3701045,72041,6681,3701029,3701028,197562,197563,6656,88770,1206794,33317,33213,6072,33208,33154,2759,131567
Mitosporidium_daphniae	1485682	1485682,1633384,469895,6029,112252,4751,33154,2759,131567
Mixia_osmundae_IAM_14324	764103	764103,34349,34348,165795,432026,432025,29000,5204,451864,4751,33154,2759,131567
Mizuhopecten_(Patinopecten)_yessoensis	6573	6573,186466,6566,106219,106218,6545,2785011,6544,6447,1206795,2697495,33317,33213,6072,33208,33154,2759,131567
Modicella_reniformis	1440133	1440133,1440132,4854,214503,2212732,1137986,3705878,112252,4751,33154,2759,131567
Moelleriella_libera_RCEF_2490	1081109	1081109,324773,511189,34397,5125,222543,147550,715989,716546,147538,716545,4890,451864,4751,33154,2759,131567
Moesziomyces_antarcticus	84753	84753,63261,5268,5267,5257,452284,5204,451864,4751,33154,2759,131567
Moina_sp._MCZ_IZ_74079	1930661	1930661,2631316,77663,675437,116561,6665,84337,116557,6658,3701030,3701028,197562,197563,6656,88770,1206794,33317,33213,6072,33208,33154,2759,131567
Mollisia_scopiformis	149040	149040,86026,2755564,5178,147548,715989,716546,147538,716545,4890,451864,4751,33154,2759,131567
Momordica_charantia	3673	3673,3671,1003871,3650,71239,91835,71275,1437201,91827,71240,1437183,3398,58024,78536,58023,3193,131221,35493,33090,2759,131567
Monascus_purpureus	5098	5098,5097,1131492,5042,451871,147545,716546,147538,716545,4890,451864,4751,33154,2759,131567
Moneuplotes_crassus	5936	5936,152459,100127,33831,5934,33829,431838,5878,33630,2698737,2759,131567
Monilinia_fructicola	38448	38448,38447,28983,5178,147548,715989,716546,147538,716545,4890,451864,4751,33154,2759,131567
Monilinia_fructigena	38457	38457,38447,28983,5178,147548,715989,716546,147538,716545,4890,451864,4751,33154,2759,131567
Monilinia_laxa	61186	61186,38447,28983,5178,147548,715989,716546,147538,716545,4890,451864,4751,33154,2759,131567
Monilinia_vaccinii-corymbosi	61207	61207,38447,28983,5178,147548,715989,716546,147538,716545,4890,451864,4751,33154,2759,131567
Monilinia_vacciniicorymbosi	61207	61207,38447,28983,5178,147548,715989,716546,147538,716545,4890,451864,4751,33154,2759,131567
Moniliophthora_roreri	221103	221103,221102,654128,2982316,5338,452333,155619,5302,5204,451864,4751,33154,2759,131567
Monodonta_labio	74046	74046,43340,1955435,6466,216285,2315720,216275,6448,6447,1206795,2697495,33317,33213,6072,33208,33154,2759,131567
Monopterus_albus	43700	43700,43699,43698,129918,43697,1489892,1489872,123369,123368,123367,123366,123365,1489388,186625,1489341,32443,41665,186623,7898,117571,117570,7776,7742,89593,7711,33511,33213,6072,33208,33154,2759,131567
Monoraphidium_minutum	39955	39955,34111,35466,35491,2812636,3166,2692248,3041,33090,2759,131567
Monoraphidium_neglectum	145388	145388,34111,35466,35491,2812636,3166,2692248,3041,33090,2759,131567
Monosiga_brevicollis	431895	431895,81824,81525,81529,1924738,28009,33154,2759,131567
Monosporascus_cannonballus	155416	155416,155415,189359,37989,222545,147550,715989,716546,147538,716545,4890,451864,4751,33154,2759,131567
Monosporascus_ibericus	155417	155417,155415,189359,37989,222545,147550,715989,716546,147538,716545,4890,451864,4751,33154,2759,131567
Monosporozyma_servazzii	27293	27293,3162981,4893,4892,4891,147537,716545,4890,451864,4751,33154,2759,131567
Monosporozyma_unispora	27294	27294,3162981,4893,4892,4891,147537,716545,4890,451864,4751,33154,2759,131567
Mopalia_muscosa	256104	256104,256103,34585,291892,6652,6651,6650,6447,1206795,2697495,33317,33213,6072,33208,33154,2759,131567
Morbakka_virulenta	686327	686327,696214,696215,655439,6137,6073,6072,33208,33154,2759,131567
Morchella_americana	1582323	1582323,1175439,5193,5192,5185,147549,147538,716545,4890,451864,4751,33154,2759,131567
Morchella_anatolica	1582322	1582322,3367357,5193,5192,5185,147549,147538,716545,4890,451864,4751,33154,2759,131567
Morchella_angusticeps	60347	60347,1051054,5193,5192,5185,147549,147538,716545,4890,451864,4751,33154,2759,131567
Morchella_arbutiphila	1810715	1810715,1051054,5193,5192,5185,147549,147538,716545,4890,451864,4751,33154,2759,131567
Morchella_brunnea	1174671	1174671,1051054,5193,5192,5185,147549,147538,716545,4890,451864,4751,33154,2759,131567
Morchella_diminutiva	1174667	1174667,1175439,5193,5192,5185,147549,147538,716545,4890,451864,4751,33154,2759,131567
Morchella_disparilis	1810716	1810716,1051054,5193,5192,5185,147549,147538,716545,4890,451864,4751,33154,2759,131567
Morchella_dunalii	1582327	1582327,1051054,5193,5192,5185,147549,147538,716545,4890,451864,4751,33154,2759,131567
Morchella_fluvialis	1611433	1611433,1175439,5193,5192,5185,147549,147538,716545,4890,451864,4751,33154,2759,131567
Morchella_hispaniolensis	2382056	2382056,1051054,5193,5192,5185,147549,147538,716545,4890,451864,4751,33154,2759,131567
Morchella_importuna	1174673	1174673,1051054,5193,5192,5185,147549,147538,716545,4890,451864,4751,33154,2759,131567
Morchella_kakiicolor	2715921	2715921,1051054,5193,5192,5185,147549,147538,716545,4890,451864,4751,33154,2759,131567
Morchella_norvegiensis	1582341	1582341,1051054,5193,5192,5185,147549,147538,716545,4890,451864,4751,33154,2759,131567
Morchella_populiphila	1174669	1174669,1051054,5193,5192,5185,147549,147538,716545,4890,451864,4751,33154,2759,131567
Morchella_prava	1174674	1174674,1175439,5193,5192,5185,147549,147538,716545,4890,451864,4751,33154,2759,131567
Morchella_pulchella	1579549	1579549,1051054,5193,5192,5185,147549,147538,716545,4890,451864,4751,33154,2759,131567
Morchella_punctipes	743780	743780,1051054,5193,5192,5185,147549,147538,716545,4890,451864,4751,33154,2759,131567
Morchella_sextelata	1174677	1174677,1051054,5193,5192,5185,147549,147538,716545,4890,451864,4751,33154,2759,131567
Morchella_snyderi	1174678	1174678,1051054,5193,5192,5185,147549,147538,716545,4890,451864,4751,33154,2759,131567
Morchella_steppicola	743781	743781,1175439,5193,5192,5185,147549,147538,716545,4890,451864,4751,33154,2759,131567
Morella_rubra	262757	262757,190583,26766,3502,91835,71275,1437201,91827,71240,1437183,3398,58024,78536,58023,3193,131221,35493,33090,2759,131567
Morlockia_williamsi	1017258	1017258,1938538,1938537,116564,84343,3701030,3701028,197562,197563,6656,88770,1206794,33317,33213,6072,33208,33154,2759,131567
Mortierella_alpina	64518	64518,4855,4854,214503,2212732,1137986,3705878,112252,4751,33154,2759,131567
Mortierella_antarctica	979670	979670,4855,4854,214503,2212732,1137986,3705878,112252,4751,33154,2759,131567
Mortierella_claussenii	1343614	1343614,4855,4854,214503,2212732,1137986,3705878,112252,4751,33154,2759,131567
Mortierella_hygrophila	979708	979708,4855,4854,214503,2212732,1137986,3705878,112252,4751,33154,2759,131567
Mortierella_polycephala	41804	41804,4855,4854,214503,2212732,1137986,3705878,112252,4751,33154,2759,131567
Morus_notabilis	981085	981085,3497,3054905,3487,3744,91835,71275,1437201,91827,71240,1437183,3398,58024,78536,58023,3193,131221,35493,33090,2759,131567
Mourgona_sp.5	2916548	2916548,2621978,483976,1522361,216320,71490,977775,216307,216305,6448,6447,1206795,2697495,33317,33213,6072,33208,33154,2759,131567
Mrakia_frigida	29902	29902,29901,1851551,90883,155616,5302,5204,451864,4751,33154,2759,131567
Mucidula_mucida	139077	139077,937601,862241,2982316,5338,452333,155619,5302,5204,451864,4751,33154,2759,131567
Mucor_ambiguus	91626	91626,4830,34489,1344963,4827,2212703,451507,1913637,112252,4751,33154,2759,131567
Mucor_atramentarius	2021224	2021224,4830,34489,1344963,4827,2212703,451507,1913637,112252,4751,33154,2759,131567
Mucor_bainieri	1095379	1095379,4830,34489,1344963,4827,2212703,451507,1913637,112252,4751,33154,2759,131567
Mucor_circinelloides	36080	36080,4830,34489,1344963,4827,2212703,451507,1913637,112252,4751,33154,2759,131567
Mucor_flavus	439312	439312,4830,34489,1344963,4827,2212703,451507,1913637,112252,4751,33154,2759,131567
Mucor_fragilis	64491	64491,4830,34489,1344963,4827,2212703,451507,1913637,112252,4751,33154,2759,131567
Mucor_hiemalis	64493	64493,4830,34489,1344963,4827,2212703,451507,1913637,112252,4751,33154,2759,131567
Mucor_lusitanicus	29924	29924,4830,34489,1344963,4827,2212703,451507,1913637,112252,4751,33154,2759,131567
Mucor_mucedo	29922	29922,4830,34489,1344963,4827,2212703,451507,1913637,112252,4751,33154,2759,131567
Mucor_plumbeus	97098	97098,4830,34489,1344963,4827,2212703,451507,1913637,112252,4751,33154,2759,131567
Mucor_saturninus	64648	64648,4830,34489,1344963,4827,2212703,451507,1913637,112252,4751,33154,2759,131567
Mucor_velutinosus	708070	708070,4830,34489,1344963,4827,2212703,451507,1913637,112252,4751,33154,2759,131567
Multifurca_ochricompacta	376703	376703,670315,5401,452342,355688,155619,5302,5204,451864,4751,33154,2759,131567
Mus_musculus	10090	10090,862507,10088,39107,10066,337687,1963758,9989,314147,314146,1437010,9347,32525,40674,32524,32523,1338369,8287,117571,117570,7776,7742,89593,7711,33511,33213,6072,33208,33154,2759,131567
Musa_acuminata	214697	214697,4641,4640,4637,4618,4734,1437197,4447,1437183,3398,58024,78536,58023,3193,131221,35493,33090,2759,131567
Musa_balbisiana	52838	52838,4640,4637,4618,4734,1437197,4447,1437183,3398,58024,78536,58023,3193,131221,35493,33090,2759,131567
Musa_banksii	213591	213591,4640,4637,4618,4734,1437197,4447,1437183,3398,58024,78536,58023,3193,131221,35493,33090,2759,131567
Musa_textilis	228183	228183,4640,4637,4618,4734,1437197,4447,1437183,3398,58024,78536,58023,3193,131221,35493,33090,2759,131567
Musa_troglodytarum	320322	320322,4640,4637,4618,4734,1437197,4447,1437183,3398,58024,78536,58023,3193,131221,35493,33090,2759,131567
Mya_arenaria	6604	6604,6603,6602,6601,278205,2908833,2785015,735337,6599,2785011,6544,6447,1206795,2697495,33317,33213,6072,33208,33154,2759,131567
Mycena_albidolilacea	1033008	1033008,41247,2024004,2982316,5338,452333,155619,5302,5204,451864,4751,33154,2759,131567
Mycena_alexandri	1745969	1745969,41247,2024004,2982316,5338,452333,155619,5302,5204,451864,4751,33154,2759,131567
Mycena_amicta	380012	380012,41247,2024004,2982316,5338,452333,155619,5302,5204,451864,4751,33154,2759,131567
Mycena_belliarum	1033014	1033014,41247,2024004,2982316,5338,452333,155619,5302,5204,451864,4751,33154,2759,131567
Mycena_capillaripes	230804	230804,41247,2024004,2982316,5338,452333,155619,5302,5204,451864,4751,33154,2759,131567
Mycena_chlorophos	658473	658473,41247,2024004,2982316,5338,452333,155619,5302,5204,451864,4751,33154,2759,131567
Mycena_citricolor	2018698	2018698,41247,2024004,2982316,5338,452333,155619,5302,5204,451864,4751,33154,2759,131567
Mycena_crocata	220801	220801,41247,2024004,2982316,5338,452333,155619,5302,5204,451864,4751,33154,2759,131567
Mycena_epipterygia	230806	230806,41247,2024004,2982316,5338,452333,155619,5302,5204,451864,4751,33154,2759,131567
Mycena_filopes	858877	858877,41247,2024004,2982316,5338,452333,155619,5302,5204,451864,4751,33154,2759,131567
Mycena_floridula	1033242	1033242,41247,2024004,2982316,5338,452333,155619,5302,5204,451864,4751,33154,2759,131567
Mycena_galopus_ATCC_62051	1314675	1314675,41248,41247,2024004,2982316,5338,452333,155619,5302,5204,451864,4751,33154,2759,131567
Mycena_haematopus	230807	230807,41247,2024004,2982316,5338,452333,155619,5302,5204,451864,4751,33154,2759,131567
Mycena_indigotica	2126181	2126181,41247,2024004,2982316,5338,452333,155619,5302,5204,451864,4751,33154,2759,131567
Mycena_kentingensis_(nom._inval.)	1325293	1325293,2631581,41247,2024004,2982316,5338,452333,155619,5302,5204,451864,4751,33154,2759,131567
Mycena_latifolia	1033247	1033247,41247,2024004,2982316,5338,452333,155619,5302,5204,451864,4751,33154,2759,131567
Mycena_leptocephala	230808	230808,41247,2024004,2982316,5338,452333,155619,5302,5204,451864,4751,33154,2759,131567
Mycena_maculata	230809	230809,41247,2024004,2982316,5338,452333,155619,5302,5204,451864,4751,33154,2759,131567
Mycena_metata	1033252	1033252,41247,2024004,2982316,5338,452333,155619,5302,5204,451864,4751,33154,2759,131567
Mycena_olivaceomarginata	230810	230810,41247,2024004,2982316,5338,452333,155619,5302,5204,451864,4751,33154,2759,131567
Mycena_polygramma	230801	230801,41247,2024004,2982316,5338,452333,155619,5302,5204,451864,4751,33154,2759,131567
Mycena_pura	153505	153505,41247,2024004,2982316,5338,452333,155619,5302,5204,451864,4751,33154,2759,131567
Mycena_rebaudengoi	1045383	1045383,41247,2024004,2982316,5338,452333,155619,5302,5204,451864,4751,33154,2759,131567
Mycena_rosella	1033263	1033263,41247,2024004,2982316,5338,452333,155619,5302,5204,451864,4751,33154,2759,131567
Mycena_sanguinolenta	230812	230812,41247,2024004,2982316,5338,452333,155619,5302,5204,451864,4751,33154,2759,131567
Mycena_venus	2733690	2733690,41247,2024004,2982316,5338,452333,155619,5302,5204,451864,4751,33154,2759,131567
Mycena_vitilis	1033281	1033281,41247,2024004,2982316,5338,452333,155619,5302,5204,451864,4751,33154,2759,131567
Mycena_vulgaris	1033282	1033282,41247,2024004,2982316,5338,452333,155619,5302,5204,451864,4751,33154,2759,131567
Mycoblastus_sanguinarius	312200	312200,312194,312193,157822,5197,388435,1520881,147547,716546,147538,716545,4890,451864,4751,33154,2759,131567
Mycoemilia_scoparia	417184	417184,417183,4862,4861,2219690,451828,3704128,112252,4751,33154,2759,131567
Mycosarcoma_maydis	5270	5270,2689624,1804131,5267,5257,452284,5204,451864,4751,33154,2759,131567
Mycothermus_thermophilus	85995	85995,1940842,35718,5139,222544,147550,715989,716546,147538,716545,4890,451864,4751,33154,2759,131567
Mycotypha_africana	64632	64632,64629,70408,1344963,4827,2212703,451507,1913637,112252,4751,33154,2759,131567
Mylnosiga_fluctuans	1928486	1928486,1928485,81529,1924738,28009,33154,2759,131567
Myriangium_duriaei_CBS_260.36	1168546	1168546,147570,147569,147568,45676,451867,147541,715962,716546,147538,716545,4890,451864,4751,33154,2759,131567
Myriochele_heeri	1977846	1977846,251474,39832,725113,6362,105391,105389,6341,6340,1206795,2697495,33317,33213,6072,33208,33154,2759,131567
Myripristis_murdjan	586833	586833,47699,47698,47697,1490028,181483,123369,123368,123367,123366,123365,1489388,186625,1489341,32443,41665,186623,7898,117571,117570,7776,7742,89593,7711,33511,33213,6072,33208,33154,2759,131567
Myrmecia_bisecta	41462	41462,114064,2507902,2507901,75966,2692248,3041,33090,2759,131567
Myrothamnus_flabellifolius	83223	83223,83222,83221,232382,91827,71240,1437183,3398,58024,78536,58023,3193,131221,35493,33090,2759,131567
Mysmena_leichhardti	926011	926011,233280,233275,74975,74974,74971,6905,6893,6854,6843,6656,88770,1206794,33317,33213,6072,33208,33154,2759,131567
Mytilinidion_resinicola	574789	574789,574786,281242,603422,451868,147541,715962,716546,147538,716545,4890,451864,4751,33154,2759,131567
Mytilus_unguiculatus	42192	42192,6548,301959,6547,106220,6546,6545,2785011,6544,6447,1206795,2697495,33317,33213,6072,33208,33154,2759,131567
Myxicola_infundibulum	76264	76264,76263,6366,6362,105391,105389,6341,6340,1206795,2697495,33317,33213,6072,33208,33154,2759,131567
Myxozyma_melibiosi	54550	54550,54096,29827,3243773,3243770,147537,716545,4890,451864,4751,33154,2759,131567
Nadsonia_fulvescens_var._elongata_DSM_6958	857566	857566,58631,45786,45785,3316682,3243772,3239873,147537,716545,4890,451864,4751,33154,2759,131567
Naematelia_encephala	71784	71784,1910899,1910785,5234,155616,5302,5204,451864,4751,33154,2759,131567
Naganishia_cerealis	610337	610337,1851509,5408,90886,155616,5302,5204,451864,4751,33154,2759,131567
Naganishia_friedmannii	89922	89922,1851509,5408,90886,155616,5302,5204,451864,4751,33154,2759,131567
Naganishia_liquefaciens	104408	104408,1851509,5408,90886,155616,5302,5204,451864,4751,33154,2759,131567
Naganishia_onofrii	1851511	1851511,1851509,5408,90886,155616,5302,5204,451864,4751,33154,2759,131567
Naganishia_vaughanmartiniae	1424756	1424756,1851509,5408,90886,155616,5302,5204,451864,4751,33154,2759,131567
Naineris_dendritica	273009	3704691,3704688,46603,105387,105389,6341,6340,1206795,2697495,33317,33213,6072,33208,33154,2759,131567
Nakaseomyces_bracarensis	273131	273131,374468,4893,4892,4891,147537,716545,4890,451864,4751,33154,2759,131567
Nakaseomyces_glabratus	5478	5478,374468,4893,4892,4891,147537,716545,4890,451864,4751,33154,2759,131567
Nannizzia_gypsea_CBS_118893	535722	535722,63402,1915381,34384,33183,451871,147545,716546,147538,716545,4890,451864,4751,33154,2759,131567
Nannochloropsis_gaditana_CCMP526	1093141	72520,2511164,425072,425074,5747,2696291,33634,2698737,2759,131567
Nannochloropsis_salina_CCMP1776	1027361	1027361,2511165,2511164,425072,425074,5747,2696291,33634,2698737,2759,131567
Nasonia_vitripennis	7425	7425,7424,272242,7423,7422,1955251,7400,7399,33392,3701061,33340,7496,85512,50557,6960,3701030,3701028,197562,197563,6656,88770,1206794,33317,33213,6072,33208,33154,2759,131567
Naumovozyma_castellii	27288	27288,278028,4893,4892,4891,147537,716545,4890,451864,4751,33154,2759,131567
Naumovozyma_dairenensis_CBS_421	1071378	1071378,27289,278028,4893,4892,4891,147537,716545,4890,451864,4751,33154,2759,131567
Nautilus_pompilius	34573	34573,34572,34571,32578,32577,6605,6447,1206795,2697495,33317,33213,6072,33208,33154,2759,131567
Nebalia_bipes	1032909	1032909,84338,58365,58364,58363,6681,3701029,3701028,197562,197563,6656,88770,1206794,33317,33213,6072,33208,33154,2759,131567
Nectonema_munidae	2528854	2528854,190569,190568,190567,190566,33310,1206794,33317,33213,6072,33208,33154,2759,131567
Neltuma_alba	207710	207710,3082578,163487,3807,3804,3803,72025,91835,71275,1437201,91827,71240,1437183,3398,58024,78536,58023,3193,131221,35493,33090,2759,131567
Nelumbo_nucifera	4432	4432,4430,4429,232378,1437183,3398,58024,78536,58023,3193,131221,35493,33090,2759,131567
Nemania_abortiva	561989	561989,109374,37990,37989,222545,147550,715989,716546,147538,716545,4890,451864,4751,33154,2759,131567
Nemania_bipapillata	110536	110536,109374,37990,37989,222545,147550,715989,716546,147538,716545,4890,451864,4751,33154,2759,131567
Nemania_serpens	109381	109381,109374,37990,37989,222545,147550,715989,716546,147538,716545,4890,451864,4751,33154,2759,131567
Nemastomella_dubia	43287	43287,674124,43285,101158,43278,101165,43271,6854,6843,6656,88770,1206794,33317,33213,6072,33208,33154,2759,131567
Nematocida_ausubeli	1913371	1913371,586132,469895,6029,112252,4751,33154,2759,131567
Nematocida_displodere	1805483	1805483,586132,469895,6029,112252,4751,33154,2759,131567
Nematocida_homosporus	1912981	1912981,586132,469895,6029,112252,4751,33154,2759,131567
Nematocida_major	1912982	1912982,586132,469895,6029,112252,4751,33154,2759,131567
Nematocida_minor	1912983	1912983,586132,469895,6029,112252,4751,33154,2759,131567
Nematocida_parisii_ERTm1	881290	881290,586133,586132,469895,6029,112252,4751,33154,2759,131567
Nematolebias_whitei	451745	451745,942014,28771,45443,28738,1489913,1489908,1489872,123369,123368,123367,123366,123365,1489388,186625,1489341,32443,41665,186623,7898,117571,117570,7776,7742,89593,7711,33511,33213,6072,33208,33154,2759,131567
Nematoplana_coelogynoporoides	66743	66743,57453,104917,104958,39226,147100,6157,1206795,2697495,33317,33213,6072,33208,33154,2759,131567
Nematostella_vectensis	45351	45351,45350,45349,6103,6102,6101,6073,6072,33208,33154,2759,131567
Nemertoderma_westbladi	172109	172109,172107,52051,52050,147099,1312402,33213,6072,33208,33154,2759,131567
Nemophora_degeerella	233164	233164,233163,30222,37584,41197,41196,41191,7088,85604,3701063,3701062,33392,3701061,33340,7496,85512,50557,6960,3701030,3701028,197562,197563,6656,88770,1206794,33317,33213,6072,33208,33154,2759,131567
Neoamphitrite_robusta	868091	868091,868090,32261,2784887,6373,105391,105389,6341,6340,1206795,2697495,33317,33213,6072,33208,33154,2759,131567
Neoarthrinium_moseri	1658444	1658444,2983819,106263,3402561,222545,147550,715989,716546,147538,716545,4890,451864,4751,33154,2759,131567
Neocallimastix_californiae	1754190	1754190,4756,29007,29006,451455,451456,3705317,112252,4751,33154,2759,131567
Neocallimastix_lanati_(nom._inval.)	2767002	2767002,2628446,4756,29007,29006,451455,451456,3705317,112252,4751,33154,2759,131567
Neocaridina_davidi	1592667	1592667,274641,96235,115574,6694,6692,6683,3701045,72041,6681,3701029,3701028,197562,197563,6656,88770,1206794,33317,33213,6072,33208,33154,2759,131567
Neocaridina_denticulata	274642	274642,274641,96235,115574,6694,6692,6683,3701045,72041,6681,3701029,3701028,197562,197563,6656,88770,1206794,33317,33213,6072,33208,33154,2759,131567
Neocarus_sp._MCZ_IZ_162194	2900495	2900495,2633948,1685371,91341,91340,83150,6933,6854,6843,6656,88770,1206794,33317,33213,6072,33208,33154,2759,131567
Neochildia_fusca	66402	66402,66401,84065,31265,147099,1312402,33213,6072,33208,33154,2759,131567
Neoconidiobolus_thromboides_FSU_785	1314799	1314799,76012,2878373,3754369,4857,1399770,451824,1264859,112252,4751,33154,2759,131567
Neocucurbitaria_cava	798079	798079,1986179,221670,715340,92860,451868,147541,715962,716546,147538,716545,4890,451864,4751,33154,2759,131567
Neodothiora_populina	2781224	2781224,2799439,64899,5014,451867,147541,715962,716546,147538,716545,4890,451864,4751,33154,2759,131567
Neofusicoccum_ribis	45134	45134,407951,45131,451869,159987,147541,715962,716546,147538,716545,4890,451864,4751,33154,2759,131567
Neohortaea_acidophila	245834	245834,2072583,668547,2726947,451867,147541,715962,716546,147538,716545,4890,451864,4751,33154,2759,131567
Neolecta_irregularis_DAH-3	1198029	1198029,48691,29825,29824,29823,147556,451866,4890,451864,4751,33154,2759,131567
Neolecta_irregularis_DAH3	1198029	1198029,48691,29825,29824,29823,147556,451866,4890,451864,4751,33154,2759,131567
Neolentinus_lepideus_HHB14362_ss-1	1314782	1314782,38799,38797,452340,452339,355688,155619,5302,5204,451864,4751,33154,2759,131567
Neolentinus_lepideus_HHB14362_ss1	1314782	1314782,38799,38797,452340,452339,355688,155619,5302,5204,451864,4751,33154,2759,131567
Neonectria_magnoliae	2732573	2732573,140106,110618,5125,222543,147550,715989,716546,147538,716545,4890,451864,4751,33154,2759,131567
Neonectria_punicea	979145	979145,140106,110618,5125,222543,147550,715989,716546,147538,716545,4890,451864,4751,33154,2759,131567
Neopestalotiopsis_clavispora	289240	289240,1562158,1812776,3402561,222545,147550,715989,716546,147538,716545,4890,451864,4751,33154,2759,131567
Neophaeococcomyces_mojaviensis	3383035	3383035,1919072,156300,34395,451870,147545,716546,147538,716545,4890,451864,4751,33154,2759,131567
Neophaeotheca_triangularis	92988	92988,2726488,2726487,2726486,451867,147541,715962,716546,147538,716545,4890,451864,4751,33154,2759,131567
Neosarmatium_indicum	2870673	2870673,285642,72801,29962,116707,116704,6752,6692,6683,3701045,72041,6681,3701029,3701028,197562,197563,6656,88770,1206794,33317,33213,6072,33208,33154,2759,131567
Neoscona_arabesca	336594	336594,258337,6913,74975,74974,74971,6905,6893,6854,6843,6656,88770,1206794,33317,33213,6072,33208,33154,2759,131567
Neospora_caninum_Liverpool	29176	29176,29175,5809,423054,75739,5796,1280412,5794,33630,2698737,2759,131567
Nepenthes_gracilis	150966	150966,4375,4374,3524,1437201,91827,71240,1437183,3398,58024,78536,58023,3193,131221,35493,33090,2759,131567
Nephroselmis_pyriformis	156128	156128,31311,2682465,2682466,1242998,3041,33090,2759,131567
Nephtys_sp._ET-2021	2863093	2863093,2628724,36120,36119,6348,105390,6341,6340,1206795,2697495,33317,33213,6072,33208,33154,2759,131567
Nerita_albicilla	52928	52928,52927,52926,216272,977767,119397,6448,6447,1206795,2697495,33317,33213,6072,33208,33154,2759,131567
Neritina_pulligera	537799	537799,159947,52926,216272,977767,119397,6448,6447,1206795,2697495,33317,33213,6072,33208,33154,2759,131567
Neurospora_crassa_OR74A	367110	367110,5141,5140,5148,5139,222544,147550,715989,716546,147538,716545,4890,451864,4751,33154,2759,131567
Neurospora_hispaniola	588809	588809,5140,5148,5139,222544,147550,715989,716546,147538,716545,4890,451864,4751,33154,2759,131567
Neurospora_tetrasperma_FGSC_2508	510951	510951,40127,5140,5148,5139,222544,147550,715989,716546,147538,716545,4890,451864,4751,33154,2759,131567
Neurospora_tetraspora	94610	94610,5140,5148,5139,222544,147550,715989,716546,147538,716545,4890,451864,4751,33154,2759,131567
Newportia_adisi	1418190	1418190,863624,863639,41361,115407,115405,7540,61985,197563,6656,88770,1206794,33317,33213,6072,33208,33154,2759,131567
Nicodamidae_sp._2_RK-2018	2080922	2080922,1654915,332900,320450,74971,6905,6893,6854,6843,6656,88770,1206794,33317,33213,6072,33208,33154,2759,131567
Nicotiana_attenuata	49451	49451,4085,424562,424554,4070,4069,91888,71274,1437201,91827,71240,1437183,3398,58024,78536,58023,3193,131221,35493,33090,2759,131567
Nicotiana_benthamiana	4100	4100,4085,424562,424554,4070,4069,91888,71274,1437201,91827,71240,1437183,3398,58024,78536,58023,3193,131221,35493,33090,2759,131567
Nicotiana_sylvestris	4096	4096,4085,424562,424554,4070,4069,91888,71274,1437201,91827,71240,1437183,3398,58024,78536,58023,3193,131221,35493,33090,2759,131567
Nicotiana_tabacum	4097	4097,4085,424562,424554,4070,4069,91888,71274,1437201,91827,71240,1437183,3398,58024,78536,58023,3193,131221,35493,33090,2759,131567
Nicotiana_tomentosiformis	4098	4098,4085,424562,424554,4070,4069,91888,71274,1437201,91827,71240,1437183,3398,58024,78536,58023,3193,131221,35493,33090,2759,131567
Nilaparvata_lugens	108931	108931,108930,130551,33362,3721602,33361,1955247,7524,33342,3701061,33340,7496,85512,50557,6960,3701030,3701028,197562,197563,6656,88770,1206794,33317,33213,6072,33208,33154,2759,131567
Ninoe_nigripes	318790	318790,318789,104719,65495,105390,6341,6340,1206795,2697495,33317,33213,6072,33208,33154,2759,131567
Niphargus_hrabei	556197	556197,111560,111559,354335,1732303,1732204,1732196,6821,6820,72041,6681,3701029,3701028,197562,197563,6656,88770,1206794,33317,33213,6072,33208,33154,2759,131567
Niphotrichum_japonicum	254109	254109,657340,65550,64936,114657,3214,404260,3208,3193,131221,35493,33090,2759,131567
Niponia_nodulosa	1325555	1325555,1325554,421837,71419,118561,7553,61985,197563,6656,88770,1206794,33317,33213,6072,33208,33154,2759,131567
Nipponacmea_fuscoviridis	225302	225302,225301,69676,216260,69675,6448,6447,1206795,2697495,33317,33213,6072,33208,33154,2759,131567
Nipponentomon_nippon	1314697	1314697,89822,79728,79724,29999,6960,3701030,3701028,197562,197563,6656,88770,1206794,33317,33213,6072,33208,33154,2759,131567
Nitzschia_inconspicua	303405	303405,2857,33852,33851,33850,33849,2836,2696291,33634,2698737,2759,131567
Niveomyces_insectorum_RCEF_264	1081102	1081102,150359,2996321,474943,5125,222543,147550,715989,716546,147538,716545,4890,451864,4751,33154,2759,131567
Noccaea_brachypetala	1520948	1520948,290573,1394505,3700,3699,91836,71275,1437201,91827,71240,1437183,3398,58024,78536,58023,3193,131221,35493,33090,2759,131567
Noccaea_rotundifolia	1230357	1230357,290573,1394505,3700,3699,91836,71275,1437201,91827,71240,1437183,3398,58024,78536,58023,3193,131221,35493,33090,2759,131567
Norana_najaformis	991102	991102,3028457,169938,6391,2803884,6381,42113,6340,1206795,2697495,33317,33213,6072,33208,33154,2759,131567
Nosema_bombycis_CQ1	578461	578461,27978,27977,27974,6032,6029,112252,4751,33154,2759,131567
Nosema_granulosis	83296	83296,27977,27974,6032,6029,112252,4751,33154,2759,131567
Nothophoma_quercina	749835	749835,1770230,683158,715340,92860,451868,147541,715962,716546,147538,716545,4890,451864,4751,33154,2759,131567
Nothrus_palustris	198293	198293,66601,66600,66593,229891,66551,83137,6946,6933,6854,6843,6656,88770,1206794,33317,33213,6072,33208,33154,2759,131567
Notiphilides_grandis	1816494	1816494,1816493,863641,60154,115407,115405,7540,61985,197563,6656,88770,1206794,33317,33213,6072,33208,33154,2759,131567
Notodromas_monacha	399045	399045,399044,43954,84329,84328,84318,43953,6670,2172819,197562,197563,6656,88770,1206794,33317,33213,6072,33208,33154,2759,131567
Notospermus_geniculatus	416868	416868,416867,6222,6219,6218,6217,1206795,2697495,33317,33213,6072,33208,33154,2759,131567
Notostira_elongata	537464	537464,537463,236662,173680,30083,33355,33354,33351,33349,33347,33345,33343,7524,33342,3701061,33340,7496,85512,50557,6960,3701030,3701028,197562,197563,6656,88770,1206794,33317,33213,6072,33208,33154,2759,131567
Notothylas_orbicularis	93617	93617,81809,400692,400691,405586,402688,13809,3193,131221,35493,33090,2759,131567
Novanapis_sp._RK-2018	2080923	2080923,2648009,489288,233276,74975,74974,74971,6905,6893,6854,6843,6656,88770,1206794,33317,33213,6072,33208,33154,2759,131567
Novocrania_anomala	317945	317945,317944,33499,115368,115367,115366,115365,7568,1206795,2697495,33317,33213,6072,33208,33154,2759,131567
Nuclearia_delicatula	154968	154968,154967,154966,2686024,33154,2759,131567
Nucleospora_cyclopteri	1300064	1300064,54410,27970,6032,6029,112252,4751,33154,2759,131567
Nucula_tumidula	437803	437803,47128,47127,47126,45493,6544,6447,1206795,2697495,33317,33213,6072,33208,33154,2759,131567
Nuttallochiton_mirandus	256062	256062,256061,34585,291892,6652,6651,6650,6447,1206795,2697495,33317,33213,6072,33208,33154,2759,131567
Nylanderia_fulva	613905	613905,710235,72772,7479,36668,2153479,7434,7400,7399,33392,3701061,33340,7496,85512,50557,6960,3701030,3701028,197562,197563,6656,88770,1206794,33317,33213,6072,33208,33154,2759,131567
Nymphaea_colorata	210225	210225,4418,4410,261007,3398,58024,78536,58023,3193,131221,35493,33090,2759,131567
Nymphaea_thermarum	419125	419125,4418,4410,261007,3398,58024,78536,58023,3193,131221,35493,33090,2759,131567
Nymphon_gracile	136195	136195,57295,72048,3712574,3712569,373319,57294,6843,6656,88770,1206794,33317,33213,6072,33208,33154,2759,131567
Nymphon_molleri	2138377	2138377,57295,72048,3712574,3712569,373319,57294,6843,6656,88770,1206794,33317,33213,6072,33208,33154,2759,131567
Nyssa_sinensis	561372	561372,4290,4289,41934,71274,1437201,91827,71240,1437183,3398,58024,78536,58023,3193,131221,35493,33090,2759,131567
Oasisia_alvinae	53619	53619,53618,41324,6362,105391,105389,6341,6340,1206795,2697495,33317,33213,6072,33208,33154,2759,131567
Obama_braunsi	1336527	1336527,1336495,1292254,52317,1292253,1292243,6159,147100,6157,1206795,2697495,33317,33213,6072,33208,33154,2759,131567
Obama_carinata	1336530	1336530,1336495,1292254,52317,1292253,1292243,6159,147100,6157,1206795,2697495,33317,33213,6072,33208,33154,2759,131567
Obama_nungara	1826298	1826298,1336495,1292254,52317,1292253,1292243,6159,147100,6157,1206795,2697495,33317,33213,6072,33208,33154,2759,131567
Obba_rivulosa	1052685	1052685,1052683,2028217,5303,355688,155619,5302,5204,451864,4751,33154,2759,131567
Obelidium_mucronatum	110081	110081,110080,1352827,4810,451435,3705883,4761,3705317,112252,4751,33154,2759,131567
Occasjapyx_japonicus	289462	289462,289461,1683481,79735,212002,1652074,29997,6960,3701030,3701028,197562,197563,6656,88770,1206794,33317,33213,6072,33208,33154,2759,131567
Occiperipatoides_gilesii	1454325	1454325,1454324,27567,2082882,2082881,27563,88770,1206794,33317,33213,6072,33208,33154,2759,131567
Ochyrocera_sp._RK-2018	2080925	2080925,2636958,1956872,1958830,571551,74970,6905,6893,6854,6843,6656,88770,1206794,33317,33213,6072,33208,33154,2759,131567
Octopoteuthis_deletron	1582096	1582096,61733,61732,34542,215450,6606,6605,6447,1206795,2697495,33317,33213,6072,33208,33154,2759,131567
Octopus_bimaculoides	37653	37653,6643,6647,6646,6638,215451,6606,6605,6447,1206795,2697495,33317,33213,6072,33208,33154,2759,131567
Octopus_sinensis	2607531	2607531,6643,6647,6646,6638,215451,6606,6605,6447,1206795,2697495,33317,33213,6072,33208,33154,2759,131567
Octostigma_sinensis	211997	211997,211996,211995,212003,1652073,29997,6960,3701030,3701028,197562,197563,6656,88770,1206794,33317,33213,6072,33208,33154,2759,131567
Oculimacula_yallundae	86028	86028,228665,2316155,5178,147548,715989,716546,147538,716545,4890,451864,4751,33154,2759,131567
Ocypode_ceratophthalmus	373423	373423,53309,156509,6770,39829,116707,116704,6752,6692,6683,3701045,72041,6681,3701029,3701028,197562,197563,6656,88770,1206794,33317,33213,6072,33208,33154,2759,131567
Oecobius_cellariorum	198414	198414,198413,175334,175332,74971,6905,6893,6854,6843,6656,88770,1206794,33317,33213,6072,33208,33154,2759,131567
Ogataea_angusta	870730	870730,461281,1156497,3243775,3239874,147537,716545,4890,451864,4751,33154,2759,131567
Ogataea_haglerorum	1937702	1937702,461281,1156497,3243775,3239874,147537,716545,4890,451864,4751,33154,2759,131567
Ogataea_parapolymorpha_DL-1	871575	871575,1005962,461281,1156497,3243775,3239874,147537,716545,4890,451864,4751,33154,2759,131567
Ogataea_parapolymorpha_DL1	871575	871575,1005962,461281,1156497,3243775,3239874,147537,716545,4890,451864,4751,33154,2759,131567
Ogataea_philodendri	1378263	1378263,461281,1156497,3243775,3239874,147537,716545,4890,451864,4751,33154,2759,131567
Ogataea_polymorpha	460523	460523,461281,1156497,3243775,3239874,147537,716545,4890,451864,4751,33154,2759,131567
Oidiodendron_maius_Zn	913774	913774,78148,78141,37240,221903,147548,715989,716546,147538,716545,4890,451864,4751,33154,2759,131567
Oikopleura_dioica	34765	34765,34763,41302,2507557,30302,7712,7711,33511,33213,6072,33208,33154,2759,131567
Olavius_sp._CE14538	2562122	2562122,2625072,77717,1780201,2109251,6383,2937015,6381,42113,6340,1206795,2697495,33317,33213,6072,33208,33154,2759,131567
Oldenlandia_corymbosa	529605	529605,43536,43535,1667295,169663,169617,24966,4055,91888,71274,1437201,91827,71240,1437183,3398,58024,78536,58023,3193,131221,35493,33090,2759,131567
Olea_europaea	158386	158386,158383,4146,4145,426106,4144,4143,91888,71274,1437201,91827,71240,1437183,3398,58024,78536,58023,3193,131221,35493,33090,2759,131567
Olea_hansineensis	1522364	1522364,1522362,71495,216320,71490,977775,216307,216305,6448,6447,1206795,2697495,33317,33213,6072,33208,33154,2759,131567
Oleoguttula_mirabilis	1507867	1507867,1507866,668547,2726947,451867,147541,715962,716546,147538,716545,4890,451864,4751,33154,2759,131567
Olpidium_bornovanus	278681	278681,70188,70187,2202808,2202807,2202806,2202805,112252,4751,33154,2759,131567
Olyra_latifolia	38716	38716,38715,1648020,147377,1648035,147366,359160,4479,38820,4734,1437197,4447,1437183,3398,58024,78536,58023,3193,131221,35493,33090,2759,131567
Onchidella_floridana	259645	259645,36932,42451,216363,36931,120490,977775,216307,216305,6448,6447,1206795,2697495,33317,33213,6072,33208,33154,2759,131567
Onchidium_reevesii	2547651	2547651,69681,42451,216363,36931,120490,977775,216307,216305,6448,6447,1206795,2697495,33317,33213,6072,33208,33154,2759,131567
Onchidium_verrucosum	259646	259646,69681,42451,216363,36931,120490,977775,216307,216305,6448,6447,1206795,2697495,33317,33213,6072,33208,33154,2759,131567
Oncomelania_hupensis	56141	56141,56140,56139,1345656,216294,69555,6448,6447,1206795,2697495,33317,33213,6072,33208,33154,2759,131567
Onthophagus_taurus	166361	166361,166331,569640,41142,7055,75546,41086,41084,7041,3701064,3701062,33392,3701061,33340,7496,85512,50557,6960,3701030,3701028,197562,197563,6656,88770,1206794,33317,33213,6072,33208,33154,2759,131567
Onychoteuthis_banksii	392296	392296,61726,34565,34542,215450,6606,6605,6447,1206795,2697495,33317,33213,6072,33208,33154,2759,131567
Oopsacas_minuta	111878	111878,111877,472148,60884,60883,60882,6040,33208,33154,2759,131567
Ophelina_acuminata	190468	190468,73385,36122,105387,105389,6341,6340,1206795,2697495,33317,33213,6072,33208,33154,2759,131567
Ophidiomyces_ophidiicola	1387563	1387563,1387562,33184,33183,451871,147545,716546,147538,716545,4890,451864,4751,33154,2759,131567
Ophiobolus_disseminans	1469910	1469910,45294,5020,715340,92860,451868,147541,715962,716546,147538,716545,4890,451864,4751,33154,2759,131567
Ophiocordyceps_australis	1399860	1399860,474995,474942,5125,222543,147550,715989,716546,147538,716545,4890,451864,4751,33154,2759,131567
Ophiocordyceps_camponoti-floridani	2030778	2030778,474995,474942,5125,222543,147550,715989,716546,147538,716545,4890,451864,4751,33154,2759,131567
Ophiocordyceps_camponoti-rufipedis	2004952	2004952,474995,474942,5125,222543,147550,715989,716546,147538,716545,4890,451864,4751,33154,2759,131567
Ophiocordyceps_camponotifloridani	2030778	2030778,474995,474942,5125,222543,147550,715989,716546,147538,716545,4890,451864,4751,33154,2759,131567
Ophiocordyceps_camponotirufipedis	2004952	2004952,474995,474942,5125,222543,147550,715989,716546,147538,716545,4890,451864,4751,33154,2759,131567
Ophiocordyceps_polyrhachis-furcata_BCC_54312	1330021	1330021,1330020,474995,474942,5125,222543,147550,715989,716546,147538,716545,4890,451864,4751,33154,2759,131567
Ophiocordyceps_polyrhachisfurcata_BCC_54312	1330021	1330021,1330020,474995,474942,5125,222543,147550,715989,716546,147538,716545,4890,451864,4751,33154,2759,131567
Ophiocordyceps_sinensis	72228	72228,474995,474942,5125,222543,147550,715989,716546,147538,716545,4890,451864,4751,33154,2759,131567
Ophiocordyceps_unilateralis	268505	268505,474995,474942,5125,222543,147550,715989,716546,147538,716545,4890,451864,4751,33154,2759,131567
Ophryotrocha_xiamen	2741705	2741705,169108,160440,65495,105390,6341,6340,1206795,2697495,33317,33213,6072,33208,33154,2759,131567
Opilioacaridae_sp._CSL-2018	2480684	2480684,150112,91341,91340,83150,6933,6854,6843,6656,88770,1206794,33317,33213,6072,33208,33154,2759,131567
Opilioacarus_texanus	91343	118539,1685371,91341,91340,83150,6933,6854,6843,6656,88770,1206794,33317,33213,6072,33208,33154,2759,131567
Opisthopatus_kwazululandi	2448284	2448284,574545,27567,2082882,2082881,27563,88770,1206794,33317,33213,6072,33208,33154,2759,131567
Opopaea_sp._RK-2018	2080926	2080926,2644338,1498348,1498386,75054,74970,6905,6893,6854,6843,6656,88770,1206794,33317,33213,6072,33208,33154,2759,131567
Oratosquilla_oratoria	337810	337810,337809,84348,84347,77689,75390,75389,3701045,72041,6681,3701029,3701028,197562,197563,6656,88770,1206794,33317,33213,6072,33208,33154,2759,131567
Orbilia_blumenaviensis	1796055	1796055,47022,47021,189479,189478,147538,716545,4890,451864,4751,33154,2759,131567
Orbilia_brochopaga	3140254	3140254,47022,47021,189479,189478,147538,716545,4890,451864,4751,33154,2759,131567
Orbilia_ellipsospora	2528407	2528407,47022,47021,189479,189478,147538,716545,4890,451864,4751,33154,2759,131567
Orbilia_javanica	47235	47235,47022,47021,189479,189478,147538,716545,4890,451864,4751,33154,2759,131567
Orbilia_oligospora_ATCC_24927	756982	756982,2813651,47022,47021,189479,189478,147538,716545,4890,451864,4751,33154,2759,131567
Orchesella_cincta	48709	48709,48705,50237,2768097,79707,730330,30001,6960,3701030,3701028,197562,197563,6656,88770,1206794,33317,33213,6072,33208,33154,2759,131567
Orchestia_grillus	1859082	1859082,92170,92169,199476,1732206,1732196,6821,6820,72041,6681,3701029,3701028,197562,197563,6656,88770,1206794,33317,33213,6072,33208,33154,2759,131567
Ordospora_colligata_OC4	1354746	1354746,174685,174684,174683,469895,6029,112252,4751,33154,2759,131567
Ordospora_pajunii	3039483	3039483,174684,174683,469895,6029,112252,4751,33154,2759,131567
Ornithodoros_rostratus	360320	360320,6937,2945031,6936,297308,6935,6934,6933,6854,6843,6656,88770,1206794,33317,33213,6072,33208,33154,2759,131567
Ornithorhynchus_anatinus	9258	9258,9257,9256,9255,9254,40674,32524,32523,1338369,8287,117571,117570,7776,7742,89593,7711,33511,33213,6072,33208,33154,2759,131567
Orobanche_gracilis	223107	223107,36747,216770,91896,4143,91888,71274,1437201,91827,71240,1437183,3398,58024,78536,58023,3193,131221,35493,33090,2759,131567
Orobanche_minor	36748	36748,36747,216770,91896,4143,91888,71274,1437201,91827,71240,1437183,3398,58024,78536,58023,3193,131221,35493,33090,2759,131567
Orsolobidae_sp._RK-2018	2080927	2080927,1956709,1498387,75054,74970,6905,6893,6854,6843,6656,88770,1206794,33317,33213,6072,33208,33154,2759,131567
Oryza_brachyantha	4533	4533,4527,1648021,147380,147367,359160,4479,38820,4734,1437197,4447,1437183,3398,58024,78536,58023,3193,131221,35493,33090,2759,131567
Oryza_glaberrima	4538	4538,4527,1648021,147380,147367,359160,4479,38820,4734,1437197,4447,1437183,3398,58024,78536,58023,3193,131221,35493,33090,2759,131567
Oryza_sativa	39947	39947,4530,4527,1648021,147380,147367,359160,4479,38820,4734,1437197,4447,1437183,3398,58024,78536,58023,3193,131221,35493,33090,2759,131567
Oscheius_tipulae	141969	141969,42476,55887,6243,55879,2301119,2301116,6236,119089,6231,1206794,33317,33213,6072,33208,33154,2759,131567
Osedax_frankpressi	283776	283776,283775,41324,6362,105391,105389,6341,6340,1206795,2697495,33317,33213,6072,33208,33154,2759,131567
Ostrea_edulis	37623	37623,37858,6563,98302,6562,6545,2785011,6544,6447,1206795,2697495,33317,33213,6072,33208,33154,2759,131567
Ostreobium_quekettii	121088	121088,121087,35434,2791030,33104,2546214,33103,2692248,3041,33090,2759,131567
Ostreococcus_lucimarinus	436017	436017,242159,2268852,70447,1525212,13792,1035538,3041,33090,2759,131567
Ostreococcus_tauri	70448	70448,70447,1525212,13792,1035538,3041,33090,2759,131567
Otatea_glauca	464970	464970,47453,1648015,147376,1648035,147366,359160,4479,38820,4734,1437197,4447,1437183,3398,58024,78536,58023,3193,131221,35493,33090,2759,131567
Owenia_fusiformis	6347	6347,6346,39832,725113,6362,105391,105389,6341,6340,1206795,2697495,33317,33213,6072,33208,33154,2759,131567
Oxalis_oulophora	53806	53806,4034,4033,71243,91835,71275,1437201,91827,71240,1437183,3398,58024,78536,58023,3193,131221,35493,33090,2759,131567
Oxystele_tabularis	336183	336183,336181,1955429,6466,216285,2315720,216275,6448,6447,1206795,2697495,33317,33213,6072,33208,33154,2759,131567
Oxytricha_trifallax	1172189	1172189,5943,1001750,57506,693921,194286,33829,431838,5878,33630,2698737,2759,131567
Ozestheria_pilosa	1930649	1930649,1897124,114096,77657,84337,116557,6658,3701030,3701028,197562,197563,6656,88770,1206794,33317,33213,6072,33208,33154,2759,131567
Ozestheria_rubra	1897130	1897130,1897124,114096,77657,84337,116557,6658,3701030,3701028,197562,197563,6656,88770,1206794,33317,33213,6072,33208,33154,2759,131567
Pachygrapsus_marmoratus	135190	135190,72630,39556,29962,116707,116704,6752,6692,6683,3701045,72041,6681,3701029,3701028,197562,197563,6656,88770,1206794,33317,33213,6072,33208,33154,2759,131567
Pachysolen_tannophilus_NRRL_Y-2460	669874	669874,4918,4917,3243782,2926620,3239874,147537,716545,4890,451864,4751,33154,2759,131567
Pachysolen_tannophilus_NRRL_Y2460	669874	669874,4918,4917,3243782,2926620,3239874,147537,716545,4890,451864,4751,33154,2759,131567
Paecilomyces_variotii	264951	264951,33202,1131624,5042,451871,147545,716546,147538,716545,4890,451864,4751,33154,2759,131567
Pallenella_flava	2138384	2138384,2138383,61896,3712574,3712569,373319,57294,6843,6656,88770,1206794,33317,33213,6072,33208,33154,2759,131567
Palmaria_palmata	2822	2822,2821,2820,2819,2045258,2806,2763,2759,131567
Panaeolus_cyanescens	181874	181874,71684,230759,5338,452333,155619,5302,5204,451864,4751,33154,2759,131567
Panaeolus_papilionaceus	330517	330517,71684,230759,5338,452333,155619,5302,5204,451864,4751,33154,2759,131567
Panagrellus_redivivus	6233	6233,6232,114848,55746,2082223,6300,6236,119089,6231,1206794,33317,33213,6072,33208,33154,2759,131567
Pancytospora_epiphaga	1938578	1938578,1939651,469895,6029,112252,4751,33154,2759,131567
Pancytospora_philotis	1923975	1923975,1939651,469895,6029,112252,4751,33154,2759,131567
Pandinus_imperator	55084	55084,55083,2830781,6888,70338,259439,6855,6854,6843,6656,88770,1206794,33317,33213,6072,33208,33154,2759,131567
Panicum_hallii	206008	206008,2100772,4539,1293365,147428,1648036,147369,147370,4479,38820,4734,1437197,4447,1437183,3398,58024,78536,58023,3193,131221,35493,33090,2759,131567
Panicum_virgatum	38727	38727,2100771,4539,1293365,147428,1648036,147369,147370,4479,38820,4734,1437197,4447,1437183,3398,58024,78536,58023,3193,131221,35493,33090,2759,131567
Panonychus_citri	50023	50023,50022,32262,83146,188550,83145,6947,83136,6946,6933,6854,6843,6656,88770,1206794,33317,33213,6072,33208,33154,2759,131567
Panulirus_ornatus	150431	150431,6734,6731,115587,6730,6692,6683,3701045,72041,6681,3701029,3701028,197562,197563,6656,88770,1206794,33317,33213,6072,33208,33154,2759,131567
Panus_rudis_PR-1116_ss-1	1314784	1314784,48022,38807,2028207,5303,355688,155619,5302,5204,451864,4751,33154,2759,131567
Panus_rudis_PR1116_ss1	1314784	1314784,48022,38807,2028207,5303,355688,155619,5302,5204,451864,4751,33154,2759,131567
Papaver_armeniacum	357465	357465,3468,1462614,3465,41768,1437183,3398,58024,78536,58023,3193,131221,35493,33090,2759,131567
Papaver_atlanticum	357466	357466,3468,1462614,3465,41768,1437183,3398,58024,78536,58023,3193,131221,35493,33090,2759,131567
Papaver_bracteatum	215227	215227,3468,1462614,3465,41768,1437183,3398,58024,78536,58023,3193,131221,35493,33090,2759,131567
Papaver_californicum	74822	74822,3468,1462614,3465,41768,1437183,3398,58024,78536,58023,3193,131221,35493,33090,2759,131567
Papaver_nudicaule	74823	74823,3468,1462614,3465,41768,1437183,3398,58024,78536,58023,3193,131221,35493,33090,2759,131567
Papaver_somniferum	3469	3469,3468,1462614,3465,41768,1437183,3398,58024,78536,58023,3193,131221,35493,33090,2759,131567
Papiliotrema_laurentii	5418	5418,189450,1581159,5234,155616,5302,5204,451864,4751,33154,2759,131567
Paracentrophyes_quadridentatus	1564076	1564076,1215713,1215725,2582693,51516,1215728,1206794,33317,33213,6072,33208,33154,2759,131567
Parachaetomium_inaequale	2588326	2588326,2795251,35718,5139,222544,147550,715989,716546,147538,716545,4890,451864,4751,33154,2759,131567
Parachelifer_persimilis	2590497	2590497,535135,348857,51800,51799,6854,6843,6656,88770,1206794,33317,33213,6072,33208,33154,2759,131567
Parachlorella_kessleri	3074	3074,247501,35461,35460,75966,2692248,3041,33090,2759,131567
Paracoccidioides_brasiliensis_Pb18	502780	121759,38946,299071,33183,451871,147545,716546,147538,716545,4890,451864,4751,33154,2759,131567
Paracoccidioides_lutzii_Pb01	502779	1048829,38946,299071,33183,451871,147545,716546,147538,716545,4890,451864,4751,33154,2759,131567
Paraescarpia_echinospica	2080241	2080241,167885,41324,6362,105391,105389,6341,6340,1206795,2697495,33317,33213,6072,33208,33154,2759,131567
Paraglomus_brasilianum	144538	144538,144537,144536,214508,214506,3705879,214504,112252,4751,33154,2759,131567
Paraglomus_occultum	144539	144539,144537,144536,214508,214506,3705879,214504,112252,4751,33154,2759,131567
Paragordius_varius	190579	190579,190577,33312,190564,190563,42813,33310,1206794,33317,33213,6072,33208,33154,2759,131567
Parahya_submersa	534673	534673,534672,535012,83165,51799,6854,6843,6656,88770,1206794,33317,33213,6072,33208,33154,2759,131567
Parahypoxylon_ruwenzoriense	3127341	3127341,3127340,2033035,37989,222545,147550,715989,716546,147538,716545,4890,451864,4751,33154,2759,131567
Parajaminaea_phylloscopi	1463510	1463510,1981948,162477,162475,452283,452284,5204,451864,4751,33154,2759,131567
Paralamyctes_validus	126942	126942,172245,126941,172239,172236,126919,41362,115405,7540,61985,197563,6656,88770,1206794,33317,33213,6072,33208,33154,2759,131567
Paralimnadia_urukhai	1747217	1747217,1595947,77702,77657,84337,116557,6658,3701030,3701028,197562,197563,6656,88770,1206794,33317,33213,6072,33208,33154,2759,131567
Paralithodes_camtschaticus	6741	6741,6740,6739,6744,6738,6692,6683,3701045,72041,6681,3701029,3701028,197562,197563,6656,88770,1206794,33317,33213,6072,33208,33154,2759,131567
Paramacrobiotus_metropolitanus	2943436	2943436,697304,42243,2558951,149990,42242,42241,88770,1206794,33317,33213,6072,33208,33154,2759,131567
Paramacrobiotus_richtersi	697321	697321,578131,697304,42243,2558951,149990,42242,42241,88770,1206794,33317,33213,6072,33208,33154,2759,131567
Paramarasmius_palmivorus	297713	297713,3004333,654128,2982316,5338,452333,155619,5302,5204,451864,4751,33154,2759,131567
Paramarteilia_canceri	2844372	2844372,1871453,2184064,1871463,98369,1871466,2604748,543769,2698737,2759,131567
Paramatachia_sp._RK-2018	2080958	2080958,2648837,1956896,134570,134564,94020,74971,6905,6893,6854,6843,6656,88770,1206794,33317,33213,6072,33208,33154,2759,131567
Paramecium_bursaria	74790	74790,5884,340080,33825,6020,431838,5878,33630,2698737,2759,131567
Paramecium_sonneborni	65129	65129,5884,340080,33825,6020,431838,5878,33630,2698737,2759,131567
Paramecium_tetraurelia	5888	5888,5884,340080,33825,6020,431838,5878,33630,2698737,2759,131567
Paramicrosporidium_saccamoebae	1246581	1246581,1493516,2683658,1031332,112252,4751,33154,2759,131567
Paramyrothecium_foliicola	1859967	1859967,1859940,1667166,5125,222543,147550,715989,716546,147538,716545,4890,451864,4751,33154,2759,131567
Paranais_sp._DSW-2020	2705234	2705234,2637155,74741,1780200,2109251,6383,2937015,6381,42113,6340,1206795,2697495,33317,33213,6072,33208,33154,2759,131567
Paraphaeosphaeria_minitans	565426	565426,125369,221678,1255046,92860,451868,147541,715962,716546,147538,716545,4890,451864,4751,33154,2759,131567
Paraphaeosphaeria_sporulosa	1460663	1460663,125369,221678,1255046,92860,451868,147541,715962,716546,147538,716545,4890,451864,4751,33154,2759,131567
Paraphoma_chrysanthemicola	798071	798071,798070,5020,715340,92860,451868,147541,715962,716546,147538,716545,4890,451864,4751,33154,2759,131567
Paraphymatoceros_pearsonii	319835	319835,994307,400692,400691,405586,402688,13809,3193,131221,35493,33090,2759,131567
Paraphysoderma_sedebokerense	1500003	1500003,1500004,109873,2202804,2202803,451459,112252,4751,33154,2759,131567
Paraplatyarthrus_subterraneus	1778624	1778624,1778595,1778591,526418,41116,29979,6820,72041,6681,3701029,3701028,197562,197563,6656,88770,1206794,33317,33213,6072,33208,33154,2759,131567
Parapristionchus_giblindavisi	1187980	1187980,1187979,50861,2301094,50827,2301116,6236,119089,6231,1206794,33317,33213,6072,33208,33154,2759,131567
Pararchaea_alba	1654964	1654964,1654963,336677,336668,74971,6905,6893,6854,6843,6656,88770,1206794,33317,33213,6072,33208,33154,2759,131567
Parasagitta_elegans	1562708	1562708,366395,34753,34752,33512,1421718,10229,2697496,2697495,33317,33213,6072,33208,33154,2759,131567
Parasagitta_setosa	366441	366441,366395,34753,34752,33512,1421718,10229,2697496,2697495,33317,33213,6072,33208,33154,2759,131567
Parascedosporium_putredinis	1442378	1442378,1150382,5593,5592,222543,147550,715989,716546,147538,716545,4890,451864,4751,33154,2759,131567
Parasergestes_armatus	2283577	2283577,2283576,111522,111521,6684,6683,3701045,72041,6681,3701029,3701028,197562,197563,6656,88770,1206794,33317,33213,6072,33208,33154,2759,131567
Parasesarma_affine	1550548	1550548,285658,72801,29962,116707,116704,6752,6692,6683,3701045,72041,6681,3701029,3701028,197562,197563,6656,88770,1206794,33317,33213,6072,33208,33154,2759,131567
Parasitella_parasitica	35722	35722,35721,34489,1344963,4827,2212703,451507,1913637,112252,4751,33154,2759,131567
Paraspadella_gotoi	34758	34758,34757,34756,33513,1421718,10229,2697496,2697495,33317,33213,6072,33208,33154,2759,131567
Parasponia_andersonii	3476	3476,3479,3481,3744,91835,71275,1437201,91827,71240,1437183,3398,58024,78536,58023,3193,131221,35493,33090,2759,131567
Parastagonospora_nodorum_SN15	321614	321614,13684,1351751,5020,715340,92860,451868,147541,715962,716546,147538,716545,4890,451864,4751,33154,2759,131567
Parasteatoda_tepidariorum	114398	114398,449632,34643,74975,74974,74971,6905,6893,6854,6843,6656,88770,1206794,33317,33213,6072,33208,33154,2759,131567
Parathielavia_appendiculata	2587402	2587402,2609800,35718,5139,222544,147550,715989,716546,147538,716545,4890,451864,4751,33154,2759,131567
Parathielavia_hyrcaniae	113614	113614,2609800,35718,5139,222544,147550,715989,716546,147538,716545,4890,451864,4751,33154,2759,131567
Paratomella_rubra	90914	90914,90913,188047,31265,147099,1312402,33213,6072,33208,33154,2759,131567
Paratya_australiensis	159741	159741,159740,96235,115574,6694,6692,6683,3701045,72041,6681,3701029,3701028,197562,197563,6656,88770,1206794,33317,33213,6072,33208,33154,2759,131567
Parergodrilus_heideri	152569	152569,152568,152567,1649654,6341,6340,1206795,2697495,33317,33213,6072,33208,33154,2759,131567
Pareurythoe_californica	1633897	1633897,427285,104701,65495,105390,6341,6340,1206795,2697495,33317,33213,6072,33208,33154,2759,131567
Parhyale_hawaiensis	317513	317513,280676,199478,2992673,1732206,1732196,6821,6820,72041,6681,3701029,3701028,197562,197563,6656,88770,1206794,33317,33213,6072,33208,33154,2759,131567
Parides_eurimedes	299019	299019,95571,189318,189317,42289,7143,37572,104431,37567,41197,41196,41191,7088,85604,3701063,3701062,33392,3701061,33340,7496,85512,50557,6960,3701030,3701028,197562,197563,6656,88770,1206794,33317,33213,6072,33208,33154,2759,131567
Paruroctonus_baergi	1897136	1897136,2632970,1897135,84298,84320,84319,84318,43953,6670,2172819,197562,197563,6656,88770,1206794,33317,33213,6072,33208,33154,2759,131567
Parvidrilus_meyssonnieri	1171980	1171980,1171977,1171976,2937013,6381,42113,6340,1206795,2697495,33317,33213,6072,33208,33154,2759,131567
Parvularia_atlantis	1993908	1993908,2033803,2686024,33154,2759,131567
Patella_ulyssiponensis	334708	334708,6463,6462,146277,69675,6448,6447,1206795,2697495,33317,33213,6072,33208,33154,2759,131567
Patellaria_atrata_CBS_101060	1346257	1346257,703506,703505,37883,37882,159987,147541,715962,716546,147538,716545,4890,451864,4751,33154,2759,131567
Patelloida_saccharina	72694	72694,72693,69676,216260,69675,6448,6447,1206795,2697495,33317,33213,6072,33208,33154,2759,131567
Pauropus_huxleyi	2043368	2043368,146862,61989,2082948,63448,61985,197563,6656,88770,1206794,33317,33213,6072,33208,33154,2759,131567
Paxillus_ammoniavirescens	1132860	1132860,5395,5394,227331,68889,452333,155619,5302,5204,451864,4751,33154,2759,131567
Paxillus_involutus_ATCC_200175	664439	664439,71150,5395,5394,227331,68889,452333,155619,5302,5204,451864,4751,33154,2759,131567
Paxillus_rubicundulus_Ve08.2h10	930991	930991,463315,5395,5394,227331,68889,452333,155619,5302,5204,451864,4751,33154,2759,131567
Pecten_maximus	6579	6579,6578,6566,106219,106218,6545,2785011,6544,6447,1206795,2697495,33317,33213,6072,33208,33154,2759,131567
Pectinatella_magnifica	350071	350071,350070,350069,34517,10205,1206795,2697495,33317,33213,6072,33208,33154,2759,131567
Pedicellina_cernua	43123	43123,43122,43121,43120,1206795,2697495,33317,33213,6072,33208,33154,2759,131567
Pediculus_humanus	121224	121224,121225,121222,121221,30005,85819,160148,1930602,33342,3701061,33340,7496,85512,50557,6960,3701030,3701028,197562,197563,6656,88770,1206794,33317,33213,6072,33208,33154,2759,131567
Pelagomonas_calceolata	35677	35677,35676,3235057,54409,35675,2696291,33634,2698737,2759,131567
Pellobunus_sp._RF-2017	1955543	1955543,2647193,863997,118595,864075,3053344,43288,101165,43271,6854,6843,6656,88770,1206794,33317,33213,6072,33208,33154,2759,131567
Pelodrilus_sp._HAPS2	1963180	1963180,2621702,1963085,1171987,1171986,6382,6381,42113,6340,1206795,2697495,33317,33213,6072,33208,33154,2759,131567
Peltaster_fructicola	286661	286661,286660,159987,147541,715962,716546,147538,716545,4890,451864,4751,33154,2759,131567
Peltigera_leucophlebia	52883	52883,48861,48860,157824,388450,388435,1520881,147547,716546,147538,716545,4890,451864,4751,33154,2759,131567
Penaeus_monodon	6687	6687,133894,6685,111520,6684,6683,3701045,72041,6681,3701029,3701028,197562,197563,6656,88770,1206794,33317,33213,6072,33208,33154,2759,131567
Penaeus_vannamei	6689	6689,133894,6685,111520,6684,6683,3701045,72041,6681,3701029,3701028,197562,197563,6656,88770,1206794,33317,33213,6072,33208,33154,2759,131567
Penicilliopsis_zonata_CBS_506.65	1073090	1073090,41063,70110,1131492,5042,451871,147545,716546,147538,716545,4890,451864,4751,33154,2759,131567
Penicillium_alfredii	1506179	1506179,5073,1131492,5042,451871,147545,716546,147538,716545,4890,451864,4751,33154,2759,131567
Penicillium_angulare	116970	116970,5073,1131492,5042,451871,147545,716546,147538,716545,4890,451864,4751,33154,2759,131567
Penicillium_antarcticum	416450	416450,5073,1131492,5042,451871,147545,716546,147538,716545,4890,451864,4751,33154,2759,131567
Penicillium_argentinense	1131581	1131581,5073,1131492,5042,451871,147545,716546,147538,716545,4890,451864,4751,33154,2759,131567
Penicillium_arizonense	1835702	1835702,5073,1131492,5042,451871,147545,716546,147538,716545,4890,451864,4751,33154,2759,131567
Penicillium_atrosanguineum	1132637	1132637,5073,1131492,5042,451871,147545,716546,147538,716545,4890,451864,4751,33154,2759,131567
Penicillium_bovifimosum	126998	126998,5073,1131492,5042,451871,147545,716546,147538,716545,4890,451864,4751,33154,2759,131567
Penicillium_brasilianum	104259	104259,5073,1131492,5042,451871,147545,716546,147538,716545,4890,451864,4751,33154,2759,131567
Penicillium_brevicompactum	5074	5074,5073,1131492,5042,451871,147545,716546,147538,716545,4890,451864,4751,33154,2759,131567
Penicillium_canariense	189055	189055,5073,1131492,5042,451871,147545,716546,147538,716545,4890,451864,4751,33154,2759,131567
Penicillium_canescens	5083	5083,5073,1131492,5042,451871,147545,716546,147538,716545,4890,451864,4751,33154,2759,131567
Penicillium_capsulatum	69766	69766,5073,1131492,5042,451871,147545,716546,147538,716545,4890,451864,4751,33154,2759,131567
Penicillium_cataractarum	2100454	2100454,5073,1131492,5042,451871,147545,716546,147538,716545,4890,451864,4751,33154,2759,131567
Penicillium_chermesinum	63820	63820,5073,1131492,5042,451871,147545,716546,147538,716545,4890,451864,4751,33154,2759,131567
Penicillium_chrysogenum	5076	5076,254878,5073,1131492,5042,451871,147545,716546,147538,716545,4890,451864,4751,33154,2759,131567
Penicillium_cinerascens	70096	70096,5073,1131492,5042,451871,147545,716546,147538,716545,4890,451864,4751,33154,2759,131567
Penicillium_citrinum	5077	5077,5073,1131492,5042,451871,147545,716546,147538,716545,4890,451864,4751,33154,2759,131567
Penicillium_concentricum	293559	293559,5073,1131492,5042,451871,147545,716546,147538,716545,4890,451864,4751,33154,2759,131567
Penicillium_coprophilum	36646	36646,5073,1131492,5042,451871,147545,716546,147538,716545,4890,451864,4751,33154,2759,131567
Penicillium_cosmopolitanum	1131564	1131564,5073,1131492,5042,451871,147545,716546,147538,716545,4890,451864,4751,33154,2759,131567
Penicillium_crustosum	36656	36656,5073,1131492,5042,451871,147545,716546,147538,716545,4890,451864,4751,33154,2759,131567
Penicillium_daleae	63821	63821,5073,1131492,5042,451871,147545,716546,147538,716545,4890,451864,4751,33154,2759,131567
Penicillium_desertorum	1303715	1303715,5073,1131492,5042,451871,147545,716546,147538,716545,4890,451864,4751,33154,2759,131567
Penicillium_diatomitis	2819901	2819901,5073,1131492,5042,451871,147545,716546,147538,716545,4890,451864,4751,33154,2759,131567
Penicillium_digitatum	36651	36651,5073,1131492,5042,451871,147545,716546,147538,716545,4890,451864,4751,33154,2759,131567
Penicillium_discolor	74830	74830,5073,1131492,5042,451871,147545,716546,147538,716545,4890,451864,4751,33154,2759,131567
Penicillium_egyptiacum	1303716	1303716,5073,1131492,5042,451871,147545,716546,147538,716545,4890,451864,4751,33154,2759,131567
Penicillium_expansum	27334	27334,5073,1131492,5042,451871,147545,716546,147538,716545,4890,451864,4751,33154,2759,131567
Penicillium_fimorum	1882269	1882269,5073,1131492,5042,451871,147545,716546,147538,716545,4890,451864,4751,33154,2759,131567
Penicillium_flavigenum	254877	254877,5073,1131492,5042,451871,147545,716546,147538,716545,4890,451864,4751,33154,2759,131567
Penicillium_freii	48697	48697,5073,1131492,5042,451871,147545,716546,147538,716545,4890,451864,4751,33154,2759,131567
Penicillium_frequentans	3151616	3151616,5073,1131492,5042,451871,147545,716546,147538,716545,4890,451864,4751,33154,2759,131567
Penicillium_glandicola	197659	197659,5073,1131492,5042,451871,147545,716546,147538,716545,4890,451864,4751,33154,2759,131567
Penicillium_griseofulvum	5078	5078,5073,1131492,5042,451871,147545,716546,147538,716545,4890,451864,4751,33154,2759,131567
Penicillium_hetheringtonii	911720	911720,5073,1131492,5042,451871,147545,716546,147538,716545,4890,451864,4751,33154,2759,131567
Penicillium_hispanicum	1080232	1080232,5073,1131492,5042,451871,147545,716546,147538,716545,4890,451864,4751,33154,2759,131567
Penicillium_hordei	40994	40994,5073,1131492,5042,451871,147545,716546,147538,716545,4890,451864,4751,33154,2759,131567
Penicillium_lagena	94218	94218,5073,1131492,5042,451871,147545,716546,147538,716545,4890,451864,4751,33154,2759,131567
Penicillium_lividum	70099	70099,5073,1131492,5042,451871,147545,716546,147538,716545,4890,451864,4751,33154,2759,131567
Penicillium_longicatenatum	1561947	1561947,5073,1131492,5042,451871,147545,716546,147538,716545,4890,451864,4751,33154,2759,131567
Penicillium_maclennaniae	1343394	1343394,5073,1131492,5042,451871,147545,716546,147538,716545,4890,451864,4751,33154,2759,131567
Penicillium_macrosclerotiorum	303699	303699,5073,1131492,5042,451871,147545,716546,147538,716545,4890,451864,4751,33154,2759,131567
Penicillium_majusculum	2972122	2972122,5073,1131492,5042,451871,147545,716546,147538,716545,4890,451864,4751,33154,2759,131567
Penicillium_malachiteum	1324776	1324776,5073,1131492,5042,451871,147545,716546,147538,716545,4890,451864,4751,33154,2759,131567
Penicillium_manginii	203109	203109,5073,1131492,5042,451871,147545,716546,147538,716545,4890,451864,4751,33154,2759,131567
Penicillium_mononematosum	268346	268346,5073,1131492,5042,451871,147545,716546,147538,716545,4890,451864,4751,33154,2759,131567
Penicillium_nalgiovense	60175	60175,5073,1131492,5042,451871,147545,716546,147538,716545,4890,451864,4751,33154,2759,131567
Penicillium_nucicola	1850975	1850975,5073,1131492,5042,451871,147545,716546,147538,716545,4890,451864,4751,33154,2759,131567
Penicillium_occitanis_(nom._inval.)	290292	290292,2593313,5073,1131492,5042,451871,147545,716546,147538,716545,4890,451864,4751,33154,2759,131567
Penicillium_odoratum	1167516	1167516,5073,1131492,5042,451871,147545,716546,147538,716545,4890,451864,4751,33154,2759,131567
Penicillium_olsonii	99116	99116,5073,1131492,5042,451871,147545,716546,147538,716545,4890,451864,4751,33154,2759,131567
Penicillium_oxalicum	69781	69781,5073,1131492,5042,451871,147545,716546,147538,716545,4890,451864,4751,33154,2759,131567
Penicillium_pancosmium	1131562	1131562,5073,1131492,5042,451871,147545,716546,147538,716545,4890,451864,4751,33154,2759,131567
Penicillium_paradoxum	176176	176176,5073,1131492,5042,451871,147545,716546,147538,716545,4890,451864,4751,33154,2759,131567
Penicillium_psychrofluorescens	3158075	3158075,5073,1131492,5042,451871,147545,716546,147538,716545,4890,451864,4751,33154,2759,131567
Penicillium_psychrosexuale	1002107	1002107,5073,1131492,5042,451871,147545,716546,147538,716545,4890,451864,4751,33154,2759,131567
Penicillium_pulvis	1562058	1562058,5073,1131492,5042,451871,147545,716546,147538,716545,4890,451864,4751,33154,2759,131567
Penicillium_riverlandense	1903569	1903569,5073,1131492,5042,451871,147545,716546,147538,716545,4890,451864,4751,33154,2759,131567
Penicillium_robsamsonii	1792511	1792511,5073,1131492,5042,451871,147545,716546,147538,716545,4890,451864,4751,33154,2759,131567
Penicillium_rolfsii	69785	69785,5073,1131492,5042,451871,147545,716546,147538,716545,4890,451864,4751,33154,2759,131567
Penicillium_roqueforti	5082	5082,5073,1131492,5042,451871,147545,716546,147538,716545,4890,451864,4751,33154,2759,131567
Penicillium_rubens	1108849	1108849,254878,5073,1131492,5042,451871,147545,716546,147538,716545,4890,451864,4751,33154,2759,131567
Penicillium_salamii	1612424	1612424,5073,1131492,5042,451871,147545,716546,147538,716545,4890,451864,4751,33154,2759,131567
Penicillium_samsonianum	1882272	1882272,5073,1131492,5042,451871,147545,716546,147538,716545,4890,451864,4751,33154,2759,131567
Penicillium_solitum	60172	60172,5073,1131492,5042,451871,147545,716546,147538,716545,4890,451864,4751,33154,2759,131567
Penicillium_soppii	69789	69789,5073,1131492,5042,451871,147545,716546,147538,716545,4890,451864,4751,33154,2759,131567
Penicillium_subrubescens	1316194	1316194,5073,1131492,5042,451871,147545,716546,147538,716545,4890,451864,4751,33154,2759,131567
Penicillium_tannophilum	2972123	2972123,5073,1131492,5042,451871,147545,716546,147538,716545,4890,451864,4751,33154,2759,131567
Penicillium_taxi	168475	168475,5073,1131492,5042,451871,147545,716546,147538,716545,4890,451864,4751,33154,2759,131567
Penicillium_thymicola	293382	293382,5073,1131492,5042,451871,147545,716546,147538,716545,4890,451864,4751,33154,2759,131567
Penicillium_ucsense	2839758	2839758,5073,1131492,5042,451871,147545,716546,147538,716545,4890,451864,4751,33154,2759,131567
Penicillium_verhagenii	1562060	1562060,5073,1131492,5042,451871,147545,716546,147538,716545,4890,451864,4751,33154,2759,131567
Penicillium_verrucosum	60171	60171,5073,1131492,5042,451871,147545,716546,147538,716545,4890,451864,4751,33154,2759,131567
Penicillium_viridicatum	60134	60134,5073,1131492,5042,451871,147545,716546,147538,716545,4890,451864,4751,33154,2759,131567
Penicillium_vulpinum	29845	29845,5073,1131492,5042,451871,147545,716546,147538,716545,4890,451864,4751,33154,2759,131567
Penicillium_waksmanii	69791	69791,5073,1131492,5042,451871,147545,716546,147538,716545,4890,451864,4751,33154,2759,131567
Penstemon_davidsonii	160366	160366,69923,216803,156152,4143,91888,71274,1437201,91827,71240,1437183,3398,58024,78536,58023,3193,131221,35493,33090,2759,131567
Penstemon_smallii	265156	265156,69923,216803,156152,4143,91888,71274,1437201,91827,71240,1437183,3398,58024,78536,58023,3193,131221,35493,33090,2759,131567
Periconia_digitata	1303443	1303443,97971,1898439,1255046,92860,451868,147541,715962,716546,147538,716545,4890,451864,4751,33154,2759,131567
Periconia_macrospinosa	97972	97972,97971,1898439,1255046,92860,451868,147541,715962,716546,147538,716545,4890,451864,4751,33154,2759,131567
Perinereis_aibuhitensis	126650	126650,6354,39820,6348,105390,6341,6340,1206795,2697495,33317,33213,6072,33208,33154,2759,131567
Periophthalmus_magnuspinnatus	409849	409849,86204,497678,8220,8219,1489878,1489875,1489872,123369,123368,123367,123366,123365,1489388,186625,1489341,32443,41665,186623,7898,117571,117570,7776,7742,89593,7711,33511,33213,6072,33208,33154,2759,131567
Peripatidae_sp._Panama_MCZ_IZ_141128_/_Epiperipatus_bernali	2806636	2806636,1454752,27564,2082882,2082881,27563,88770,1206794,33317,33213,6072,33208,33154,2759,131567
Peripatopsis_bolandi	2448286	2448286,88307,27567,2082882,2082881,27563,88770,1206794,33317,33213,6072,33208,33154,2759,131567
Peripatus_(Epiperipatus)_solorzanoi	1633879	1633879,109758,27564,2082882,2082881,27563,88770,1206794,33317,33213,6072,33208,33154,2759,131567
Periplaneta_americana	6978	6978,6977,77099,6974,1049657,85823,6970,33341,33340,7496,85512,50557,6960,3701030,3701028,197562,197563,6656,88770,1206794,33317,33213,6072,33208,33154,2759,131567
Perkinsus_chesapeaki	330153	330153,28000,27999,27998,27997,2497438,33630,2698737,2759,131567
Perkinsus_marinus_ATCC_50983	423536	423536,31276,28000,27999,27998,27997,2497438,33630,2698737,2759,131567
Perkinsus_olseni	32597	32597,28000,27999,27998,27997,2497438,33630,2698737,2759,131567
Peronosclerospora_sorghi	230839	230839,230838,4777,4776,3418804,4762,33634,2698737,2759,131567
Peronospora_belbahrii	622444	622444,70742,4777,4776,3418804,4762,33634,2698737,2759,131567
Peronospora_effusa	542832	542832,70742,4777,4776,3418804,4762,33634,2698737,2759,131567
Peronospora_farinosa	134698	134698,70742,4777,4776,3418804,4762,33634,2698737,2759,131567
Persea_americana	3435	3435,3434,3433,3432,232347,1437183,3398,58024,78536,58023,3193,131221,35493,33090,2759,131567
Pestalotiopsis_fici_W106-1	1229662	1229662,393283,37840,1812776,3402561,222545,147550,715989,716546,147538,716545,4890,451864,4751,33154,2759,131567
Pestalotiopsis_fici_W1061	1229662	1229662,393283,37840,1812776,3402561,222545,147550,715989,716546,147538,716545,4890,451864,4751,33154,2759,131567
Petrobunus_schwendingeri	1007617	1007617,1277273,1277271,101153,3053344,43288,101165,43271,6854,6843,6656,88770,1206794,33317,33213,6072,33208,33154,2759,131567
Petrolisthes_lamarckii	2545256	2545256,84661,84660,115588,6738,6692,6683,3701045,72041,6681,3701029,3701028,197562,197563,6656,88770,1206794,33317,33213,6072,33208,33154,2759,131567
Petromyzon_marinus	7757	7757,7756,7746,7745,117569,1476529,7742,89593,7711,33511,33213,6072,33208,33154,2759,131567
Petunia_x_hybrida	4102	4102,4101,424555,4070,4069,91888,71274,1437201,91827,71240,1437183,3398,58024,78536,58023,3193,131221,35493,33090,2759,131567
Peziza_echinospora	61495	61495,40593,5186,5185,147549,147538,716545,4890,451864,4751,33154,2759,131567
Phaeoacremonium_minimum_UCRPA7	1286976	1286976,223192,65412,1756146,1775898,222544,147550,715989,716546,147538,716545,4890,451864,4751,33154,2759,131567
Phaeoceros_carolinianus	185665	185665,87755,400692,400691,405586,402688,13809,3193,131221,35493,33090,2759,131567
Phaeodactylum_tricornutum_CCAP_1055/1	556484	556484,2850,2849,432548,3720092,216751,33850,33849,2836,2696291,33634,2698737,2759,131567
Phaeomegaceros_chiloensis	249525	249525,402702,405589,400690,400689,405587,402688,13809,3193,131221,35493,33090,2759,131567
Phaeomoniella_chlamydospora	158046	158046,158045,2231493,1618100,451870,147545,716546,147538,716545,4890,451864,4751,33154,2759,131567
Phaeothamnion_confervicola	77034	77034,77033,77031,77029,82162,569578,2696291,33634,2698737,2759,131567
Phagocata_gracilis	1354672	1354672,27899,27896,1292248,1292243,6159,147100,6157,1206795,2697495,33317,33213,6072,33208,33154,2759,131567
Phagocata_morgani	1820202	1820202,27899,27896,1292248,1292243,6159,147100,6157,1206795,2697495,33317,33213,6072,33208,33154,2759,131567
Phagocata_velata	1969971	1969971,27899,27896,1292248,1292243,6159,147100,6157,1206795,2697495,33317,33213,6072,33208,33154,2759,131567
Phagodrilus_sp._DSW-2020	2705235	2705235,2636672,2507476,77569,85671,6381,42113,6340,1206795,2697495,33317,33213,6072,33208,33154,2759,131567
Phalaenopsis_equestris	78828	78828,36459,158424,158397,158332,4747,73496,1437197,4447,1437183,3398,58024,78536,58023,3193,131221,35493,33090,2759,131567
Phalangium_opilio	118624	118624,118623,121215,101160,101159,43278,101165,43271,6854,6843,6656,88770,1206794,33317,33213,6072,33208,33154,2759,131567
Phallomedusa_solida	929610	929610,929607,929605,216439,977775,216307,216305,6448,6447,1206795,2697495,33317,33213,6072,33208,33154,2759,131567
Phanerochaete_carnosa_HHB-10118-sp	650164	650164,231932,5305,396331,5303,355688,155619,5302,5204,451864,4751,33154,2759,131567
Phanerochaete_carnosa_HHB10118sp	650164	650164,231932,5305,396331,5303,355688,155619,5302,5204,451864,4751,33154,2759,131567
Phanerochaete_sordida	48140	48140,5305,396331,5303,355688,155619,5302,5204,451864,4751,33154,2759,131567
Phascolomyces_articulosus	60185	60185,60184,499202,4827,2212703,451507,1913637,112252,4751,33154,2759,131567
Phascolopsis_gouldii	6442	6442,6441,6440,792580,216208,6433,6340,1206795,2697495,33317,33213,6072,33208,33154,2759,131567
Phascolosoma_agassizii	360543	360543,41796,41795,216210,216209,6433,6340,1206795,2697495,33317,33213,6072,33208,33154,2759,131567
Phascolosoma_granulatum	41797	41797,41796,41795,216210,216209,6433,6340,1206795,2697495,33317,33213,6072,33208,33154,2759,131567
Phaseolus_coccineus	3886	3886,3883,163735,2233855,2231382,2231393,3814,3803,72025,91835,71275,1437201,91827,71240,1437183,3398,58024,78536,58023,3193,131221,35493,33090,2759,131567
Phaseolus_vulgaris	3885	3885,3883,163735,2233855,2231382,2231393,3814,3803,72025,91835,71275,1437201,91827,71240,1437183,3398,58024,78536,58023,3193,131221,35493,33090,2759,131567
Phasianella_ventricosa	335755	335755,335752,1756886,216285,2315720,216275,6448,6447,1206795,2697495,33317,33213,6072,33208,33154,2759,131567
Phellinidium_pouzarii	167371	167371,218112,40424,139380,355688,155619,5302,5204,451864,4751,33154,2759,131567
Phellopilus_nigrolimitatus	127956	127956,218113,40424,139380,355688,155619,5302,5204,451864,4751,33154,2759,131567
Phenoliferia_psychrophenolica	418498	418498,1799530,1298591,1298590,162481,29000,5204,451864,4751,33154,2759,131567
Phialemonium_atrogriseum	1093897	1093897,83822,95343,3036495,222544,147550,715989,716546,147538,716545,4890,451864,4751,33154,2759,131567
Phialemonium_thermophilum	223376	223376,83822,95343,3036495,222544,147550,715989,716546,147538,716545,4890,451864,4751,33154,2759,131567
Phialocephala_subalpina	576137	576137,576134,150173,2755564,5178,147548,715989,716546,147538,716545,4890,451864,4751,33154,2759,131567
Phialophora_macrospora	1851006	1851006,5600,43219,34395,451870,147545,716546,147538,716545,4890,451864,4751,33154,2759,131567
Phlebia_brevispora	194682	194682,3817995,81064,5303,355688,155619,5302,5204,451864,4751,33154,2759,131567
Phlebiopsis_gigantea_11061_1_CR5-6	745531	745531,82310,82309,396331,5303,355688,155619,5302,5204,451864,4751,33154,2759,131567
Phlebiopsis_gigantea_11061_1_CR56	745531	745531,82310,82309,396331,5303,355688,155619,5302,5204,451864,4751,33154,2759,131567
Phlegmacium_glaucopus	171480	171480,2339270,34450,2982305,5338,452333,155619,5302,5204,451864,4751,33154,2759,131567
Phlomoides_rotata	572115	572115,1006602,983536,216703,4136,4143,91888,71274,1437201,91827,71240,1437183,3398,58024,78536,58023,3193,131221,35493,33090,2759,131567
Phlyctema_vagabunda	108571	108571,1351819,76657,5178,147548,715989,716546,147538,716545,4890,451864,4751,33154,2759,131567
Phlyctochytrium_arcticum	1117335	1117335,4819,4812,4810,451435,3705883,4761,3705317,112252,4751,33154,2759,131567
Phlyctochytrium_bullatum	1352834	1352834,4819,4812,4810,451435,3705883,4761,3705317,112252,4751,33154,2759,131567
Phlyctochytrium_planicorne	261098	261098,4819,4812,4810,451435,3705883,4761,3705317,112252,4751,33154,2759,131567
Phoenix_dactylifera	42345	42345,4719,169748,169700,4710,40551,4734,1437197,4447,1437183,3398,58024,78536,58023,3193,131221,35493,33090,2759,131567
Pholcus_manueli	393849	393849,6931,6930,2746568,74970,6905,6893,6854,6843,6656,88770,1206794,33317,33213,6072,33208,33154,2759,131567
Pholiota_conissans	109636	109636,13205,40562,2982305,5338,452333,155619,5302,5204,451864,4751,33154,2759,131567
Pholiota_molesta	2066989	2066989,13205,40562,2982305,5338,452333,155619,5302,5204,451864,4751,33154,2759,131567
Pholoe_baltica	318818	318818,222012,222011,6348,105390,6341,6340,1206795,2697495,33317,33213,6072,33208,33154,2759,131567
Phorcus_turbinatus	43341	43341,1093071,1955429,6466,216285,2315720,216275,6448,6447,1206795,2697495,33317,33213,6072,33208,33154,2759,131567
Phoronis_australis	115415	115415,33504,2899602,120557,1206795,2697495,33317,33213,6072,33208,33154,2759,131567
Phoronis_ijimai	672013	672013,33504,2899602,120557,1206795,2697495,33317,33213,6072,33208,33154,2759,131567
Phoronis_psammophila	67897	67897,33504,2899602,120557,1206795,2697495,33317,33213,6072,33208,33154,2759,131567
Phoronopsis_harmeri	490051	490051,120318,2899602,120557,1206795,2697495,33317,33213,6072,33208,33154,2759,131567
Photeros_annecohenae	2696923	2696923,2666291,6672,84323,84322,6671,6670,2172819,197562,197563,6656,88770,1206794,33317,33213,6072,33208,33154,2759,131567
Photinus_pyralis	7054	7054,7053,433514,7049,71193,41087,41084,7041,3701064,3701062,33392,3701061,33340,7496,85512,50557,6960,3701030,3701028,197562,197563,6656,88770,1206794,33317,33213,6072,33208,33154,2759,131567
Phoxichilidium_cf._femoratum_JB-2020	2792819	2792819,373305,88311,3712575,3712569,373319,57294,6843,6656,88770,1206794,33317,33213,6072,33208,33154,2759,131567
Phragmites_australis	29695	29695,15745,2949676,1648043,156631,147370,4479,38820,4734,1437197,4447,1437183,3398,58024,78536,58023,3193,131221,35493,33090,2759,131567
Phreodrilidae_sp._A_DSW-2020	2705236	2705236,1531452,188216,6383,2937015,6381,42113,6340,1206795,2697495,33317,33213,6072,33208,33154,2759,131567
Phreodrilidae_sp._C_DSW-2020	2705238	2705238,1531452,188216,6383,2937015,6381,42113,6340,1206795,2697495,33317,33213,6072,33208,33154,2759,131567
Phrynus_marginemaculatus	118542	118542,118541,118531,61977,6854,6843,6656,88770,1206794,33317,33213,6072,33208,33154,2759,131567
Phtheirospermum_japonicum	374723	374723,326854,216775,91896,4143,91888,71274,1437201,91827,71240,1437183,3398,58024,78536,58023,3193,131221,35493,33090,2759,131567
Phycomyces_blakesleeanus_NRRL_1555(-)	763407	763407,4837,4836,1344966,4827,2212703,451507,1913637,112252,4751,33154,2759,131567
Phyllachora_maydis	1825666	1825666,54961,5136,5135,222544,147550,715989,716546,147538,716545,4890,451864,4751,33154,2759,131567
Phylliroe_bucephala	1903125	1903125,1903124,1903123,797204,1707744,70849,680346,216307,216305,6448,6447,1206795,2697495,33317,33213,6072,33208,33154,2759,131567
Phylliscum_demangeonii	318774	318774,318744,3390852,291611,315355,716546,147538,716545,4890,451864,4751,33154,2759,131567
Phyllochaetopterus_sp._KMH-2014	1490214	1490214,2606734,315403,6378,105389,6341,6340,1206795,2697495,33317,33213,6072,33208,33154,2759,131567
Phyllodoce_medipapillata	868040	868040,222014,195257,6348,105390,6341,6340,1206795,2697495,33317,33213,6072,33208,33154,2759,131567
Phyllostachys_edulis	38705	38705,15747,1648003,1149709,1648034,147366,359160,4479,38820,4734,1437197,4447,1437183,3398,58024,78536,58023,3193,131221,35493,33090,2759,131567
Phyllosticta_capitalensis	121624	121624,121621,1424649,451869,159987,147541,715962,716546,147538,716545,4890,451864,4751,33154,2759,131567
Phyllosticta_citriasiana	595635	595635,121621,1424649,451869,159987,147541,715962,716546,147538,716545,4890,451864,4751,33154,2759,131567
Phyllosticta_citribraziliensis	989973	989973,121621,1424649,451869,159987,147541,715962,716546,147538,716545,4890,451864,4751,33154,2759,131567
Phyllosticta_citricarpa	55181	55181,121621,1424649,451869,159987,147541,715962,716546,147538,716545,4890,451864,4751,33154,2759,131567
Phyllosticta_citrichinensis	1130410	1130410,121621,1424649,451869,159987,147541,715962,716546,147538,716545,4890,451864,4751,33154,2759,131567
Phyllosticta_paracitricarpa	2016321	2016321,121621,1424649,451869,159987,147541,715962,716546,147538,716545,4890,451864,4751,33154,2759,131567
Phymatoceros_phymatodes	405425	405425,358045,400694,400693,405587,402688,13809,3193,131221,35493,33090,2759,131567
Physcia_stellaris	116821	116821,50935,50934,1302181,388435,1520881,147547,716546,147538,716545,4890,451864,4751,33154,2759,131567
Physcomitrium_patens	3218	3218,37414,3216,3215,114656,3214,404260,3208,3193,131221,35493,33090,2759,131567
Physella_acuta	109671	109671,175859,109669,216441,977779,977775,216307,216305,6448,6447,1206795,2697495,33317,33213,6072,33208,33154,2759,131567
Physocladia_obscura	109957	109957,109956,1352827,4810,451435,3705883,4761,3705317,112252,4751,33154,2759,131567
Phytophthora_aleatoria	2496075	2496075,4783,4777,4776,3418804,4762,33634,2698737,2759,131567
Phytophthora_cinnamomi	4785	4785,4783,4777,4776,3418804,4762,33634,2698737,2759,131567
Phytophthora_citrophthora	4793	4793,4783,4777,4776,3418804,4762,33634,2698737,2759,131567
Phytophthora_fragariaefolia	1490495	1490495,4783,4777,4776,3418804,4762,33634,2698737,2759,131567
Phytophthora_idaei	53986	53986,4783,4777,4776,3418804,4762,33634,2698737,2759,131567
Phytophthora_infestans_T30-4	403677	403677,4787,4783,4777,4776,3418804,4762,33634,2698737,2759,131567
Phytophthora_infestans_T304	403677	403677,4787,4783,4777,4776,3418804,4762,33634,2698737,2759,131567
Phytophthora_lilii	2077276	2077276,4783,4777,4776,3418804,4762,33634,2698737,2759,131567
Phytophthora_megakarya	4795	4795,4783,4777,4776,3418804,4762,33634,2698737,2759,131567
Phytophthora_nicotianae_INRA-310	761204	761204,4792,4783,4777,4776,3418804,4762,33634,2698737,2759,131567
Phytophthora_nicotianae_INRA310	761204	761204,4792,4783,4777,4776,3418804,4762,33634,2698737,2759,131567
Phytophthora_oleae	2107226	2107226,4783,4777,4776,3418804,4762,33634,2698737,2759,131567
Phytophthora_pseudosyringae	221518	221518,4783,4777,4776,3418804,4762,33634,2698737,2759,131567
Phytophthora_ramorum	164328	164328,4783,4777,4776,3418804,4762,33634,2698737,2759,131567
Phytophthora_sojae	67593	67593,4783,4777,4776,3418804,4762,33634,2698737,2759,131567
Piccolia_ochrophora	2939412	2939412,2939411,2302851,716546,147538,716545,4890,451864,4751,33154,2759,131567
Pichia_inconspicua	52247	52247,4919,1156497,3243775,3239874,147537,716545,4890,451864,4751,33154,2759,131567
Pichia_kudriavzevii	4909	4909,4919,1156497,3243775,3239874,147537,716545,4890,451864,4751,33154,2759,131567
Pichia_membranifaciens_NRRL_Y-2026	763406	763406,4926,4919,1156497,3243775,3239874,147537,716545,4890,451864,4751,33154,2759,131567
Pichia_membranifaciens_NRRL_Y2026	763406	763406,4926,4919,1156497,3243775,3239874,147537,716545,4890,451864,4751,33154,2759,131567
Picomonas_judraskeda	1315715	1315715,1315712,1315717,1315716,1315720,419944,2683617,2759,131567
Picozoa_sp_Boothbay-MS584-11	2316534	2316534,1315711,419944,2683617,2759,131567
Picozoa_sp_COSAG01	2316534	2316534,1315711,419944,2683617,2759,131567
Picozoa_sp_COSAG02	2316534	2316534,1315711,419944,2683617,2759,131567
Picozoa_sp_COSAG04	2316534	2316534,1315711,419944,2683617,2759,131567
Picozoa_sp_COSAG05	2316534	2316534,1315711,419944,2683617,2759,131567
Picozoa_sp_COSAG06	2316534	2316534,1315711,419944,2683617,2759,131567
Picozoa_sp_SAG11	2316534	2316534,1315711,419944,2683617,2759,131567
Picozoa_sp_SAG22	2316534	2316534,1315711,419944,2683617,2759,131567
Picozoa_sp_SAG25	2316534	2316534,1315711,419944,2683617,2759,131567
Picozoa_sp_SAG31	2316534	2316534,1315711,419944,2683617,2759,131567
Piedraia_hortae_CBS_480.64	1314780	1314780,147573,147572,147571,134362,451867,147541,715962,716546,147538,716545,4890,451864,4751,33154,2759,131567
Pigoraptor_chileana	2006546	2006546,2018063,2687318,33154,2759,131567
Pigoraptor_vietnamica	2006545	2006545,2018063,2687318,33154,2759,131567
Pilaira_anomala	64641	64641,64640,34489,1344963,4827,2212703,451507,1913637,112252,4751,33154,2759,131567
Pilargis_verrucosa	1818081	1818081,1818080,115837,6348,105390,6341,6340,1206795,2697495,33317,33213,6072,33208,33154,2759,131567
Pilatotrama_ljubarskyi	2735509	2735509,2735506,5317,5303,355688,155619,5302,5204,451864,4751,33154,2759,131567
Pilobolus_umbonatus	101123	101123,81945,70409,1344963,4827,2212703,451507,1913637,112252,4751,33154,2759,131567
Piloderma_croceum_F_1598	765440	765440,80663,80662,80628,452334,452333,155619,5302,5204,451864,4751,33154,2759,131567
Pinus_longaeva	3344	3344,139272,3337,3318,1446380,2821352,3313,58019,1437180,58024,78536,58023,3193,131221,35493,33090,2759,131567
Pinus_taeda	3352	3352,139271,3337,3318,1446380,2821352,3313,58019,1437180,58024,78536,58023,3193,131221,35493,33090,2759,131567
Piper_nigrum	13216	13216,13215,16739,16736,232347,1437183,3398,58024,78536,58023,3193,131221,35493,33090,2759,131567
Piptocephalis_cylindrospora	1907219	1907219,78916,78903,78899,2233521,451827,1913638,112252,4751,33154,2759,131567
Piptocephalis_tieghemiana	1286916	1286916,78916,78903,78899,2233521,451827,1913638,112252,4751,33154,2759,131567
Piromyces_finnis	1754191	1754191,4821,29007,29006,451455,451456,3705317,112252,4751,33154,2759,131567
Pirum_gemmata	749231	749231,1292363,127916,33154,2759,131567
Pisolithus_albus	178870	178870,37467,227329,227327,68889,452333,155619,5302,5204,451864,4751,33154,2759,131567
Pisolithus_croceorrhizus	2060934	2060934,37467,227329,227327,68889,452333,155619,5302,5204,451864,4751,33154,2759,131567
Pisolithus_marmoratus	178871	178871,37467,227329,227327,68889,452333,155619,5302,5204,451864,4751,33154,2759,131567
Pisolithus_microcarpus	178872	178872,37467,227329,227327,68889,452333,155619,5302,5204,451864,4751,33154,2759,131567
Pisolithus_orientalis	936130	936130,37467,227329,227327,68889,452333,155619,5302,5204,451864,4751,33154,2759,131567
Pisolithus_thermaeus	2136032	2136032,37467,227329,227327,68889,452333,155619,5302,5204,451864,4751,33154,2759,131567
Pisolithus_tinctorius	37468	37468,37467,227329,227327,68889,452333,155619,5302,5204,451864,4751,33154,2759,131567
Pistacia_atlantica	434234	434234,55512,4011,41937,91836,71275,1437201,91827,71240,1437183,3398,58024,78536,58023,3193,131221,35493,33090,2759,131567
Pistacia_integerrima	434235	434235,55512,4011,41937,91836,71275,1437201,91827,71240,1437183,3398,58024,78536,58023,3193,131221,35493,33090,2759,131567
Pistacia_vera	55513	55513,55512,4011,41937,91836,71275,1437201,91827,71240,1437183,3398,58024,78536,58023,3193,131221,35493,33090,2759,131567
Pisum_sativum	3888	3888,3853,163743,2233839,2233838,2231382,2231393,3814,3803,72025,91835,71275,1437201,91827,71240,1437183,3398,58024,78536,58023,3193,131221,35493,33090,2759,131567
Placida_kingstoni	749936	749936,71496,71495,216320,71490,977775,216307,216305,6448,6447,1206795,2697495,33317,33213,6072,33208,33154,2759,131567
Plagusia_squamosa	157785	157785,106759,106817,29962,116707,116704,6752,6692,6683,3701045,72041,6681,3701029,3701028,197562,197563,6656,88770,1206794,33317,33213,6072,33208,33154,2759,131567
Plakobranchus_ianthobapsus	2050001	2050001,259541,71492,71491,71490,977775,216307,216305,6448,6447,1206795,2697495,33317,33213,6072,33208,33154,2759,131567
Planaria_torva	2066000	2066000,1292361,27896,1292248,1292243,6159,147100,6157,1206795,2697495,33317,33213,6072,33208,33154,2759,131567
Plasmodiophora_brassicae	37360	37360,37359,37358,37357,2779609,2604748,543769,2698737,2759,131567
Plasmodium_adleri_(nom._inval.)	880535	880535,418107,5820,1639119,5819,422676,5794,33630,2698737,2759,131567
Plasmodium_berghei_ANKA	5823	5823,5821,418101,5820,1639119,5819,422676,5794,33630,2698737,2759,131567
Plasmodium_blacklocki_(nom._inval.)	880536	880536,418107,5820,1639119,5819,422676,5794,33630,2698737,2759,131567
Plasmodium_brasilianum	5824	5824,418103,5820,1639119,5819,422676,5794,33630,2698737,2759,131567
Plasmodium_chabaudi_chabaudi	31271	31271,5825,418101,5820,1639119,5819,422676,5794,33630,2698737,2759,131567
Plasmodium_coatneyi	208452	208452,3699347,5820,1639119,5819,422676,5794,33630,2698737,2759,131567
Plasmodium_cynomolgi_strain_B	1120755	1120755,5827,418103,5820,1639119,5819,422676,5794,33630,2698737,2759,131567
Plasmodium_falciparum_3D7	36329	36329,5833,418107,5820,1639119,5819,422676,5794,33630,2698737,2759,131567
Plasmodium_fragile	5857	5857,418103,5820,1639119,5819,422676,5794,33630,2698737,2759,131567
Plasmodium_gaboni	647221	647221,418107,5820,1639119,5819,422676,5794,33630,2698737,2759,131567
Plasmodium_gallinaceum	5849	5849,418104,5820,1639119,5819,422676,5794,33630,2698737,2759,131567
Plasmodium_gonderi	77519	77519,418103,5820,1639119,5819,422676,5794,33630,2698737,2759,131567
Plasmodium_inui_San_Antonio_1	1237626	1237626,52288,418103,5820,1639119,5819,422676,5794,33630,2698737,2759,131567
Plasmodium_knowlesi_strain_H	5851	5851,5850,418103,5820,1639119,5819,422676,5794,33630,2698737,2759,131567
Plasmodium_malariae	5858	5858,418103,5820,1639119,5819,422676,5794,33630,2698737,2759,131567
Plasmodium_reichenowi	5854	5854,418107,5820,1639119,5819,422676,5794,33630,2698737,2759,131567
Plasmodium_relictum	85471	85471,418104,5820,1639119,5819,422676,5794,33630,2698737,2759,131567
Plasmodium_vinckei_vinckei	54757	54757,5860,418101,5820,1639119,5819,422676,5794,33630,2698737,2759,131567
Plasmodium_vivax	5855	5855,418103,5820,1639119,5819,422676,5794,33630,2698737,2759,131567
Plasmodium_yoelii	5861	5861,418101,5820,1639119,5819,422676,5794,33630,2698737,2759,131567
Plasmopara_halstedii	4781	4781,4780,4777,4776,3418804,4762,33634,2698737,2759,131567
Platanthera_guangdongensis	2320717	2320717,59352,158366,158345,158331,4747,73496,1437197,4447,1437183,3398,58024,78536,58023,3193,131221,35493,33090,2759,131567
Platanthera_zijinensis	2320716	2320716,59352,158366,158345,158331,4747,73496,1437197,4447,1437183,3398,58024,78536,58023,3193,131221,35493,33090,2759,131567
Platorchestia_sp.	2950139	2950139,2629512,462860,92169,199476,1732206,1732196,6821,6820,72041,6681,3701029,3701028,197562,197563,6656,88770,1206794,33317,33213,6072,33208,33154,2759,131567
Platynereis_dumerilii	6359	6359,6358,39820,6348,105390,6341,6340,1206795,2697495,33317,33213,6072,33208,33154,2759,131567
Platynothrus_peltifer	128015	128015,128014,128013,66593,229891,66551,83137,6946,6933,6854,6843,6656,88770,1206794,33317,33213,6072,33208,33154,2759,131567
Plectosphaerella_cucumerina	40658	40658,40657,1033978,1028384,222543,147550,715989,716546,147538,716545,4890,451864,4751,33154,2759,131567
Plectosphaerella_plurivora	936078	936078,40657,1033978,1028384,222543,147550,715989,716546,147538,716545,4890,451864,4751,33154,2759,131567
Plectotropis_quelpartensis	1399213	1399213,1548205,83226,87864,216366,6527,120490,977775,216307,216305,6448,6447,1206795,2697495,33317,33213,6072,33208,33154,2759,131567
Plectranthus_ornatus	2171726	2171726,41227,2836346,216719,216706,4136,4143,91888,71274,1437201,91827,71240,1437183,3398,58024,78536,58023,3193,131221,35493,33090,2759,131567
Plectus_sambesii	2011161	2011161,49353,114910,211401,2301114,2044973,119089,6231,1206794,33317,33213,6072,33208,33154,2759,131567
Plenodomus_biglobosus	220672	220672,220671,118259,34374,715340,92860,451868,147541,715962,716546,147538,716545,4890,451864,4751,33154,2759,131567
Plenodomus_lindquistii	301713	301713,118259,34374,715340,92860,451868,147541,715962,716546,147538,716545,4890,451864,4751,33154,2759,131567
Plenodomus_lingam	5022	5022,220671,118259,34374,715340,92860,451868,147541,715962,716546,147538,716545,4890,451864,4751,33154,2759,131567
Plenodomus_tracheiphilus_IPT5	1408161	1408161,1077377,118259,34374,715340,92860,451868,147541,715962,716546,147538,716545,4890,451864,4751,33154,2759,131567
Pleodorina_starrii	330485	330485,47284,3065,3042,2812636,3166,2692248,3041,33090,2759,131567
Pleomassaria_siparia_CBS_279.74	1314801	1314801,100044,100043,85915,92860,451868,147541,715962,716546,147538,716545,4890,451864,4751,33154,2759,131567
Pleomothra_apletocheles	588424	588424,588421,588419,116564,84343,3701030,3701028,197562,197563,6656,88770,1206794,33317,33213,6072,33208,33154,2759,131567
Pleopsidium_flavum	318763	318763,247143,88746,157821,388282,147547,716546,147538,716545,4890,451864,4751,33154,2759,131567
Plethodon_cinereus	141976	141976,8335,269181,8332,30367,8293,41666,8292,32523,1338369,8287,117571,117570,7776,7742,89593,7711,33511,33213,6072,33208,33154,2759,131567
Pleurobranchaea_californica	404816	404816,252551,71291,216325,2340904,680346,216307,216305,6448,6447,1206795,2697495,33317,33213,6072,33208,33154,2759,131567
Pleurostoma_richardsiae	41990	41990,308472,1775896,93808,222544,147550,715989,716546,147538,716545,4890,451864,4751,33154,2759,131567
Pleurotus_cornucopiae	5321	5321,5320,104366,2983527,5338,452333,155619,5302,5204,451864,4751,33154,2759,131567
Pleurotus_djamor	34470	34470,5320,104366,2983527,5338,452333,155619,5302,5204,451864,4751,33154,2759,131567
Pleurotus_ostreatus	5322	5322,5320,104366,2983527,5338,452333,155619,5302,5204,451864,4751,33154,2759,131567
Pleurotus_pulmonarius	28995	28995,5320,104366,2983527,5338,452333,155619,5302,5204,451864,4751,33154,2759,131567
Plicaturopsis_crispa_FD-325_SS-3	944288	944288,2831993,2081364,721957,721947,452333,155619,5302,5204,451864,4751,33154,2759,131567
Plicaturopsis_crispa_FD325_SS3	944288	944288,2831993,2081364,721957,721947,452333,155619,5302,5204,451864,4751,33154,2759,131567
Pluteus_cervinus	181527	181527,68743,36657,2982306,5338,452333,155619,5302,5204,451864,4751,33154,2759,131567
Pneumocystis_canis	2698477	2698477,4753,44281,37987,147553,451866,4890,451864,4751,33154,2759,131567
Pneumocystis_carinii_B80	1408658	1408658,4754,4753,44281,37987,147553,451866,4890,451864,4751,33154,2759,131567
Pneumocystis_jirovecii_RU7	1408657	1408657,42068,4753,44281,37987,147553,451866,4890,451864,4751,33154,2759,131567
Pneumocystis_murina_B123	1069680	1069680,263815,4753,44281,37987,147553,451866,4890,451864,4751,33154,2759,131567
Pneumocystis_oryctolagi	42067	42067,4753,44281,37987,147553,451866,4890,451864,4751,33154,2759,131567
Pneumocystis_wakefieldiae	38082	38082,4753,44281,37987,147553,451866,4890,451864,4751,33154,2759,131567
Pochonia_chlamydosporia_170	1380566	1380566,280754,243023,34397,5125,222543,147550,715989,716546,147538,716545,4890,451864,4751,33154,2759,131567
Podarcis_muralis	64176	64176,42163,162266,8522,1329975,1329976,1329912,1329950,1329961,8509,8504,32561,8457,32524,32523,1338369,8287,117571,117570,7776,7742,89593,7711,33511,33213,6072,33208,33154,2759,131567
Podila_clonocystis	979688	979688,2779937,4854,214503,2212732,1137986,3705878,112252,4751,33154,2759,131567
Podila_epicladia	979697	979697,2779937,4854,214503,2212732,1137986,3705878,112252,4751,33154,2759,131567
Podila_epigama	979699	979699,2779937,4854,214503,2212732,1137986,3705878,112252,4751,33154,2759,131567
Podila_horticola	311239	311239,2779937,4854,214503,2212732,1137986,3705878,112252,4751,33154,2759,131567
Podila_humilis	64523	64523,2779937,4854,214503,2212732,1137986,3705878,112252,4751,33154,2759,131567
Podila_minutissima	64525	64525,2779937,4854,214503,2212732,1137986,3705878,112252,4751,33154,2759,131567
Podila_verticillata_NRRL_6337	1069443	1069443,78898,2779937,4854,214503,2212732,1137986,3705878,112252,4751,33154,2759,131567
Podosphaera_leucotricha	79249	79249,62701,34371,5178,147548,715989,716546,147538,716545,4890,451864,4751,33154,2759,131567
Podospora_anserina_S_mat+	515849	515849,2587412,5144,2609812,5139,222544,147550,715989,716546,147538,716545,4890,451864,4751,33154,2759,131567
Podospora_appendiculata	314037	314037,5144,2609812,5139,222544,147550,715989,716546,147538,716545,4890,451864,4751,33154,2759,131567
Podospora_australis	1536484	1536484,5144,2609812,5139,222544,147550,715989,716546,147538,716545,4890,451864,4751,33154,2759,131567
Podospora_bellae-mahoneyi	2093777	2093777,5144,2609812,5139,222544,147550,715989,716546,147538,716545,4890,451864,4751,33154,2759,131567
Podospora_bellaemahoneyi	2093777	2093777,5144,2609812,5139,222544,147550,715989,716546,147538,716545,4890,451864,4751,33154,2759,131567
Podospora_conica	261694	261694,5144,2609812,5139,222544,147550,715989,716546,147538,716545,4890,451864,4751,33154,2759,131567
Podospora_didyma	330526	330526,5144,2609812,5139,222544,147550,715989,716546,147538,716545,4890,451864,4751,33154,2759,131567
Podospora_fimiseda	252190	252190,5144,2609812,5139,222544,147550,715989,716546,147538,716545,4890,451864,4751,33154,2759,131567
Podospora_pseudoanserina	2609844	2609844,5144,2609812,5139,222544,147550,715989,716546,147538,716545,4890,451864,4751,33154,2759,131567
Podospora_pseudocomata	2093779	2093779,5144,2609812,5139,222544,147550,715989,716546,147538,716545,4890,451864,4751,33154,2759,131567
Podospora_pseudopauciseta	2093780	2093780,5144,2609812,5139,222544,147550,715989,716546,147538,716545,4890,451864,4751,33154,2759,131567
Pogonognathellus_sp._AD-2013	1323567	1323567,2624057,511699,79716,1410427,730330,30001,6960,3701030,3701028,197562,197563,6656,88770,1206794,33317,33213,6072,33208,33154,2759,131567
Polarella_glacialis	89957	89957,89956,89955,89954,2864,33630,2698737,2759,131567
Pollicipes_pollicipes	41117	41117,36136,629293,2899683,2899756,6676,6675,116172,3701029,3701028,197562,197563,6656,88770,1206794,33317,33213,6072,33208,33154,2759,131567
Polycelis_felina	39785	39785,39784,27896,1292248,1292243,6159,147100,6157,1206795,2697495,33317,33213,6072,33208,33154,2759,131567
Polycelis_nigra	39786	39786,39784,27896,1292248,1292243,6159,147100,6157,1206795,2697495,33317,33213,6072,33208,33154,2759,131567
Polycelis_tenuis	66754	66754,39784,27896,1292248,1292243,6159,147100,6157,1206795,2697495,33317,33213,6072,33208,33154,2759,131567
Polychaeton_citri_CBS_116435	1314669	1314669,705562,705561,62133,134362,451867,147541,715962,716546,147538,716545,4890,451864,4751,33154,2759,131567
Polychytrium_aggregatum	110093	110093,110092,2020371,1134056,451435,3705883,4761,3705317,112252,4751,33154,2759,131567
Polydesmus_complanatus	510027	510027,61983,61982,71419,118561,7553,61985,197563,6656,88770,1206794,33317,33213,6072,33208,33154,2759,131567
Polyodon_spathula	7913	7913,7912,186621,186619,7911,186622,7899,32440,186623,7898,117571,117570,7776,7742,89593,7711,33511,33213,6072,33208,33154,2759,131567
Polyplosphaeria_fusca	682080	682080,714959,714940,92860,451868,147541,715962,716546,147538,716545,4890,451864,4751,33154,2759,131567
Polypterus_senegalus	1819745	1819745,1819744,1819743,33209,2697533,1206795,2697495,33317,33213,6072,33208,33154,2759,131567
Polyrhizophydium_stewartii	2732419	2732419,2996260,1142503,451442,451435,3705883,4761,3705317,112252,4751,33154,2759,131567
Polytolypa_hystricis_UAMH7299	1447883	1447883,221428,221427,1593277,33183,451871,147545,716546,147538,716545,4890,451864,4751,33154,2759,131567
Polytrichastrum_alpinum	129212	129212,129211,3211,3210,113509,404260,3208,3193,131221,35493,33090,2759,131567
Polyxenus_lagurus	52428	52428,52427,52426,52425,118559,7553,61985,197563,6656,88770,1206794,33317,33213,6072,33208,33154,2759,131567
Polyzonium_germanicum	118488	118488,118487,118486,118485,118561,7553,61985,197563,6656,88770,1206794,33317,33213,6072,33208,33154,2759,131567
Pomacea_canaliculata	400727	400727,72702,54973,6475,75116,69555,6448,6447,1206795,2697495,33317,33213,6072,33208,33154,2759,131567
Pomacea_maculata	1245466	1245466,72702,54973,6475,75116,69555,6448,6447,1206795,2697495,33317,33213,6072,33208,33154,2759,131567
Pomatias_elegans	928741	928741,1803858,670063,1663723,75117,75116,69555,6448,6447,1206795,2697495,33317,33213,6072,33208,33154,2759,131567
Pompholyxophrys_punicea	2510583	2510583,2510584,2689232,2686024,33154,2759,131567
Pompholyxophrys_sp_LG126	2511779	2511779,2626519,2510584,2689232,2686024,33154,2759,131567
Pontocypris_avena	509935	509935,509934,182495,182493,84328,84318,43953,6670,2172819,197562,197563,6656,88770,1206794,33317,33213,6072,33208,33154,2759,131567
Pontonema_vulgare	73929	73929,73928,73927,320000,2044736,57287,33218,119088,6231,1206794,33317,33213,6072,33208,33154,2759,131567
Populus_alba	444605	444605,3689,238069,3688,3646,91835,71275,1437201,91827,71240,1437183,3398,58024,78536,58023,3193,131221,35493,33090,2759,131567
Populus_alba_x_Populus_x_berolinensis	444605	444605,3689,238069,3688,3646,91835,71275,1437201,91827,71240,1437183,3398,58024,78536,58023,3193,131221,35493,33090,2759,131567
Populus_euphratica	75702	75702,3689,238069,3688,3646,91835,71275,1437201,91827,71240,1437183,3398,58024,78536,58023,3193,131221,35493,33090,2759,131567
Populus_nigra	3691	3691,3689,238069,3688,3646,91835,71275,1437201,91827,71240,1437183,3398,58024,78536,58023,3193,131221,35493,33090,2759,131567
Populus_tomentosa	118781	118781,3689,238069,3688,3646,91835,71275,1437201,91827,71240,1437183,3398,58024,78536,58023,3193,131221,35493,33090,2759,131567
Populus_trichocarpa	3694	3694,3689,238069,3688,3646,91835,71275,1437201,91827,71240,1437183,3398,58024,78536,58023,3193,131221,35493,33090,2759,131567
Populus_x_canadensis	3690	3690,3689,238069,3688,3646,91835,71275,1437201,91827,71240,1437183,3398,58024,78536,58023,3193,131221,35493,33090,2759,131567
Porcellionides_pruinosus	96870	96870,96868,96867,526418,41116,29979,6820,72041,6681,3701029,3701028,197562,197563,6656,88770,1206794,33317,33213,6072,33208,33154,2759,131567
Poronia_punctata	101475	101475,101474,37990,37989,222545,147550,715989,716546,147538,716545,4890,451864,4751,33154,2759,131567
Porphyra_purpurea	2787	2787,2784,31345,29216,2797,2763,2759,131567
Porphyra_umbilicalis	2786	2786,2784,31345,29216,2797,2763,2759,131567
Porphyridium_aerugineum	2792	2792,2791,2799,2798,2797,2763,2759,131567
Porphyridium_purpureum	35688	35688,2791,2799,2798,2797,2763,2759,131567
Portunus_trituberculatus	210409	210409,80835,600346,6757,6774,116706,116704,6752,6692,6683,3701045,72041,6681,3701029,3701028,197562,197563,6656,88770,1206794,33317,33213,6072,33208,33154,2759,131567
Postia_placenta_MAD-698-R-SB12	670580	670580,104341,2041757,2983338,5303,355688,155619,5302,5204,451864,4751,33154,2759,131567
Postia_placenta_MAD698RSB12	670580	670580,104341,2041757,2983338,5303,355688,155619,5302,5204,451864,4751,33154,2759,131567
Powellomyces_hirtus	109895	109895,109893,1134080,34478,451435,3705883,4761,3705317,112252,4751,33154,2759,131567
Prasinoderma_coloniale	156133	156133,156132,2806172,2806171,2806170,2806169,33090,2759,131567
Priapulus_caudatus	37621	37621,37847,37891,2082909,2082883,33467,1215728,1206794,33317,33213,6072,33208,33154,2759,131567
Priceomyces_carsonii	28549	28549,766759,766764,2916678,3239874,147537,716545,4890,451864,4751,33154,2759,131567
Primulina_eburnea	1245227	1245227,48772,1477611,214607,214597,26122,4143,91888,71274,1437201,91827,71240,1437183,3398,58024,78536,58023,3193,131221,35493,33090,2759,131567
Primulina_huaijiensis	1492673	1492673,48772,1477611,214607,214597,26122,4143,91888,71274,1437201,91827,71240,1437183,3398,58024,78536,58023,3193,131221,35493,33090,2759,131567
Primulina_tabacum	48773	48773,48772,1477611,214607,214597,26122,4143,91888,71274,1437201,91827,71240,1437183,3398,58024,78536,58023,3193,131221,35493,33090,2759,131567
Prionchulus_punctatus	293874	293874,293872,211394,211390,211389,211383,70232,1457286,119088,6231,1206794,33317,33213,6072,33208,33154,2759,131567
Pristionchus_pacificus	54126	54126,54125,54124,2301094,50827,2301116,6236,119089,6231,1206794,33317,33213,6072,33208,33154,2759,131567
Proasellus_jaloniacus	1281986	1281986,63228,63227,525154,63226,29979,6820,72041,6681,3701029,3701028,197562,197563,6656,88770,1206794,33317,33213,6072,33208,33154,2759,131567
Procambarus_clarkii	6728	6728,6726,72430,6725,6724,6712,6692,6683,3701045,72041,6681,3701029,3701028,197562,197563,6656,88770,1206794,33317,33213,6072,33208,33154,2759,131567
Progradungula_otwayensis	2080872	2080872,2080871,88321,6905,6893,6854,6843,6656,88770,1206794,33317,33213,6072,33208,33154,2759,131567
Prokoenenia_wheeleri	681542	681542,681541,681539,88344,6854,6843,6656,88770,1206794,33317,33213,6072,33208,33154,2759,131567
Proneomenia_custodiens	1500391	1500391,2629152,1500379,1500378,1077250,231996,47122,6447,1206795,2697495,33317,33213,6072,33208,33154,2759,131567
Propanagrolaimus_sp._JU765	591449	591449,2684985,55784,114848,55746,2082223,6300,6236,119089,6231,1206794,33317,33213,6072,33208,33154,2759,131567
Propappus_volki	251477	251477,251478,251476,1964463,6381,42113,6340,1206795,2697495,33317,33213,6072,33208,33154,2759,131567
Prorhinotermes_simplex	1312446	1312446,127817,127816,36985,1912919,1049657,85823,6970,33341,33340,7496,85512,50557,6960,3701030,3701028,197562,197563,6656,88770,1206794,33317,33213,6072,33208,33154,2759,131567
Prorhynchus_stagnalis	1468201	1468201,39219,6170,3695486,147100,6157,1206795,2697495,33317,33213,6072,33208,33154,2759,131567
Prorocentrum_cordatum	2364126	2364126,2944,2943,2942,2864,33630,2698737,2759,131567
Prosopis_cineraria	364024	364024,35715,163487,3807,3804,3803,72025,91835,71275,1437201,91827,71240,1437183,3398,58024,78536,58023,3193,131221,35493,33090,2759,131567
Prostheceraeus_crozieri	2291463	2291463,107735,107734,166253,6163,147100,6157,1206795,2697495,33317,33213,6072,33208,33154,2759,131567
Prosthiostomum_siphunculus	983679	983679,983678,983669,166253,6163,147100,6157,1206795,2697495,33317,33213,6072,33208,33154,2759,131567
Protea_cynaroides	273540	273540,4331,4328,232378,1437183,3398,58024,78536,58023,3193,131221,35493,33090,2759,131567
Protimesius_longipalpis	1955539	3682951,3682949,118584,101155,3053344,43288,101165,43271,6854,6843,6656,88770,1206794,33317,33213,6072,33208,33154,2759,131567
Protochelifer_sp._MCZ_49984	2590517	2590517,2637565,348861,348857,51800,51799,6854,6843,6656,88770,1206794,33317,33213,6072,33208,33154,2759,131567
Protodriloides_chaetifer	254032	254032,205110,47109,1649654,6341,6340,1206795,2697495,33317,33213,6072,33208,33154,2759,131567
Protodriloides_symbioticus	205111	205111,205110,47109,1649654,6341,6340,1206795,2697495,33317,33213,6072,33208,33154,2759,131567
Protolophus_singularis	409368	409368,409367,3002575,101159,43278,101165,43271,6854,6843,6656,88770,1206794,33317,33213,6072,33208,33154,2759,131567
Protomyces_lactucae-debilis	2754530	2754530,27331,27330,5008,147555,451866,4890,451864,4751,33154,2759,131567
Protomyces_lactucaedebilis	2754530	2754530,27331,27330,5008,147555,451866,4890,451864,4751,33154,2759,131567
Protopterus_aethiopicus	7886	7886,7885,7884,7879,2823314,118077,7878,1338369,8287,117571,117570,7776,7742,89593,7711,33511,33213,6072,33208,33154,2759,131567
Protopterus_annectens	7888	7888,7885,7884,7879,2823314,118077,7878,1338369,8287,117571,117570,7776,7742,89593,7711,33511,33213,6072,33208,33154,2759,131567
Prunus_avium	42229	42229,3754,721805,171637,3745,3744,91835,71275,1437201,91827,71240,1437183,3398,58024,78536,58023,3193,131221,35493,33090,2759,131567
Prunus_brigantina	151428	151428,3754,721805,171637,3745,3744,91835,71275,1437201,91827,71240,1437183,3398,58024,78536,58023,3193,131221,35493,33090,2759,131567
Prunus_campanulata	136465	136465,3754,721805,171637,3745,3744,91835,71275,1437201,91827,71240,1437183,3398,58024,78536,58023,3193,131221,35493,33090,2759,131567
Prunus_dulcis	3755	3755,3754,721805,171637,3745,3744,91835,71275,1437201,91827,71240,1437183,3398,58024,78536,58023,3193,131221,35493,33090,2759,131567
Prunus_mume	102107	102107,3754,721805,171637,3745,3744,91835,71275,1437201,91827,71240,1437183,3398,58024,78536,58023,3193,131221,35493,33090,2759,131567
Prunus_persica	3760	3760,3754,721805,171637,3745,3744,91835,71275,1437201,91827,71240,1437183,3398,58024,78536,58023,3193,131221,35493,33090,2759,131567
Prunus_speciosa	378228	378228,3754,721805,171637,3745,3744,91835,71275,1437201,91827,71240,1437183,3398,58024,78536,58023,3193,131221,35493,33090,2759,131567
Psammodrilus_balanoglossoides	1977847	1977847,1769243,1649658,1649654,6341,6340,1206795,2697495,33317,33213,6072,33208,33154,2759,131567
Psammomacrostomum_sp._2_JNB-2019	2614406	2614406,2614404,1673668,39216,166235,147100,6157,1206795,2697495,33317,33213,6072,33208,33154,2759,131567
Pseudevernia_consocians	136281	136281,88743,78060,157822,5197,388435,1520881,147547,716546,147538,716545,4890,451864,4751,33154,2759,131567
Pseudo-nitzschia_multistriata	183589	183589,41953,33852,33851,33850,33849,2836,2696291,33634,2698737,2759,131567
Pseudocercospora_eumusae	321146	321146,131324,93133,2726947,451867,147541,715962,716546,147538,716545,4890,451864,4751,33154,2759,131567
Pseudocercospora_fijiensis_CIRAD86	383855	383855,1873960,131324,93133,2726947,451867,147541,715962,716546,147538,716545,4890,451864,4751,33154,2759,131567
Pseudocercospora_fuligena	685502	685502,131324,93133,2726947,451867,147541,715962,716546,147538,716545,4890,451864,4751,33154,2759,131567
Pseudocercospora_musae	113226	113226,131324,93133,2726947,451867,147541,715962,716546,147538,716545,4890,451864,4751,33154,2759,131567
Pseudocohnilembus_persalinus	266149	266149,35103,35102,198613,35094,6020,431838,5878,33630,2698737,2759,131567
Pseudocyphellaria_aurata	169141	169141,129110,129109,157824,388450,388435,1520881,147547,716546,147538,716545,4890,451864,4751,33154,2759,131567
Pseudogymnoascus_australis	3342545	3342545,78156,46451,292491,147548,715989,716546,147538,716545,4890,451864,4751,33154,2759,131567
Pseudogymnoascus_destructans	655981	655981,78156,46451,292491,147548,715989,716546,147538,716545,4890,451864,4751,33154,2759,131567
Pseudogymnoascus_verrucosus	342668	342668,78156,46451,292491,147548,715989,716546,147538,716545,4890,451864,4751,33154,2759,131567
Pseudohyphozyma_bogoriensis	106002	106002,1801563,1799785,162483,162481,29000,5204,451864,4751,33154,2759,131567
Pseudoloma_neurophilia	146866	146866,146865,469895,6029,112252,4751,33154,2759,131567
Pseudomassariella_vexata	1141098	1141098,1812772,1812770,3402561,222545,147550,715989,716546,147538,716545,4890,451864,4751,33154,2759,131567
Pseudoneurospora_amorphoporcata	241081	241081,241080,5148,5139,222544,147550,715989,716546,147538,716545,4890,451864,4751,33154,2759,131567
Pseudonitzschia_multistriata	183589	183589,41953,33852,33851,33850,33849,2836,2696291,33634,2698737,2759,131567
Pseudopolydesmus_sp._MB-2013	1348323	1348323,2626300,118507,61982,71419,118561,7553,61985,197563,6656,88770,1206794,33317,33213,6072,33208,33154,2759,131567
Pseudosagitta_gazellae	1562710	1562710,366424,34753,34752,33512,1421718,10229,2697496,2697495,33317,33213,6072,33208,33154,2759,131567
Pseudoscourfieldia_marina	41886	41886,41885,3417987,3417986,3417985,3041,33090,2759,131567
Pseudosphyrapus_quintolongus	992968	992968,992967,992997,401274,116699,75398,6820,72041,6681,3701029,3701028,197562,197563,6656,88770,1206794,33317,33213,6072,33208,33154,2759,131567
Pseudosuccinea_columella	31228	31228,31227,6521,216441,977779,977775,216307,216305,6448,6447,1206795,2697495,33317,33213,6072,33208,33154,2759,131567
Pseudotyrannochthonius_sp._B_LB-2019	2590520	2590520,2609021,534956,2569389,118519,51799,6854,6843,6656,88770,1206794,33317,33213,6072,33208,33154,2759,131567
Pseudovirgaria_hyperparasitica	470096	470096,470095,152637,716585,159987,147541,715962,716546,147538,716545,4890,451864,4751,33154,2759,131567
Pseudozyma_flocculosa_PF-1	1277687	1277687,84751,63298,5268,5267,5257,452284,5204,451864,4751,33154,2759,131567
Pseudozyma_flocculosa_PF1	1277687	1277687,84751,63298,5268,5267,5257,452284,5204,451864,4751,33154,2759,131567
Pseudozyma_hubeiensis_SY62	1305764	1305764,327079,63298,5268,5267,5257,452284,5204,451864,4751,33154,2759,131567
Psilocybe_cubensis	181762	181762,71950,3710399,2982305,5338,452333,155619,5302,5204,451864,4751,33154,2759,131567
Psilocybe_cyanescens	93625	93625,71950,3710399,2982305,5338,452333,155619,5302,5204,451864,4751,33154,2759,131567
Psophocarpus_tetragonolobus	3891	3891,3889,163735,2233855,2231382,2231393,3814,3803,72025,91835,71275,1437201,91827,71240,1437183,3398,58024,78536,58023,3193,131221,35493,33090,2759,131567
Psora_crenata	258896	258896,111720,258890,157822,5197,388435,1520881,147547,716546,147538,716545,4890,451864,4751,33154,2759,131567
Psora_testacea	258898	258898,111720,258890,157822,5197,388435,1520881,147547,716546,147538,716545,4890,451864,4751,33154,2759,131567
Pterosagitta_draco	366433	366433,366432,366431,34752,33512,1421718,10229,2697496,2697495,33317,33213,6072,33208,33154,2759,131567
Pterospermum_kingtungense	1686260	1686260,82449,214910,3629,41938,91836,71275,1437201,91827,71240,1437183,3398,58024,78536,58023,3193,131221,35493,33090,2759,131567
Pterulicium_gracile	1884261	1884261,604075,262632,2983527,5338,452333,155619,5302,5204,451864,4751,33154,2759,131567
Pterygioteuthis_hoylei	559549	559549,34543,6623,34542,215450,6606,6605,6447,1206795,2697495,33317,33213,6072,33208,33154,2759,131567
Ptychodera_flava	63121	63121,63120,35078,10220,10219,33511,33213,6072,33208,33154,2759,131567
Ptychographa_xylographoides	223409	223409,223408,3383949,452221,388283,1520881,147547,716546,147538,716545,4890,451864,4751,33154,2759,131567
Puccinellia_chinampoensis	428215	428215,13648,1648010,2948578,1652081,147387,1648037,147368,359160,4479,38820,4734,1437197,4447,1437183,3398,58024,78536,58023,3193,131221,35493,33090,2759,131567
Puccinia_coronata_f._sp._avenae	200324	200324,860303,27344,5296,5262,5258,162484,29000,5204,451864,4751,33154,2759,131567
Puccinia_graminis_f._sp._tritici_CRL_75-36-700-3	418459	418459,56615,5297,5296,5262,5258,162484,29000,5204,451864,4751,33154,2759,131567
Puccinia_graminis_f._sp._tritici_CRL_75367003	418459	418459,56615,5297,5296,5262,5258,162484,29000,5204,451864,4751,33154,2759,131567
Puccinia_sorghi	27349	27349,5296,5262,5258,162484,29000,5204,451864,4751,33154,2759,131567
Puccinia_striiformis_f._sp._tritici	168172	168172,27350,5296,5262,5258,162484,29000,5204,451864,4751,33154,2759,131567
Puccinia_triticina	208348	208348,5296,5262,5258,162484,29000,5204,451864,4751,33154,2759,131567
Punctularia_strigosozonata_HHB-11173_SS5	741275	741275,202698,133746,908827,452338,355688,155619,5302,5204,451864,4751,33154,2759,131567
Punctularia_strigosozonata_HHB11173_SS5	741275	741275,202698,133746,908827,452338,355688,155619,5302,5204,451864,4751,33154,2759,131567
Punica_granatum	22663	22663,22662,3928,41944,91836,71275,1437201,91827,71240,1437183,3398,58024,78536,58023,3193,131221,35493,33090,2759,131567
Purpureocillium_lavendulum	1247861	1247861,1052105,474942,5125,222543,147550,715989,716546,147538,716545,4890,451864,4751,33154,2759,131567
Purpureocillium_lilacinum	33203	33203,1052105,474942,5125,222543,147550,715989,716546,147538,716545,4890,451864,4751,33154,2759,131567
Purpureocillium_takamizusanense	2060973	2060973,1052105,474942,5125,222543,147550,715989,716546,147538,716545,4890,451864,4751,33154,2759,131567
Purpureofilum_apyrenoidigerum	282340	282340,282339,446133,282338,446134,2763,2759,131567
Puttea_exsequens	2918520	2918520,1206384,202888,5197,388435,1520881,147547,716546,147538,716545,4890,451864,4751,33154,2759,131567
Pycnococcus_provasolii	41880	41880,41879,41878,3417986,3417985,3041,33090,2759,131567
Pycnogonum_litorale	261975	261975,261974,261973,3712573,3712569,373319,57294,6843,6656,88770,1206794,33317,33213,6072,33208,33154,2759,131567
Pycnophyes_giganteus	2835550	1415226,1215715,51518,2582693,51516,1215728,1206794,33317,33213,6072,33208,33154,2759,131567
Pycnophyes_ilyocryptus	2835551	2835551,51519,51518,2582693,51516,1215728,1206794,33317,33213,6072,33208,33154,2759,131567
Pycnora_praestabilis	1453791	1453791,318745,1453781,452225,2576467,716546,147538,716545,4890,451864,4751,33154,2759,131567
Pylaiella_littoralis	2885	2885,2882,142642,2877,2870,569578,2696291,33634,2698737,2759,131567
Pyrenophora_seminiperda_CCB06	1302712	1302712,91370,5027,28556,715340,92860,451868,147541,715962,716546,147538,716545,4890,451864,4751,33154,2759,131567
Pyrenophora_tritici-repentis	45151	45151,5027,28556,715340,92860,451868,147541,715962,716546,147538,716545,4890,451864,4751,33154,2759,131567
Pyrenophora_triticirepentis	45151	45151,5027,28556,715340,92860,451868,147541,715962,716546,147538,716545,4890,451864,4751,33154,2759,131567
Pyrenula_ochraceoflavens	2977754	2977754,146308,146307,100121,451870,147545,716546,147538,716545,4890,451864,4751,33154,2759,131567
Pyricularia_grisea	148305	148305,48558,2528436,639021,222544,147550,715989,716546,147538,716545,4890,451864,4751,33154,2759,131567
Pyricularia_oryzae_70-15	242507	242507,318829,48558,2528436,639021,222544,147550,715989,716546,147538,716545,4890,451864,4751,33154,2759,131567
Pyricularia_oryzae_7015	242507	242507,318829,48558,2528436,639021,222544,147550,715989,716546,147538,716545,4890,451864,4751,33154,2759,131567
Pyricularia_pennisetigena	1578925	1578925,48558,2528436,639021,222544,147550,715989,716546,147538,716545,4890,451864,4751,33154,2759,131567
Pyronema_domesticum	47205	47205,47204,110846,5185,147549,147538,716545,4890,451864,4751,33154,2759,131567
Pyronema_omphalodes	337075	337075,47204,110846,5185,147549,147538,716545,4890,451864,4751,33154,2759,131567
Pyropia_vietnamensis	683352	683352,1094566,31345,29216,2797,2763,2759,131567
Pyropia_yezoensis	2788	2788,1094566,31345,29216,2797,2763,2759,131567
Pyrrhoderma_noxium	2282107	2282107,175660,40424,139380,355688,155619,5302,5204,451864,4751,33154,2759,131567
Pyrus_communis	23211	23211,3766,721813,171637,3745,3744,91835,71275,1437201,91827,71240,1437183,3398,58024,78536,58023,3193,131221,35493,33090,2759,131567
Pyrus_ussuriensis	2448454	2448454,3766,721813,171637,3745,3744,91835,71275,1437201,91827,71240,1437183,3398,58024,78536,58023,3193,131221,35493,33090,2759,131567
Pyrus_ussuriensis_x_Pyrus_communis	2448454	2448454,3766,721813,171637,3745,3744,91835,71275,1437201,91827,71240,1437183,3398,58024,78536,58023,3193,131221,35493,33090,2759,131567
Pyrus_x_bretschneideri	225117	225117,3766,721813,171637,3745,3744,91835,71275,1437201,91827,71240,1437183,3398,58024,78536,58023,3193,131221,35493,33090,2759,131567
Pythia_pachyodon	157724	157724,69683,145629,2340871,120490,977775,216307,216305,6448,6447,1206795,2697495,33317,33213,6072,33208,33154,2759,131567
Quaeritorhiza_haematococci	2654861	2654861,2728523,2728522,254789,451435,3705883,4761,3705317,112252,4751,33154,2759,131567
Quercus_lobata	97700	97700,3511,3503,3502,91835,71275,1437201,91827,71240,1437183,3398,58024,78536,58023,3193,131221,35493,33090,2759,131567
Quercus_robur	38942	38942,3511,3503,3502,91835,71275,1437201,91827,71240,1437183,3398,58024,78536,58023,3193,131221,35493,33090,2759,131567
Quercus_rubra	3512	3512,3511,3503,3502,91835,71275,1437201,91827,71240,1437183,3398,58024,78536,58023,3193,131221,35493,33090,2759,131567
Quercus_suber	58331	58331,3511,3503,3502,91835,71275,1437201,91827,71240,1437183,3398,58024,78536,58023,3193,131221,35493,33090,2759,131567
Quillaja_saponaria	32244	32244,23212,171004,72025,91835,71275,1437201,91827,71240,1437183,3398,58024,78536,58023,3193,131221,35493,33090,2759,131567
Rachicladosporium_monterosium	1507873	1507873,470018,452563,2726946,451867,147541,715962,716546,147538,716545,4890,451864,4751,33154,2759,131567
Racocetra_fulgida	60492	60492,940663,36753,214509,214506,3705879,214504,112252,4751,33154,2759,131567
Racocetra_persica	160502	160502,940663,36753,214509,214506,3705879,214504,112252,4751,33154,2759,131567
Raddia_guianensis	1482630	1482630,38703,1648020,147377,1648035,147366,359160,4479,38820,4734,1437197,4447,1437183,3398,58024,78536,58023,3193,131221,35493,33090,2759,131567
Radiomyces_spectabilis	64574	64574,64560,70410,4827,2212703,451507,1913637,112252,4751,33154,2759,131567
Rakaia_minutissima	526538	526538,383947,118632,101146,43277,43271,6854,6843,6656,88770,1206794,33317,33213,6072,33208,33154,2759,131567
Ramalina_farinacea	258253	258253,56479,56478,157822,5197,388435,1520881,147547,716546,147538,716545,4890,451864,4751,33154,2759,131567
Ramaria_rubella	113071	113071,68779,60108,452336,452335,155619,5302,5204,451864,4751,33154,2759,131567
Ramazzottius_varieornatus	947166	947166,286681,2135438,2558949,149990,42242,42241,88770,1206794,33317,33213,6072,33208,33154,2759,131567
Ramicandelaber_brevisporus	304332	304332,304330,2219775,2219773,2219774,451828,3704128,112252,4751,33154,2759,131567
Ramularia_collo-cygni	112498	112498,112497,93133,2726947,451867,147541,715962,716546,147538,716545,4890,451864,4751,33154,2759,131567
Ramularia_collocygni	112498	112498,112497,93133,2726947,451867,147541,715962,716546,147538,716545,4890,451864,4751,33154,2759,131567
Rana_temporaria	8407	8407,121175,8399,8397,30352,8416,8342,41666,8292,32523,1338369,8287,117571,117570,7776,7742,89593,7711,33511,33213,6072,33208,33154,2759,131567
Randiella_sp._DSW-2020	2705241	2705241,2625554,1964465,1964464,2937014,6381,42113,6340,1206795,2697495,33317,33213,6072,33208,33154,2759,131567
Ranunculus_cassubicifolius	286882	286882,3445,1463148,1463138,3440,41768,1437183,3398,58024,78536,58023,3193,131221,35493,33090,2759,131567
Raphanus_sativus	3726	3726,3725,981071,3700,3699,91836,71275,1437201,91827,71240,1437183,3398,58024,78536,58023,3193,131221,35493,33090,2759,131567
Raphidocelis_subcapitata	307507	307507,307506,35466,35491,2812636,3166,2692248,3041,33090,2759,131567
Rasamsonia_byssochlamydoides	89139	89139,1132856,28568,5042,451871,147545,716546,147538,716545,4890,451864,4751,33154,2759,131567
Rasamsonia_columbiensis	1826649	1826649,1132856,28568,5042,451871,147545,716546,147538,716545,4890,451864,4751,33154,2759,131567
Rasamsonia_emersonii_CBS_393.64	1408163	1408163,68825,1132856,28568,5042,451871,147545,716546,147538,716545,4890,451864,4751,33154,2759,131567
Recurvomyces_mirabilis	574656	574656,701936,668547,2726947,451867,147541,715962,716546,147538,716545,4890,451864,4751,33154,2759,131567
Reevesia_pubescens	2871442	2871442,82438,214915,3629,41938,91836,71275,1437201,91827,71240,1437183,3398,58024,78536,58023,3193,131221,35493,33090,2759,131567
Rehmannia_glutinosa	99300	99300,99299,3461628,91896,4143,91888,71274,1437201,91827,71240,1437183,3398,58024,78536,58023,3193,131221,35493,33090,2759,131567
Remersonia_thermophila	72144	72144,72143,35718,5139,222544,147550,715989,716546,147538,716545,4890,451864,4751,33154,2759,131567
Reticulomyxa_filosa	46433	46433,46432,188961,1505960,29178,2662056,543769,2698737,2759,131567
Rhabdopleura_annulata	1443232	1443232,36327,117500,33629,33627,10219,33511,33213,6072,33208,33154,2759,131567
Rhamnella_rubrinervis	2594499	2594499,106703,325289,2815114,3608,3744,91835,71275,1437201,91827,71240,1437183,3398,58024,78536,58023,3193,131221,35493,33090,2759,131567
Rhinatrema_bivittatum	194408	194408,194407,30380,8445,8292,32523,1338369,8287,117571,117570,7776,7742,89593,7711,33511,33213,6072,33208,33154,2759,131567
Rhinocladiella_mackenziei_CBS_650.93	1442369	1442369,86056,5587,43219,34395,451870,147545,716546,147538,716545,4890,451864,4751,33154,2759,131567
Rhipicephalus_sanguineus	34632	34632,578835,426455,34630,426437,6939,297308,6935,6934,6933,6854,6843,6656,88770,1206794,33317,33213,6072,33208,33154,2759,131567
Rhipidocladum_racemiflorum	464972	464972,47451,1648002,147376,1648035,147366,359160,4479,38820,4734,1437197,4447,1437183,3398,58024,78536,58023,3193,131221,35493,33090,2759,131567
Rhizina_undulata	44645	44645,44644,44643,5185,147549,147538,716545,4890,451864,4751,33154,2759,131567
Rhizoclosmatium_globosum	329046	329046,109967,1352827,4810,451435,3705883,4761,3705317,112252,4751,33154,2759,131567
Rhizoclosmatium_hyalinum	2724196	2724196,109967,1352827,4810,451435,3705883,4761,3705317,112252,4751,33154,2759,131567
Rhizoctonia_solani	456999	456999,1322061,5250,36064,355688,155619,5302,5204,451864,4751,33154,2759,131567
Rhizodiscina_lignyota	1504668	1504668,1504669,2706122,2706121,451868,147541,715962,716546,147538,716545,4890,451864,4751,33154,2759,131567
Rhizoglyphus_robini	223528	223528,150114,474068,41442,83155,6951,83137,6946,6933,6854,6843,6656,88770,1206794,33317,33213,6072,33208,33154,2759,131567
Rhizomucor_pusillus	4840	4840,4838,499202,4827,2212703,451507,1913637,112252,4751,33154,2759,131567
Rhizophagus_clarus	94130	94130,1129544,36751,36750,214506,3705879,214504,112252,4751,33154,2759,131567
Rhizophagus_irregularis	588596	588596,1129544,36751,36750,214506,3705879,214504,112252,4751,33154,2759,131567
Rhizophlyctis_rosea	64517	64517,64515,1396497,642610,451435,3705883,4761,3705317,112252,4751,33154,2759,131567
Rhizopogon_salebrosus_TDB-379	632084	632084,176626,5375,48595,227332,68889,452333,155619,5302,5204,451864,4751,33154,2759,131567
Rhizopogon_salebrosus_TDB379	632084	632084,176626,5375,48595,227332,68889,452333,155619,5302,5204,451864,4751,33154,2759,131567
Rhizopogon_vesiculosus	180088	180088,5375,48595,227332,68889,452333,155619,5302,5204,451864,4751,33154,2759,131567
Rhizopogon_vinicolor_AM-OR11-026	1314800	1314800,80600,5375,48595,227332,68889,452333,155619,5302,5204,451864,4751,33154,2759,131567
Rhizopogon_vinicolor_AMOR11026	1314800	1314800,80600,5375,48595,227332,68889,452333,155619,5302,5204,451864,4751,33154,2759,131567
Rhizopus_azygosporus	86630	86630,4842,1344955,1344963,4827,2212703,451507,1913637,112252,4751,33154,2759,131567
Rhizopus_delemar_RA_99-880	246409	246409,936053,4842,1344955,1344963,4827,2212703,451507,1913637,112252,4751,33154,2759,131567
Rhizopus_delemar_RA_99880	246409	246409,936053,4842,1344955,1344963,4827,2212703,451507,1913637,112252,4751,33154,2759,131567
Rhizopus_microsporus_ATCC_52813	1340429	1340429,58291,4842,1344955,1344963,4827,2212703,451507,1913637,112252,4751,33154,2759,131567
Rhodamnia_argentea	178133	178133,178132,1705102,1699523,1699513,3931,41944,91836,71275,1437201,91827,71240,1437183,3398,58024,78536,58023,3193,131221,35493,33090,2759,131567
Rhodella_violacea	2801	2801,2800,661029,661028,661027,2763,2759,131567
Rhodelphis_limneticus	2583502	2583502,2598125,2598130,2598131,2598132,2759,131567
Rhodelphis_marinus	2584957	2584957,2598125,2598130,2598131,2598132,2759,131567
Rhodiola_kirilowii	203008	203008,202994,3781,41946,1437201,91827,71240,1437183,3398,58024,78536,58023,3193,131221,35493,33090,2759,131567
Rhodnius_prolixus	13249	13249,13248,70999,27479,33356,33354,33351,33349,33347,33345,33343,7524,33342,3701061,33340,7496,85512,50557,6960,3701030,3701028,197562,197563,6656,88770,1206794,33317,33213,6072,33208,33154,2759,131567
Rhodochaete_pulchella	867925	867925,110509,110508,110507,930023,2763,2759,131567
Rhodocollybia_butyracea	206335	206335,71917,72117,2982316,5338,452333,155619,5302,5204,451864,4751,33154,2759,131567
Rhododendron_griersonianum	479676	479676,4346,217046,217035,4345,41945,71274,1437201,91827,71240,1437183,3398,58024,78536,58023,3193,131221,35493,33090,2759,131567
Rhododendron_molle	49168	49168,4346,217046,217035,4345,41945,71274,1437201,91827,71240,1437183,3398,58024,78536,58023,3193,131221,35493,33090,2759,131567
Rhododendron_vialii	182163	182163,4346,217046,217035,4345,41945,71274,1437201,91827,71240,1437183,3398,58024,78536,58023,3193,131221,35493,33090,2759,131567
Rhododendron_williamsianum	262921	262921,4346,217046,217035,4345,41945,71274,1437201,91827,71240,1437183,3398,58024,78536,58023,3193,131221,35493,33090,2759,131567
Rhodofomes_roseus	34475	34475,2066992,1769247,5303,355688,155619,5302,5204,451864,4751,33154,2759,131567
Rhodosorus_marinus	101924	101924,101923,446133,282338,446134,2763,2759,131567
Rhodosporidiobolus_azoricus	145577	145577,1799703,1799696,231213,162481,29000,5204,451864,4751,33154,2759,131567
Rhodosporidiobolus_lusitaniae	33191	33191,1799703,1799696,231213,162481,29000,5204,451864,4751,33154,2759,131567
Rhodosporidiobolus_microsporus	86835	86835,1799703,1799696,231213,162481,29000,5204,451864,4751,33154,2759,131567
Rhodosporidiobolus_nylandii	100910	100910,1799703,1799696,231213,162481,29000,5204,451864,4751,33154,2759,131567
Rhodosporidiobolus_poonsookiae	100911	100911,1799703,1799696,231213,162481,29000,5204,451864,4751,33154,2759,131567
Rhodosporidiobolus_ruineniae	5004	5004,1799703,1799696,231213,162481,29000,5204,451864,4751,33154,2759,131567
Rhodotorula_araucariae	86829	86829,5533,1799696,231213,162481,29000,5204,451864,4751,33154,2759,131567
Rhodotorula_dairenensis	86832	86832,5533,1799696,231213,162481,29000,5204,451864,4751,33154,2759,131567
Rhodotorula_graminis_WP1	578459	578459,29898,5533,1799696,231213,162481,29000,5204,451864,4751,33154,2759,131567
Rhodotorula_pacifica	1495444	1495444,5533,1799696,231213,162481,29000,5204,451864,4751,33154,2759,131567
Rhodotorula_paludigena	86838	86838,5533,1799696,231213,162481,29000,5204,451864,4751,33154,2759,131567
Rhodotorula_sphaerocarpa	86839	86839,5533,1799696,231213,162481,29000,5204,451864,4751,33154,2759,131567
Rhodotorula_taiwanensis	741276	741276,5533,1799696,231213,162481,29000,5204,451864,4751,33154,2759,131567
Rhodotorula_toruloides_NP11	1130832	1130832,5286,5533,1799696,231213,162481,29000,5204,451864,4751,33154,2759,131567
Rhopilema_esculentum	499914	499914,42737,42807,37535,6142,6073,6072,33208,33154,2759,131567
Rhyacodrilus_pigueti	1348610	1348610,74734,1780202,2109251,6383,2937015,6381,42113,6340,1206795,2697495,33317,33213,6072,33208,33154,2759,131567
Rhynchodemus_sylvaticus	1520503	1520503,686035,166248,52317,1292253,1292243,6159,147100,6157,1206795,2697495,33317,33213,6072,33208,33154,2759,131567
Rhynchomesostoma_rostratum	1311950	1311950,1311949,52043,27902,3695238,3695236,3092782,27901,147100,6157,1206795,2697495,33317,33213,6072,33208,33154,2759,131567
Rhynchomesostoma_sp._ER-2019	2527674	2527674,2625147,1311949,52043,27902,3695238,3695236,3092782,27901,147100,6157,1206795,2697495,33317,33213,6072,33208,33154,2759,131567
Rhynchospora_breviuscula	2022672	2022672,46332,994702,986140,4609,38820,4734,1437197,4447,1437183,3398,58024,78536,58023,3193,131221,35493,33090,2759,131567
Rhynchospora_pubera	906938	906938,46332,994702,986140,4609,38820,4734,1437197,4447,1437183,3398,58024,78536,58023,3193,131221,35493,33090,2759,131567
Rhynchospora_tenuis	198213	198213,46332,994702,986140,4609,38820,4734,1437197,4447,1437183,3398,58024,78536,58023,3193,131221,35493,33090,2759,131567
Rhynchosporium_agropyri	914238	914238,38037,2316155,5178,147548,715989,716546,147538,716545,4890,451864,4751,33154,2759,131567
Rhynchosporium_graminicola	2792576	2792576,38037,2316155,5178,147548,715989,716546,147538,716545,4890,451864,4751,33154,2759,131567
Rhynchosporium_secalis	38038	38038,38037,2316155,5178,147548,715989,716546,147538,716545,4890,451864,4751,33154,2759,131567
Rhypophila_decipiens	261697	261697,2905927,2905925,5139,222544,147550,715989,716546,147538,716545,4890,451864,4751,33154,2759,131567
Rhysida_immarginata	984703	984703,126947,41363,41361,115407,115405,7540,61985,197563,6656,88770,1206794,33317,33213,6072,33208,33154,2759,131567
Rhysida_longipes	984702	984702,126947,41363,41361,115407,115405,7540,61985,197563,6656,88770,1206794,33317,33213,6072,33208,33154,2759,131567
Riccia_fluitans	41844	41844,41843,41842,28908,186774,186770,3195,3193,131221,35493,33090,2759,131567
Richtersius_coronifer	245088	245088,245087,2759064,2558951,149990,42242,42241,88770,1206794,33317,33213,6072,33208,33154,2759,131567
Ricinoides_atewa	1046921	1046921,1046920,88345,58139,6854,6843,6656,88770,1206794,33317,33213,6072,33208,33154,2759,131567
Ricinus_communis	3988	3988,3987,235880,235629,3977,3646,91835,71275,1437201,91827,71240,1437183,3398,58024,78536,58023,3193,131221,35493,33090,2759,131567
Rickenella_mellea	50990	50990,50989,1124673,139380,355688,155619,5302,5204,451864,4751,33154,2759,131567
Riftia_pachyptila	6426	6426,6425,41324,6362,105391,105389,6341,6340,1206795,2697495,33317,33213,6072,33208,33154,2759,131567
Riseriellus_occultus	88934	88934,88933,6222,6219,6218,6217,1206795,2697495,33317,33213,6072,33208,33154,2759,131567
Rissoella_caribaea	57639	57639,57638,57616,216306,977774,216305,6448,6447,1206795,2697495,33317,33213,6072,33208,33154,2759,131567
Roridomyces_roridus	1738132	1738132,230760,2024004,2982316,5338,452333,155619,5302,5204,451864,4751,33154,2759,131567
Rosa_chinensis	74649	74649,3764,1176516,171638,3745,3744,91835,71275,1437201,91827,71240,1437183,3398,58024,78536,58023,3193,131221,35493,33090,2759,131567
Rosa_luciae_x_Rosa_x_odorata	3421125	3421125,3764,1176516,171638,3745,3744,91835,71275,1437201,91827,71240,1437183,3398,58024,78536,58023,3193,131221,35493,33090,2759,131567
Rosa_rugosa	74645	74645,3764,1176516,171638,3745,3744,91835,71275,1437201,91827,71240,1437183,3398,58024,78536,58023,3193,131221,35493,33090,2759,131567
Rosa_sericea	74631	74631,3764,1176516,171638,3745,3744,91835,71275,1437201,91827,71240,1437183,3398,58024,78536,58023,3193,131221,35493,33090,2759,131567
Rostrohypoxylon_terebratum	392036	392036,742313,2033035,37989,222545,147550,715989,716546,147538,716545,4890,451864,4751,33154,2759,131567
Rotaria_socialis	392032	392032,231623,44580,104783,44578,2816136,10190,2697496,2697495,33317,33213,6072,33208,33154,2759,131567
Rozella_allomycis_CSF55	988480	988480,281847,276836,2683658,1031332,112252,4751,33154,2759,131567
Rubroshorea_leprosula	152421	152421,3068352,65009,40588,41938,91836,71275,1437201,91827,71240,1437183,3398,58024,78536,58023,3193,131221,35493,33090,2759,131567
Rubus_argutus	59490	59490,23216,1176516,171638,3745,3744,91835,71275,1437201,91827,71240,1437183,3398,58024,78536,58023,3193,131221,35493,33090,2759,131567
Rumex_salicifolius	1234504	1234504,3618,1110386,1110380,3615,3524,1437201,91827,71240,1437183,3398,58024,78536,58023,3193,131221,35493,33090,2759,131567
Russula_brevipes	98861	98861,5402,5401,452342,355688,155619,5302,5204,451864,4751,33154,2759,131567
Russula_compacta	40490	40490,5402,5401,452342,355688,155619,5302,5204,451864,4751,33154,2759,131567
Russula_decolorans	152956	152956,5402,5401,452342,355688,155619,5302,5204,451864,4751,33154,2759,131567
Russula_dissimulans	258981	258981,5402,5401,452342,355688,155619,5302,5204,451864,4751,33154,2759,131567
Russula_earlei	71964	71964,5402,5401,452342,355688,155619,5302,5204,451864,4751,33154,2759,131567
Russula_emetica	152958	152958,5402,5401,452342,355688,155619,5302,5204,451864,4751,33154,2759,131567
Russula_ochroleuca	152965	152965,5402,5401,452342,355688,155619,5302,5204,451864,4751,33154,2759,131567
Russula_vinacea	517384	517384,5402,5401,452342,355688,155619,5302,5204,451864,4751,33154,2759,131567
Rutidosis_leptorrhynchoides	125765	125765,125764,911296,102806,102804,4210,4209,91882,71274,1437201,91827,71240,1437183,3398,58024,78536,58023,3193,131221,35493,33090,2759,131567
Saccharata_proteae_CBS_121410	1314787	1314787,131308,371108,1450292,451869,159987,147541,715962,716546,147538,716545,4890,451864,4751,33154,2759,131567
Saccharomyces_cerevisiae_S288C	559292	559292,4932,4930,4893,4892,4891,147537,716545,4890,451864,4751,33154,2759,131567
Saccharomyces_eubayanus	1080349	1080349,4930,4893,4892,4891,147537,716545,4890,451864,4751,33154,2759,131567
Saccharomyces_kudriavzevii_IFO_1802	226230	226230,114524,4930,4893,4892,4891,147537,716545,4890,451864,4751,33154,2759,131567
Saccharomyces_mikatae_IFO_1815	226126	226126,114525,4930,4893,4892,4891,147537,716545,4890,451864,4751,33154,2759,131567
Saccharomyces_paradoxus	27291	27291,4930,4893,4892,4891,147537,716545,4890,451864,4751,33154,2759,131567
Saccharomyces_pastorianus	27292	27292,4930,4893,4892,4891,147537,716545,4890,451864,4751,33154,2759,131567
Saccharomyces_uvarum	230603	230603,4930,4893,4892,4891,147537,716545,4890,451864,4751,33154,2759,131567
Saccharomycodes_ludwigii	36035	36035,36034,34365,3243779,4891,147537,716545,4890,451864,4751,33154,2759,131567
Saccharomycopsis_crataegensis	43959	43959,4943,34366,2926619,4891,147537,716545,4890,451864,4751,33154,2759,131567
Saccoglossus_kowalevskii	10224	10224,10222,10221,10220,10219,33511,33213,6072,33208,33154,2759,131567
Saccostrea_glomerata	157728	157728,33508,6563,98302,6562,6545,2785011,6544,6447,1206795,2697495,33317,33213,6072,33208,33154,2759,131567
Sacoproteus_smaragdinus	2282303	2282303,2528071,71495,216320,71490,977775,216307,216305,6448,6447,1206795,2697495,33317,33213,6072,33208,33154,2759,131567
Saitoella_coloradoensis	1099800	1099800,5605,3710861,3710860,3710853,451866,4890,451864,4751,33154,2759,131567
Saitoella_complicata_NRRL_Y-17804	698492	698492,5606,5605,3710861,3710860,3710853,451866,4890,451864,4751,33154,2759,131567
Saitoella_complicata_NRRL_Y17804	698492	698492,5606,5605,3710861,3710860,3710853,451866,4890,451864,4751,33154,2759,131567
Saitozyma_podzolica	1890683	1890683,1890244,1890237,5234,155616,5302,5204,451864,4751,33154,2759,131567
Salamandra_salamandra	57571	57571,57569,1331675,8314,30367,8293,41666,8292,32523,1338369,8287,117571,117570,7776,7742,89593,7711,33511,33213,6072,33208,33154,2759,131567
Salinomyces_thailandicus	706561	706561,2905158,668547,2726947,451867,147541,715962,716546,147538,716545,4890,451864,4751,33154,2759,131567
Salix_koriyanagi	2511006	2511006,40685,238069,3688,3646,91835,71275,1437201,91827,71240,1437183,3398,58024,78536,58023,3193,131221,35493,33090,2759,131567
Salix_suchowensis	1278906	1278906,40685,238069,3688,3646,91835,71275,1437201,91827,71240,1437183,3398,58024,78536,58023,3193,131221,35493,33090,2759,131567
Salix_udensis	889485	889485,40685,238069,3688,3646,91835,71275,1437201,91827,71240,1437183,3398,58024,78536,58023,3193,131221,35493,33090,2759,131567
Salpingoeca_dolichothecata	1742605	1742605,86017,81529,1924738,28009,33154,2759,131567
Salpingoeca_helianthica	1928494	1928494,86017,81529,1924738,28009,33154,2759,131567
Salpingoeca_infusionum	86018	86018,86017,81529,1924738,28009,33154,2759,131567
Salpingoeca_kvevrii	1924737	1924737,86017,81529,1924738,28009,33154,2759,131567
Salpingoeca_macrocollata	1924736	1924736,86017,81529,1924738,28009,33154,2759,131567
Salpingoeca_punica	1924735	1924735,86017,81529,1924738,28009,33154,2759,131567
Salpingoeca_rosetta	946362	946362,86017,81529,1924738,28009,33154,2759,131567
Salpingoeca_urceolata	473813	473813,86017,81529,1924738,28009,33154,2759,131567
Salvia_divinorum	28513	28513,2026555,21880,2836339,216718,216706,4136,4143,91888,71274,1437201,91827,71240,1437183,3398,58024,78536,58023,3193,131221,35493,33090,2759,131567
Salvia_hispanica	49212	49212,2291027,21880,2836339,216718,216706,4136,4143,91888,71274,1437201,91827,71240,1437183,3398,58024,78536,58023,3193,131221,35493,33090,2759,131567
Salvia_miltiorrhiza	226208	226208,2291027,21880,2836339,216718,216706,4136,4143,91888,71274,1437201,91827,71240,1437183,3398,58024,78536,58023,3193,131221,35493,33090,2759,131567
Salvia_splendens	180675	180675,2026556,2026555,21880,2836339,216718,216706,4136,4143,91888,71274,1437201,91827,71240,1437183,3398,58024,78536,58023,3193,131221,35493,33090,2759,131567
Sanghuangporus_baumii	108892	108892,1659840,40424,139380,355688,155619,5302,5204,451864,4751,33154,2759,131567
Sanghuangporus_sanghuang	1659845	1659845,1659840,40424,139380,355688,155619,5302,5204,451864,4751,33154,2759,131567
Sanguina_aurantia	2578422	2578422,2578417,3051,3042,2812636,3166,2692248,3041,33090,2759,131567
Saponaria_officinalis	3572	3572,3571,1141493,3568,3524,1437201,91827,71240,1437183,3398,58024,78536,58023,3193,131221,35493,33090,2759,131567
Saprolegnia_diclina_VS20	1156394	1156394,112098,4769,4764,4763,3456997,4762,33634,2698737,2759,131567
Saprolegnia_parasitica_CBS_223.65	695850	695850,101203,4769,4764,4763,3456997,4762,33634,2698737,2759,131567
Saramacia_lucasae	1955541	1955541,1955540,118592,101155,3053344,43288,101165,43271,6854,6843,6656,88770,1206794,33317,33213,6072,33208,33154,2759,131567
Sarcoptes_scabiei	52283	52283,52282,474019,52281,83158,223472,6951,83137,6946,6933,6854,6843,6656,88770,1206794,33317,33213,6072,33208,33154,2759,131567
Sarcosagium_campestre	286406	286406,286405,2302851,716546,147538,716545,4890,451864,4751,33154,2759,131567
Sarea_resinae	273283	273283,273281,2820411,2820409,2820408,716546,147538,716545,4890,451864,4751,33154,2759,131567
Sarocladium_implicatum	1610689	1610689,284134,2502719,5125,222543,147550,715989,716546,147538,716545,4890,451864,4751,33154,2759,131567
Sarocladium_strictum	5046	5046,284134,2502719,5125,222543,147550,715989,716546,147538,716545,4890,451864,4751,33154,2759,131567
Sarracenia_purpurea	336876	336876,1202732,45176,4358,4353,41945,71274,1437201,91827,71240,1437183,3398,58024,78536,58023,3193,131221,35493,33090,2759,131567
Savillea_parva	1909275	1909275,473816,28010,1924739,28009,33154,2759,131567
Savitreella_phatthalungensis	3025216	3025216,3025215,3025214,5008,147555,451866,4890,451864,4751,33154,2759,131567
Saxophila_tyrrhenica	1690608	1690608,1917220,1515657,2726947,451867,147541,715962,716546,147538,716545,4890,451864,4751,33154,2759,131567
Scalibregma_inflatum	195275	195275,195274,195271,105387,105389,6341,6340,1206795,2697495,33317,33213,6072,33208,33154,2759,131567
Scapharca_(Anadara)_broughtonii	148819	148819,6554,6553,106221,6552,6545,2785011,6544,6447,1206795,2697495,33317,33213,6072,33208,33154,2759,131567
Scapholeberis_cf._mucronata	202097	202097,77652,77658,116561,6665,84337,116557,6658,3701030,3701028,197562,197563,6656,88770,1206794,33317,33213,6072,33208,33154,2759,131567
Scatella_stagnalis	1690357	1690357,305595,92590,48991,43746,43741,43738,480117,480118,43733,7203,7147,3701063,3701062,33392,3701061,33340,7496,85512,50557,6960,3701030,3701028,197562,197563,6656,88770,1206794,33317,33213,6072,33208,33154,2759,131567
Scedosporium_apiospermum	563466	563466,41687,5593,5592,222543,147550,715989,716546,147538,716545,4890,451864,4751,33154,2759,131567
Scedosporium_boydii	5597	5597,41687,5593,5592,222543,147550,715989,716546,147538,716545,4890,451864,4751,33154,2759,131567
Scheffersomyces_amazonensis	1078765	1078765,766733,766764,2916678,3239874,147537,716545,4890,451864,4751,33154,2759,131567
Scheffersomyces_coipomensis	1788519	1788519,766733,766764,2916678,3239874,147537,716545,4890,451864,4751,33154,2759,131567
Scheffersomyces_spartinae	45513	45513,3712557,766764,2916678,3239874,147537,716545,4890,451864,4751,33154,2759,131567
Scheffersomyces_stipitis_CBS_6054	322104	322104,4924,766733,766764,2916678,3239874,147537,716545,4890,451864,4751,33154,2759,131567
Scheffersomyces_xylosifermentans	1304137	1304137,766733,766764,2916678,3239874,147537,716545,4890,451864,4751,33154,2759,131567
Schendyla_carniolensis	1820143	1820143,1147032,126944,60154,115407,115405,7540,61985,197563,6656,88770,1206794,33317,33213,6072,33208,33154,2759,131567
Schisandra_chinensis	50507	50507,13673,16733,82956,3398,58024,78536,58023,3193,131221,35493,33090,2759,131567
Schizocosa_rovneri	128042	128042,128031,74973,74972,94020,74971,6905,6893,6854,6843,6656,88770,1206794,33317,33213,6072,33208,33154,2759,131567
Schizophyllum_amplum	97359	97359,5333,5332,2985477,5338,452333,155619,5302,5204,451864,4751,33154,2759,131567
Schizophyllum_commune_H4-8	578458	578458,5334,5333,5332,2985477,5338,452333,155619,5302,5204,451864,4751,33154,2759,131567
Schizophyllum_commune_H48	578458	578458,5334,5333,5332,2985477,5338,452333,155619,5302,5204,451864,4751,33154,2759,131567
Schizophyllum_fasciatum	160053	160053,5333,5332,2985477,5338,452333,155619,5302,5204,451864,4751,33154,2759,131567
Schizopora_paradoxa	27342	27342,1213737,574935,139380,355688,155619,5302,5204,451864,4751,33154,2759,131567
Schizosaccharomyces_cryophilus_OY26	653667	653667,866546,4895,4894,34346,147554,451866,4890,451864,4751,33154,2759,131567
Schizosaccharomyces_japonicus_yFS275	402676	402676,4897,4895,4894,34346,147554,451866,4890,451864,4751,33154,2759,131567
Schizosaccharomyces_octosporus_yFS286	483514	483514,4899,4895,4894,34346,147554,451866,4890,451864,4751,33154,2759,131567
Schizosaccharomyces_osmophilus	2545709	2545709,4895,4894,34346,147554,451866,4890,451864,4751,33154,2759,131567
Schizosaccharomyces_pombe	4896	4896,4895,4894,34346,147554,451866,4890,451864,4751,33154,2759,131567
Schizothecium_vesticola	314040	314040,252155,2891592,5139,222544,147550,715989,716546,147538,716545,4890,451864,4751,33154,2759,131567
Schmidtea_mediterranea	79327	79327,55270,31262,1292253,1292243,6159,147100,6157,1206795,2697495,33317,33213,6072,33208,33154,2759,131567
Schmidtea_polychroa	50054	50054,55270,31262,1292253,1292243,6159,147100,6157,1206795,2697495,33317,33213,6072,33208,33154,2759,131567
Scleroderma_yunnanense	1163567	1163567,68787,37466,227327,68889,452333,155619,5302,5204,451864,4751,33154,2759,131567
Scleropages_formosus	113540	113540,27726,27723,41712,31089,1489343,1489341,32443,41665,186623,7898,117571,117570,7776,7742,89593,7711,33511,33213,6072,33208,33154,2759,131567
Sclerophora_amabilis	2939403	2939403,188195,164592,1293513,1293512,716546,147538,716545,4890,451864,4751,33154,2759,131567
Sclerotinia_borealis_F-4128	1432307	1432307,77105,5179,28983,5178,147548,715989,716546,147538,716545,4890,451864,4751,33154,2759,131567
Sclerotinia_borealis_F4128	1432307	1432307,77105,5179,28983,5178,147548,715989,716546,147538,716545,4890,451864,4751,33154,2759,131567
Sclerotinia_nivalis	352851	352851,5179,28983,5178,147548,715989,716546,147538,716545,4890,451864,4751,33154,2759,131567
Sclerotinia_sclerotiorum_1980_UF-70	665079	665079,5180,5179,28983,5178,147548,715989,716546,147538,716545,4890,451864,4751,33154,2759,131567
Sclerotinia_sclerotiorum_1980_UF70	665079	665079,5180,5179,28983,5178,147548,715989,716546,147538,716545,4890,451864,4751,33154,2759,131567
Sclerotinia_trifoliorum	28548	28548,5179,28983,5178,147548,715989,716546,147538,716545,4890,451864,4751,33154,2759,131567
Scolopendra_cingulata	41365	41365,41364,41363,41361,115407,115405,7540,61985,197563,6656,88770,1206794,33317,33213,6072,33208,33154,2759,131567
Scolopendropsis_bahiensis	1816098	1816098,1816097,41363,41361,115407,115405,7540,61985,197563,6656,88770,1206794,33317,33213,6072,33208,33154,2759,131567
Scolopocryptops_rubiginosus	987050	987050,118498,7543,41361,115407,115405,7540,61985,197563,6656,88770,1206794,33317,33213,6072,33208,33154,2759,131567
Scolopocryptops_sexspinosus	118499	118499,118498,7543,41361,115407,115405,7540,61985,197563,6656,88770,1206794,33317,33213,6072,33208,33154,2759,131567
Scophthalmus_maximus	52904	52904,52903,52902,30942,8252,1489904,1489872,123369,123368,123367,123366,123365,1489388,186625,1489341,32443,41665,186623,7898,117571,117570,7776,7742,89593,7711,33511,33213,6072,33208,33154,2759,131567
Scorpiops_sp._PPS-2014	1588039	1588039,2644625,259516,259509,259503,100971,70337,259439,6855,6854,6843,6656,88770,1206794,33317,33213,6072,33208,33154,2759,131567
Scutellospora_calospora	85575	85575,27382,36753,214509,214506,3705879,214504,112252,4751,33154,2759,131567
Scutigera_coleoptrata	29022	29022,29021,3568555,29020,41360,115404,7540,61985,197563,6656,88770,1206794,33317,33213,6072,33208,33154,2759,131567
Scutigerina_weberi	241666	241666,241665,3568561,41360,115404,7540,61985,197563,6656,88770,1206794,33317,33213,6072,33208,33154,2759,131567
Scutopus_ventrolineatus	52922	52922,52921,53695,53694,53692,52919,47122,6447,1206795,2697495,33317,33213,6072,33208,33154,2759,131567
Scytalidium_lignicola	5539	5539,5538,221903,147548,715989,716546,147538,716545,4890,451864,4751,33154,2759,131567
Scytosiphon_promiscuus	1403536	1403536,27966,2891,2877,2870,569578,2696291,33634,2698737,2759,131567
Sebastes_umbrosus	72105	72105,34820,274705,274692,8107,8111,1489922,1489872,123369,123368,123367,123366,123365,1489388,186625,1489341,32443,41665,186623,7898,117571,117570,7776,7742,89593,7711,33511,33213,6072,33208,33154,2759,131567
Segestria_sp._NG-2016	1794826	1794826,2676572,32266,42208,75054,74970,6905,6893,6854,6843,6656,88770,1206794,33317,33213,6072,33208,33154,2759,131567
Seiridium_cardinale	138064	138064,138063,1812776,3402561,222545,147550,715989,716546,147538,716545,4890,451864,4751,33154,2759,131567
Seiridium_cupressi	138065	138065,138063,1812776,3402561,222545,147550,715989,716546,147538,716545,4890,451864,4751,33154,2759,131567
Seiridium_unicorne	138068	138068,138063,1812776,3402561,222545,147550,715989,716546,147538,716545,4890,451864,4751,33154,2759,131567
Seirophora_lacunosa	1145348	1145348,671928,1301213,88646,1302176,107465,388435,1520881,147547,716546,147538,716545,4890,451864,4751,33154,2759,131567
Seirophora_scorigena	520600	520600,671928,1301213,88646,1302176,107465,388435,1520881,147547,716546,147538,716545,4890,451864,4751,33154,2759,131567
Seirophora_villosa	671929	671929,671928,1301213,88646,1302176,107465,388435,1520881,147547,716546,147538,716545,4890,451864,4751,33154,2759,131567
Selaginella_kraussiana	81964	81964,3246,3104451,3245,3244,1521260,58023,3193,131221,35493,33090,2759,131567
Selaginella_moellendorffii	88036	88036,3246,3104451,3245,3244,1521260,58023,3193,131221,35493,33090,2759,131567
Seminavis_robusta	568900	568900,286098,67474,38748,33850,33849,2836,2696291,33634,2698737,2759,131567
Semisulcospira_coreana	364284	364284,145881,584723,69597,216291,69555,6448,6447,1206795,2697495,33317,33213,6072,33208,33154,2759,131567
Semnoderes_armiger	1415233	1415233,1415232,1215726,3061610,310836,51516,1215728,1206794,33317,33213,6072,33208,33154,2759,131567
Senna_tora	362788	362788,53922,163091,3804,3803,72025,91835,71275,1437201,91827,71240,1437183,3398,58024,78536,58023,3193,131221,35493,33090,2759,131567
Septoria_linicola	215465	215465,39702,93133,2726947,451867,147541,715962,716546,147538,716545,4890,451864,4751,33154,2759,131567
Sequoia_sempervirens	28980	28980,25611,3367,1446379,2821351,3313,58019,1437180,58024,78536,58023,3193,131221,35493,33090,2759,131567
Serendipita_indica_DSM_11827	1109443	1109443,65672,358905,1506295,297313,355688,155619,5302,5204,451864,4751,33154,2759,131567
Serendipita_vermifera_MAFF_305830	933852	933852,109899,358905,1506295,297313,355688,155619,5302,5204,451864,4751,33154,2759,131567
Sergiolus_capulatus	1506255	1506255,1506254,243498,94015,94020,74971,6905,6893,6854,6843,6656,88770,1206794,33317,33213,6072,33208,33154,2759,131567
Serpula_lacrymans_var._lacrymans_S7.9	578457	578457,341189,85982,80744,389951,227334,68889,452333,155619,5302,5204,451864,4751,33154,2759,131567
Serratosagitta_serratodentata	1562712	1562712,366439,34753,34752,33512,1421718,10229,2697496,2697495,33317,33213,6072,33208,33154,2759,131567
Sesamum_alatum	300844	300844,4181,4180,4143,91888,71274,1437201,91827,71240,1437183,3398,58024,78536,58023,3193,131221,35493,33090,2759,131567
Sesamum_angolense	2727404	2727404,4181,4180,4143,91888,71274,1437201,91827,71240,1437183,3398,58024,78536,58023,3193,131221,35493,33090,2759,131567
Sesamum_angustifolium	2727405	2727405,4181,4180,4143,91888,71274,1437201,91827,71240,1437183,3398,58024,78536,58023,3193,131221,35493,33090,2759,131567
Sesamum_calycinum	2727403	2727403,4181,4180,4143,91888,71274,1437201,91827,71240,1437183,3398,58024,78536,58023,3193,131221,35493,33090,2759,131567
Sesamum_indicum	4182	4182,4181,4180,4143,91888,71274,1437201,91827,71240,1437183,3398,58024,78536,58023,3193,131221,35493,33090,2759,131567
Sesamum_latifolium	2727402	2727402,4181,4180,4143,91888,71274,1437201,91827,71240,1437183,3398,58024,78536,58023,3193,131221,35493,33090,2759,131567
Sesamum_radiatum	300843	300843,4181,4180,4143,91888,71274,1437201,91827,71240,1437183,3398,58024,78536,58023,3193,131221,35493,33090,2759,131567
Sesbania_bispinosa	485725	485725,3894,553630,2233857,2233838,2231382,2231393,3814,3803,72025,91835,71275,1437201,91827,71240,1437183,3398,58024,78536,58023,3193,131221,35493,33090,2759,131567
Setaria_italica	4555	4555,4554,1293361,147428,1648036,147369,147370,4479,38820,4734,1437197,4447,1437183,3398,58024,78536,58023,3193,131221,35493,33090,2759,131567
Setaria_viridis	4556	4556,4554,1293361,147428,1648036,147369,147370,4479,38820,4734,1437197,4447,1437183,3398,58024,78536,58023,3193,131221,35493,33090,2759,131567
Setomelanomma_holmii	210430	210430,210429,5020,715340,92860,451868,147541,715962,716546,147538,716545,4890,451864,4751,33154,2759,131567
Shorea_laevis	152420	152420,64588,65009,40588,41938,91836,71275,1437201,91827,71240,1437183,3398,58024,78536,58023,3193,131221,35493,33090,2759,131567
Sida_crystallina	77656	77656,77655,77654,116560,6665,84337,116557,6658,3701030,3701028,197562,197563,6656,88770,1206794,33317,33213,6072,33208,33154,2759,131567
Silene_latifolia	37657	37657,2777061,2777055,3573,1141492,3568,3524,1437201,91827,71240,1437183,3398,58024,78536,58023,3193,131221,35493,33090,2759,131567
Simocephalus_vetulus	77651	77651,77650,77658,116561,6665,84337,116557,6658,3701030,3701028,197562,197563,6656,88770,1206794,33317,33213,6072,33208,33154,2759,131567
Simrothiella_margaritacea	669227	669227,669223,211848,1077250,231996,47122,6447,1206795,2697495,33317,33213,6072,33208,33154,2759,131567
Sinapis_alba	3728	3728,3727,981071,3700,3699,91836,71275,1437201,91827,71240,1437183,3398,58024,78536,58023,3193,131221,35493,33090,2759,131567
Sinonovacula_constricta	98310	98310,98309,282291,98297,2783445,2908833,2785015,735337,6599,2785011,6544,6447,1206795,2697495,33317,33213,6072,33208,33154,2759,131567
Siphonaria_normalis	981058	981058,52930,52929,216442,2448547,2448546,977775,216307,216305,6448,6447,1206795,2697495,33317,33213,6072,33208,33154,2759,131567
Siphonaria_pectinata	57642	57642,52930,52929,216442,2448547,2448546,977775,216307,216305,6448,6447,1206795,2697495,33317,33213,6072,33208,33154,2759,131567
Siphonaria_sp.2	2916551	2916551,2671791,52930,52929,216442,2448547,2448546,977775,216307,216305,6448,6447,1206795,2697495,33317,33213,6072,33208,33154,2759,131567
Sipunculus_nudus	6446	6446,6445,6440,792580,216208,6433,6340,1206795,2697495,33317,33213,6072,33208,33154,2759,131567
Siro_boyerae	385973	385973,43273,43272,101146,43277,43271,6854,6843,6656,88770,1206794,33317,33213,6072,33208,33154,2759,131567
Sistotremastrum_niveocremeum_HHB9708	1314777	1314777,2834505,2834501,3402574,3402575,355688,155619,5302,5204,451864,4751,33154,2759,131567
Sistotremastrum_suecicum_HHB10207_ss-3	1314776	1314776,467971,139133,3402574,3402575,355688,155619,5302,5204,451864,4751,33154,2759,131567
Sistotremastrum_suecicum_HHB10207_ss3	1314776	1314776,467971,139133,3402574,3402575,355688,155619,5302,5204,451864,4751,33154,2759,131567
Sitalcina_lobata	1454760	1454760,656462,43292,101155,3053344,43288,101165,43271,6854,6843,6656,88770,1206794,33317,33213,6072,33208,33154,2759,131567
Skeletonema_menzelii	216823	216823,2842,29202,33847,33846,589449,2836,2696291,33634,2698737,2759,131567
Skeletonema_potamos	1429247	1429247,2842,29202,33847,33846,589449,2836,2696291,33634,2698737,2759,131567
Smallanthus_sonchifolius	185202	185202,176612,219129,911341,102804,4210,4209,91882,71274,1437201,91827,71240,1437183,3398,58024,78536,58023,3193,131221,35493,33090,2759,131567
Smittium_angustum	133377	133377,4888,4883,61421,2219693,451828,3704128,112252,4751,33154,2759,131567
Smittium_culicis	133412	133412,4888,4883,61421,2219693,451828,3704128,112252,4751,33154,2759,131567
Smittium_megazygosporum	133381	133381,4888,4883,61421,2219693,451828,3704128,112252,4751,33154,2759,131567
Smittium_mucronatum	133383	133383,4888,4883,61421,2219693,451828,3704128,112252,4751,33154,2759,131567
Smittium_simulii	133385	133385,4888,4883,61421,2219693,451828,3704128,112252,4751,33154,2759,131567
Sodiomyces_alcalophilus_JCM_7366	591952	591952,398408,1401161,1033978,1028384,222543,147550,715989,716546,147538,716545,4890,451864,4751,33154,2759,131567
Sodiomyces_alkalinus_F11	1314773	1314773,1302862,1401161,1033978,1028384,222543,147550,715989,716546,147538,716545,4890,451864,4751,33154,2759,131567
Solanum_bulbocastanum	147425	147425,4107,424574,424551,4070,4069,91888,71274,1437201,91827,71240,1437183,3398,58024,78536,58023,3193,131221,35493,33090,2759,131567
Solanum_commersonii	4109	4109,4107,424574,424551,4070,4069,91888,71274,1437201,91827,71240,1437183,3398,58024,78536,58023,3193,131221,35493,33090,2759,131567
Solanum_demissum	50514	50514,4107,424574,424551,4070,4069,91888,71274,1437201,91827,71240,1437183,3398,58024,78536,58023,3193,131221,35493,33090,2759,131567
Solanum_dulcamara	45834	45834,4107,424574,424551,4070,4069,91888,71274,1437201,91827,71240,1437183,3398,58024,78536,58023,3193,131221,35493,33090,2759,131567
Solanum_lycopersicum	4081	4081,49274,4107,424574,424551,4070,4069,91888,71274,1437201,91827,71240,1437183,3398,58024,78536,58023,3193,131221,35493,33090,2759,131567
Solanum_melongena	4111	4111,4107,424574,424551,4070,4069,91888,71274,1437201,91827,71240,1437183,3398,58024,78536,58023,3193,131221,35493,33090,2759,131567
Solanum_pennellii	28526	28526,49274,4107,424574,424551,4070,4069,91888,71274,1437201,91827,71240,1437183,3398,58024,78536,58023,3193,131221,35493,33090,2759,131567
Solanum_pinnatisectum	50273	50273,4107,424574,424551,4070,4069,91888,71274,1437201,91827,71240,1437183,3398,58024,78536,58023,3193,131221,35493,33090,2759,131567
Solanum_stenotomum	172797	172797,4107,424574,424551,4070,4069,91888,71274,1437201,91827,71240,1437183,3398,58024,78536,58023,3193,131221,35493,33090,2759,131567
Solanum_stoloniferum	62892	62892,4107,424574,424551,4070,4069,91888,71274,1437201,91827,71240,1437183,3398,58024,78536,58023,3193,131221,35493,33090,2759,131567
Solanum_tuberosum	4113	4113,4107,424574,424551,4070,4069,91888,71274,1437201,91827,71240,1437183,3398,58024,78536,58023,3193,131221,35493,33090,2759,131567
Solanum_verrucosum	315347	315347,4107,424574,424551,4070,4069,91888,71274,1437201,91827,71240,1437183,3398,58024,78536,58023,3193,131221,35493,33090,2759,131567
Solpugema_sp._MCZ_49525	2590529	2590529,2645420,2590528,2590527,41356,6854,6843,6656,88770,1206794,33317,33213,6072,33208,33154,2759,131567
Somion_occarium	3059160	3059160,3375401,2028206,5303,355688,155619,5302,5204,451864,4751,33154,2759,131567
Sordaria_brevicollis	83679	83679,5146,5148,5139,222544,147550,715989,716546,147538,716545,4890,451864,4751,33154,2759,131567
Sordaria_macrospora	5147	5147,5146,5148,5139,222544,147550,715989,716546,147538,716545,4890,451864,4751,33154,2759,131567
Sorghum_bicolor	4558	4558,4557,1648028,147429,1648033,147369,147370,4479,38820,4734,1437197,4447,1437183,3398,58024,78536,58023,3193,131221,35493,33090,2759,131567
Sorochytrium_milnesiophthora	3075319	3075319,3075318,3075317,4805,451460,451459,112252,4751,33154,2759,131567
Spadella_cephaloptera	52888	52888,47133,34756,33513,1421718,10229,2697496,2697495,33317,33213,6072,33208,33154,2759,131567
Sparassis_crispa	139825	139825,40466,40465,5303,355688,155619,5302,5204,451864,4751,33154,2759,131567
Spathaspora_passalidarum_NRRL_Y-27907	619300	619300,340170,412764,766764,2916678,3239874,147537,716545,4890,451864,4751,33154,2759,131567
Spathaspora_passalidarum_NRRL_Y27907	619300	619300,340170,412764,766764,2916678,3239874,147537,716545,4890,451864,4751,33154,2759,131567
Spatholobus_suberectus	455371	455371,132464,163735,2233855,2231382,2231393,3814,3803,72025,91835,71275,1437201,91827,71240,1437183,3398,58024,78536,58023,3193,131221,35493,33090,2759,131567
Sphacelaria_rigidula	117516	117516,27947,27946,27945,2870,569578,2696291,33634,2698737,2759,131567
Sphaceloma_murrayae	2082308	2082308,49222,40995,45676,451867,147541,715962,716546,147538,716545,4890,451864,4751,33154,2759,131567
Sphaeramia_orbicularis	375764	375764,375763,475176,83881,1489877,1489876,1489875,1489872,123369,123368,123367,123366,123365,1489388,186625,1489341,32443,41665,186623,7898,117571,117570,7776,7742,89593,7711,33511,33213,6072,33208,33154,2759,131567
Sphaerobolus_stellatus_SS14	990650	990650,68786,68785,68784,157608,452335,155619,5302,5204,451864,4751,33154,2759,131567
Sphaerodorum_gracilis	2576333	2576333,948934,222060,6348,105390,6341,6340,1206795,2697495,33317,33213,6072,33208,33154,2759,131567
Sphaeroforma_arctica	72019	72019,72018,198625,127916,33154,2759,131567
Sphaerolaimus_sp._T62	2881408	2881408,2634487,129903,129902,2301111,70219,119089,6231,1206794,33317,33213,6072,33208,33154,2759,131567
Sphaeroma_terebrans	180402	180402,96874,96822,3834647,96841,29979,6820,72041,6681,3701029,3701028,197562,197563,6656,88770,1206794,33317,33213,6072,33208,33154,2759,131567
Sphaerosporella_brunnea	1250544	1250544,43431,110846,5185,147549,147538,716545,4890,451864,4751,33154,2759,131567
Sphaerothecum_destruens	42893	42893,228970,198624,127916,33154,2759,131567
Sphaerulina_musiva_SO2202	692275	692275,85929,237179,93133,2726947,451867,147541,715962,716546,147538,716545,4890,451864,4751,33154,2759,131567
Sphagnum_balticum	128184	128184,13804,13803,13802,113508,404256,3208,3193,131221,35493,33090,2759,131567
Sphagnum_compactum	128190	128190,13804,13803,13802,113508,404256,3208,3193,131221,35493,33090,2759,131567
Sphagnum_fallax	53036	53036,13804,13803,13802,113508,404256,3208,3193,131221,35493,33090,2759,131567
Sphagnum_jensenii	128206	128206,13804,13803,13802,113508,404256,3208,3193,131221,35493,33090,2759,131567
Sphagnum_magellanicum	128215	128215,13804,13803,13802,113508,404256,3208,3193,131221,35493,33090,2759,131567
Sphagnum_tenellum	128247	128247,13804,13803,13802,113508,404256,3208,3193,131221,35493,33090,2759,131567
Sphagnum_troendelagicum	128251	128251,13804,13803,13802,113508,404256,3208,3193,131221,35493,33090,2759,131567
Sphagnurus_paluster	117069	117069,1663051,930979,2982303,5338,452333,155619,5302,5204,451864,4751,33154,2759,131567
Sphenodon_punctatus	8508	8508,8507,8506,8505,8504,32561,8457,32524,32523,1338369,8287,117571,117570,7776,7742,89593,7711,33511,33213,6072,33208,33154,2759,131567
Sphenostylis_stenocarpa	92480	92480,92479,163735,2233855,2231382,2231393,3814,3803,72025,91835,71275,1437201,91827,71240,1437183,3398,58024,78536,58023,3193,131221,35493,33090,2759,131567
Sphodros_rufipes	1203468	1203468,139860,88328,3435290,6894,6893,6854,6843,6656,88770,1206794,33317,33213,6072,33208,33154,2759,131567
Spinacia_oleracea	3562	3562,3561,1307775,1307796,3563,3524,1437201,91827,71240,1437183,3398,58024,78536,58023,3193,131221,35493,33090,2759,131567
Spinellus_fusiger	101115	101115,101114,1344966,4827,2212703,451507,1913637,112252,4751,33154,2759,131567
Spinther_sp._SA-2015	1649661	1649661,2646661,1649660,1649655,1649654,6341,6340,1206795,2697495,33317,33213,6072,33208,33154,2759,131567
Spirodela_intermedia	51605	51605,4473,284551,4454,16360,4447,1437183,3398,58024,78536,58023,3193,131221,35493,33090,2759,131567
Spiromyces_aspiralis	68401	68401,61417,4862,4861,2219690,451828,3704128,112252,4751,33154,2759,131567
Spizellomyces_punctatus_DAOM_BR117	645134	645134,109760,4815,34479,34478,451435,3705883,4761,3705317,112252,4751,33154,2759,131567
Spodoptera_frugiperda	7108	7108,7106,95182,7100,37570,104431,37567,41197,41196,41191,7088,85604,3701063,3701062,33392,3701061,33340,7496,85512,50557,6960,3701030,3701028,197562,197563,6656,88770,1206794,33317,33213,6072,33208,33154,2759,131567
Sporisorium_graminicola	280036	280036,63265,5268,5267,5257,452284,5204,451864,4751,33154,2759,131567
Sporisorium_reilianum_f._sp._reilianum	72559	72559,72558,63265,5268,5267,5257,452284,5204,451864,4751,33154,2759,131567
Sporobolomyces_blumeae	100912	100912,5429,1799696,231213,162481,29000,5204,451864,4751,33154,2759,131567
Sporobolomyces_johnsonii	5002	5002,5429,1799696,231213,162481,29000,5204,451864,4751,33154,2759,131567
Sporobolomyces_koalae	500713	500713,5429,1799696,231213,162481,29000,5204,451864,4751,33154,2759,131567
Sporobolomyces_ruberrimus	86828	86828,5429,1799696,231213,162481,29000,5204,451864,4751,33154,2759,131567
Sporobolomyces_salmoneus	183962	183962,5429,1799696,231213,162481,29000,5204,451864,4751,33154,2759,131567
Sporobolomyces_salmonicolor	5005	5005,5429,1799696,231213,162481,29000,5204,451864,4751,33154,2759,131567
Sporodiniella_umbellata	101117	101117,101116,1344955,1344963,4827,2212703,451507,1913637,112252,4751,33154,2759,131567
Sporormia_fimetaria_CBS_119925	1340428	1340428,718229,45136,55176,92860,451868,147541,715962,716546,147538,716545,4890,451864,4751,33154,2759,131567
Sporothrix_bragantina	671064	671064,29907,5152,5151,222544,147550,715989,716546,147538,716545,4890,451864,4751,33154,2759,131567
Sporothrix_brasiliensis_5110	1398154	1398154,545650,29907,5152,5151,222544,147550,715989,716546,147538,716545,4890,451864,4751,33154,2759,131567
Sporothrix_curviconia	1260050	1260050,29907,5152,5151,222544,147550,715989,716546,147538,716545,4890,451864,4751,33154,2759,131567
Sporothrix_epigloea	1892477	1892477,29907,5152,5151,222544,147550,715989,716546,147538,716545,4890,451864,4751,33154,2759,131567
Sporothrix_eucalyptigena	1812306	1812306,29907,5152,5151,222544,147550,715989,716546,147538,716545,4890,451864,4751,33154,2759,131567
Sporothrix_schenckii_1099-18	1397361	1397361,29908,29907,5152,5151,222544,147550,715989,716546,147538,716545,4890,451864,4751,33154,2759,131567
Sporothrix_schenckii_109918	1397361	1397361,29908,29907,5152,5151,222544,147550,715989,716546,147538,716545,4890,451864,4751,33154,2759,131567
Sporothrix_thermara	1805982	1805982,29907,5152,5151,222544,147550,715989,716546,147538,716545,4890,451864,4751,33154,2759,131567
Squamulea_squamosa	1301575	1301575,1301571,1301143,88646,1302176,107465,388435,1520881,147547,716546,147538,716545,4890,451864,4751,33154,2759,131567
Stachybotrys_chlorohalonatus_IBT_40285	1283841	1283841,388913,74721,1667166,5125,222543,147550,715989,716546,147538,716545,4890,451864,4751,33154,2759,131567
Stachybotrys_elegans	80388	80388,74721,1667166,5125,222543,147550,715989,716546,147538,716545,4890,451864,4751,33154,2759,131567
Stagonosporopsis_vannaccii	2606854	2606854,749880,683158,715340,92860,451868,147541,715962,716546,147538,716545,4890,451864,4751,33154,2759,131567
Staphylotrichum_longicolle	669026	669026,370954,35718,5139,222544,147550,715989,716546,147538,716545,4890,451864,4751,33154,2759,131567
Staphylotrichum_tortipilum	2831512	2831512,370954,35718,5139,222544,147550,715989,716546,147538,716545,4890,451864,4751,33154,2759,131567
Steccherinum_ochraceum	92696	92696,81060,81059,5303,355688,155619,5302,5204,451864,4751,33154,2759,131567
Steganacarus_magnus	52000	52000,51998,173043,66603,229889,66551,83137,6946,6933,6854,6843,6656,88770,1206794,33317,33213,6072,33208,33154,2759,131567
Stegodyphus_dumicola	202533	202533,175340,175333,175332,74971,6905,6893,6854,6843,6656,88770,1206794,33317,33213,6072,33208,33154,2759,131567
Stemona_tuberosa	167572	167572,85281,49662,40550,1437197,4447,1437183,3398,58024,78536,58023,3193,131221,35493,33090,2759,131567
Stemphylium_lycopersici	183478	183478,95729,28556,715340,92860,451868,147541,715962,716546,147538,716545,4890,451864,4751,33154,2759,131567
Stenochrus_portoricensis	2080935	2080935,61973,483291,43267,6854,6843,6656,88770,1206794,33317,33213,6072,33208,33154,2759,131567
Stenostomum_leucops	52061	52061,39238,39237,39236,6157,1206795,2697495,33317,33213,6072,33208,33154,2759,131567
Stenostomum_sthenum	1611831	1611831,39238,39237,39236,6157,1206795,2697495,33317,33213,6072,33208,33154,2759,131567
Stenotaenia_linearis	1569481	1569481,1428155,60155,60154,115407,115405,7540,61985,197563,6656,88770,1206794,33317,33213,6072,33208,33154,2759,131567
Stentor_coeruleus	5963	5963,5962,219169,5957,194287,431837,5878,33630,2698737,2759,131567
Stephania_cephalantha	152367	152367,147243,1961150,1461172,3455,41768,1437183,3398,58024,78536,58023,3193,131221,35493,33090,2759,131567
Stephania_japonica	461633	461633,147243,1961150,1461172,3455,41768,1437183,3398,58024,78536,58023,3193,131221,35493,33090,2759,131567
Stephania_yunnanensis	152371	152371,147243,1961150,1461172,3455,41768,1437183,3398,58024,78536,58023,3193,131221,35493,33090,2759,131567
Stephanocyclus_meneghinianus	29205	29205,2818153,29202,33847,33846,589449,2836,2696291,33634,2698737,2759,131567
Stephanodiscus_triporus	2934178	2934178,29206,29202,33847,33846,589449,2836,2696291,33634,2698737,2759,131567
Stephanoeca_diplocostata	81535	81535,81534,1158810,1924739,28009,33154,2759,131567
Stereocaulon_virgatum	373712	373712,50938,50937,157822,5197,388435,1520881,147547,716546,147538,716545,4890,451864,4751,33154,2759,131567
Stereum_hirsutum_FP-91666_SS1	721885	721885,40492,5644,103376,452342,355688,155619,5302,5204,451864,4751,33154,2759,131567
Stereum_hirsutum_FP91666_SS1	721885	721885,40492,5644,103376,452342,355688,155619,5302,5204,451864,4751,33154,2759,131567
Sternaspis_scutata	36133	36133,36132,36131,2784886,6373,105391,105389,6341,6340,1206795,2697495,33317,33213,6072,33208,33154,2759,131567
Sternophoridae_sp._MCZ_133496	2590522	2590522,2590521,118535,118534,51799,6854,6843,6656,88770,1206794,33317,33213,6072,33208,33154,2759,131567
Sticta_canariensis	243211	243211,137528,129109,157824,388450,388435,1520881,147547,716546,147538,716545,4890,451864,4751,33154,2759,131567
Stictis_urceolata	2704026	2704026,38075,56757,38074,388283,1520881,147547,716546,147538,716545,4890,451864,4751,33154,2759,131567
Stipagrostis_hirtigluma	1137549	1137549,348281,42073,147430,219382,147370,4479,38820,4734,1437197,4447,1437183,3398,58024,78536,58023,3193,131221,35493,33090,2759,131567
Straminergon_stramineum	249548	249548,140009,222836,13798,404315,114658,3214,404260,3208,3193,131221,35493,33090,2759,131567
Striga_asiatica	4170	4170,4169,216769,91896,4143,91888,71274,1437201,91827,71240,1437183,3398,58024,78536,58023,3193,131221,35493,33090,2759,131567
Striga_hermonthica	68872	68872,4169,216769,91896,4143,91888,71274,1437201,91827,71240,1437183,3398,58024,78536,58023,3193,131221,35493,33090,2759,131567
Strigamia_acuminata	1255758	1255758,126956,126955,60154,115407,115405,7540,61985,197563,6656,88770,1206794,33317,33213,6072,33208,33154,2759,131567
Strigramia_maritima	126957	126957,126956,126955,60154,115407,115405,7540,61985,197563,6656,88770,1206794,33317,33213,6072,33208,33154,2759,131567
Stromatinia_cepivora	38492	38492,66101,28983,5178,147548,715989,716546,147538,716545,4890,451864,4751,33154,2759,131567
Struwela_camposi	2859449	2859449,2859448,2859447,6348,105390,6341,6340,1206795,2697495,33317,33213,6072,33208,33154,2759,131567
Stygiomarasmius_scandens	2682957	2682957,3476784,3464759,2982316,5338,452333,155619,5302,5204,451864,4751,33154,2759,131567
Stylodrilus_heringianus	77571	77571,77570,77569,85671,6381,42113,6340,1206795,2697495,33317,33213,6072,33208,33154,2759,131567
Stylomenia_sulcodoryata	2137292	2137292,2137291,669221,1077249,231996,47122,6447,1206795,2697495,33317,33213,6072,33208,33154,2759,131567
Stylonectria_norvegica	1736662	1736662,1053253,110618,5125,222543,147550,715989,716546,147538,716545,4890,451864,4751,33154,2759,131567
Stylonychia_lemnae	5949	5949,5948,1001748,57506,693921,194286,33829,431838,5878,33630,2698737,2759,131567
Stylopallene_cheilorhynchus	1216044	1216044,373315,61896,3712574,3712569,373319,57294,6843,6656,88770,1206794,33317,33213,6072,33208,33154,2759,131567
Stylosanthes_scabra	79078	79078,35627,2231390,163725,2231387,2231393,3814,3803,72025,91835,71275,1437201,91827,71240,1437183,3398,58024,78536,58023,3193,131221,35493,33090,2759,131567
Sugiyamaella_lignohabitans	796027	796027,410829,410830,3243772,3239873,147537,716545,4890,451864,4751,33154,2759,131567
Suhomyces_tanzawaensis_NRRL_Y-17324	984487	984487,46583,1539666,766764,2916678,3239874,147537,716545,4890,451864,4751,33154,2759,131567
Suhomyces_tanzawaensis_NRRL_Y17324	984487	984487,46583,1539666,766764,2916678,3239874,147537,716545,4890,451864,4751,33154,2759,131567
Suillus_americanus	48561	48561,5379,227336,227332,68889,452333,155619,5302,5204,451864,4751,33154,2759,131567
Suillus_ampliporus	1912932	1912932,5379,227336,227332,68889,452333,155619,5302,5204,451864,4751,33154,2759,131567
Suillus_bovinus	48563	48563,5379,227336,227332,68889,452333,155619,5302,5204,451864,4751,33154,2759,131567
Suillus_brevipes_Sb2	1400700	1400700,48565,5379,227336,227332,68889,452333,155619,5302,5204,451864,4751,33154,2759,131567
Suillus_clintonianus	1904413	1904413,5379,227336,227332,68889,452333,155619,5302,5204,451864,4751,33154,2759,131567
Suillus_cothurnatus	48568	48568,5379,227336,227332,68889,452333,155619,5302,5204,451864,4751,33154,2759,131567
Suillus_decipiens	48569	48569,5379,227336,227332,68889,452333,155619,5302,5204,451864,4751,33154,2759,131567
Suillus_discolor	1912936	1912936,5379,227336,227332,68889,452333,155619,5302,5204,451864,4751,33154,2759,131567
Suillus_fuscotomentosus	1912939	1912939,5379,227336,227332,68889,452333,155619,5302,5204,451864,4751,33154,2759,131567
Suillus_hirtellus	279518	279518,5379,227336,227332,68889,452333,155619,5302,5204,451864,4751,33154,2759,131567
Suillus_lakei	48574	48574,5379,227336,227332,68889,452333,155619,5302,5204,451864,4751,33154,2759,131567
Suillus_luteus_UH-Slu-Lm8-n1	930992	930992,5384,5379,227336,227332,68889,452333,155619,5302,5204,451864,4751,33154,2759,131567
Suillus_luteus_UHSluLm8n1	930992	930992,5384,5379,227336,227332,68889,452333,155619,5302,5204,451864,4751,33154,2759,131567
Suillus_occidentalis	756607	756607,5379,227336,227332,68889,452333,155619,5302,5204,451864,4751,33154,2759,131567
Suillus_paluster	48578	48578,5379,227336,227332,68889,452333,155619,5302,5204,451864,4751,33154,2759,131567
Suillus_placidus	48579	48579,5379,227336,227332,68889,452333,155619,5302,5204,451864,4751,33154,2759,131567
Suillus_plorans	116603	116603,5379,227336,227332,68889,452333,155619,5302,5204,451864,4751,33154,2759,131567
Suillus_spraguei	5383	5383,5379,227336,227332,68889,452333,155619,5302,5204,451864,4751,33154,2759,131567
Suillus_subalutaceus	48586	48586,5379,227336,227332,68889,452333,155619,5302,5204,451864,4751,33154,2759,131567
Suillus_subaureus	48587	48587,5379,227336,227332,68889,452333,155619,5302,5204,451864,4751,33154,2759,131567
Suillus_subluteus	48588	48588,5379,227336,227332,68889,452333,155619,5302,5204,451864,4751,33154,2759,131567
Suillus_tomentosus	48589	48589,5379,227336,227332,68889,452333,155619,5302,5204,451864,4751,33154,2759,131567
Suillus_variegatus	48592	48592,5379,227336,227332,68889,452333,155619,5302,5204,451864,4751,33154,2759,131567
Suillus_weaverae	48593	48593,5379,227336,227332,68889,452333,155619,5302,5204,451864,4751,33154,2759,131567
Sungouiella_intermedia	45354	45354,3315605,27319,2916678,3239874,147537,716545,4890,451864,4751,33154,2759,131567
Superstitionia_donensis	311983	311983,259518,141985,88317,70337,259439,6855,6854,6843,6656,88770,1206794,33317,33213,6072,33208,33154,2759,131567
Sycon_ciliatum	27933	27933,27932,45125,86011,45124,27929,6040,33208,33154,2759,131567
Syllis_gracilis	418370	418370,418360,122238,6348,105390,6341,6340,1206795,2697495,33317,33213,6072,33208,33154,2759,131567
Symbiochloris_irregularis	706552	706552,1853743,2507902,2507901,75966,2692248,3041,33090,2759,131567
Symbiodinium_natans	878477	878477,2949,252141,89954,2864,33630,2698737,2759,131567
Symbiodinium_necroappetens	1628268	1628268,2949,252141,89954,2864,33630,2698737,2759,131567
Symbion_pandora	69817	69817,69816,69815,1206795,2697495,33317,33213,6072,33208,33154,2759,131567
Symphylella_sp._AD-2014	1519114	1519114,2624693,118504,118506,61986,61985,197563,6656,88770,1206794,33317,33213,6072,33208,33154,2759,131567
Sympodiomycopsis_kandeliae	574677	574677,37842,162477,162475,452283,452284,5204,451864,4751,33154,2759,131567
Symsagittifera_roscoffensis	84072	84072,90915,31268,31265,147099,1312402,33213,6072,33208,33154,2759,131567
Synaphobranchus_kaupii	118154	118154,118153,118155,118152,7933,32521,186624,1489340,32443,41665,186623,7898,117571,117570,7776,7742,89593,7711,33511,33213,6072,33208,33154,2759,131567
Syncephalastrum_racemosum	13706	13706,13705,37566,4827,2212703,451507,1913637,112252,4751,33154,2759,131567
Syncephalis_fuscata	1851187	1851187,78910,78903,78899,2233521,451827,1913638,112252,4751,33154,2759,131567
Syncephalis_plumigaleata	1851185	1851185,78910,78903,78899,2233521,451827,1913638,112252,4751,33154,2759,131567
Syncephalis_pseudoplumigaleata	1712513	1712513,78910,78903,78899,2233521,451827,1913638,112252,4751,33154,2759,131567
Synchytrium_endobioticum	286115	286115,286114,286113,2231171,451435,3705883,4761,3705317,112252,4751,33154,2759,131567
Synchytrium_microbalum	1806994	1806994,286114,286113,2231171,451435,3705883,4761,3705317,112252,4751,33154,2759,131567
Synsphyronus_apimelus	534689	534689,534688,197617,197616,51799,6854,6843,6656,88770,1206794,33317,33213,6072,33208,33154,2759,131567
Syssomonas_multiformis	2006709	2006709,2018064,42461,33154,2759,131567
Syzygium_grande	1042139	1042139,178174,1699522,1699513,3931,41944,91836,71275,1437201,91827,71240,1437183,3398,58024,78536,58023,3193,131221,35493,33090,2759,131567
Syzygium_oleosum	219896	219896,178174,1699522,1699513,3931,41944,91836,71275,1437201,91827,71240,1437183,3398,58024,78536,58023,3193,131221,35493,33090,2759,131567
Tachyglossus_aculeatus	9261	9261,9260,9259,9255,9254,40674,32524,32523,1338369,8287,117571,117570,7776,7742,89593,7711,33511,33213,6072,33208,33154,2759,131567
Tachypleus_gigas	6852	6852,6851,6846,6845,6844,6843,6656,88770,1206794,33317,33213,6072,33208,33154,2759,131567
Tachypleus_tridentatus	6853	6853,6851,6846,6845,6844,6843,6656,88770,1206794,33317,33213,6072,33208,33154,2759,131567
Tagetes_erecta	13708	13708,13707,219126,911341,102804,4210,4209,91882,71274,1437201,91827,71240,1437183,3398,58024,78536,58023,3193,131221,35493,33090,2759,131567
Takakia_lepidozioides	37425	37425,37424,70833,70832,113510,404254,3208,3193,131221,35493,33090,2759,131567
Talaromyces_amestolkiae	1196081	1196081,2752537,5094,28568,5042,451871,147545,716546,147538,716545,4890,451864,4751,33154,2759,131567
Talaromyces_atroroseus	1441469	1441469,2752540,5094,28568,5042,451871,147545,716546,147538,716545,4890,451864,4751,33154,2759,131567
Talaromyces_islandicus	28573	28573,2752542,5094,28568,5042,451871,147545,716546,147538,716545,4890,451864,4751,33154,2759,131567
Talaromyces_marneffei	37727	37727,2752537,5094,28568,5042,451871,147545,716546,147538,716545,4890,451864,4751,33154,2759,131567
Talaromyces_proteolyticus	1131652	1131652,2752543,5094,28568,5042,451871,147545,716546,147538,716545,4890,451864,4751,33154,2759,131567
Talaromyces_rugulosus	121627	121627,2752542,5094,28568,5042,451871,147545,716546,147538,716545,4890,451864,4751,33154,2759,131567
Talaromyces_stipitatus_ATCC_10500	441959	441959,28564,2752537,5094,28568,5042,451871,147545,716546,147538,716545,4890,451864,4751,33154,2759,131567
Talitrus_saltator	191375	191375,191374,92169,199476,1732206,1732196,6821,6820,72041,6681,3701029,3701028,197562,197563,6656,88770,1206794,33317,33213,6072,33208,33154,2759,131567
Tanacetum_coccineum	301880	301880,99105,886730,102810,102804,4210,4209,91882,71274,1437201,91827,71240,1437183,3398,58024,78536,58023,3193,131221,35493,33090,2759,131567
Tanaella_kommritzia	2823073	2823073,2563763,2563771,117987,116697,75398,6820,72041,6681,3701029,3701028,197562,197563,6656,88770,1206794,33317,33213,6072,33208,33154,2759,131567
Tanystylum_orbiculare	88027	88027,88026,155766,3712573,3712569,373319,57294,6843,6656,88770,1206794,33317,33213,6072,33208,33154,2759,131567
Taraxacum_koksaghyz	333970	333970,49743,745067,219121,219120,4210,4209,91882,71274,1437201,91827,71240,1437183,3398,58024,78536,58023,3193,131221,35493,33090,2759,131567
Tarenaya_hassleriana	28532	28532,1168313,2768677,301454,3699,91836,71275,1437201,91827,71240,1437183,3398,58024,78536,58023,3193,131221,35493,33090,2759,131567
Tasmannia_lanceolata	3420	3420,3421,3417,71187,232347,1437183,3398,58024,78536,58023,3193,131221,35493,33090,2759,131567
Taxus_chinensis	29808	29808,25628,25623,1446379,2821351,3313,58019,1437180,58024,78536,58023,3193,131221,35493,33090,2759,131567
Taxus_wallichiana	2778344	2778344,147273,25628,25623,1446379,2821351,3313,58019,1437180,58024,78536,58023,3193,131221,35493,33090,2759,131567
Telopea_speciosissima	54955	54955,54954,4328,232378,1437183,3398,58024,78536,58023,3193,131221,35493,33090,2759,131567
Teloschistes_chrysophthalmus	1445009	1445009,88647,1301212,88646,1302176,107465,388435,1520881,147547,716546,147538,716545,4890,451864,4751,33154,2759,131567
Teloschistes_exilis	271840	271840,88647,1301212,88646,1302176,107465,388435,1520881,147547,716546,147538,716545,4890,451864,4751,33154,2759,131567
Teloschistes_flavicans	442469	442469,88647,1301212,88646,1302176,107465,388435,1520881,147547,716546,147538,716545,4890,451864,4751,33154,2759,131567
Teloschistes_hypoglaucus	1300024	1300024,88647,1301212,88646,1302176,107465,388435,1520881,147547,716546,147538,716545,4890,451864,4751,33154,2759,131567
Teloschistes_peruensis	2903223	2903223,88647,1301212,88646,1302176,107465,388435,1520881,147547,716546,147538,716545,4890,451864,4751,33154,2759,131567
Tengella_radiata	389058	389058,388991,1112569,74972,94020,74971,6905,6893,6854,6843,6656,88770,1206794,33317,33213,6072,33208,33154,2759,131567
Tephrocybe_rancida	117070	117070,117062,930979,2982303,5338,452333,155619,5302,5204,451864,4751,33154,2759,131567
Teratosphaeria_nubilosa	161662	161662,237584,668547,2726947,451867,147541,715962,716546,147538,716545,4890,451864,4751,33154,2759,131567
Terebellides_stroemi	1037239	1037239,36114,36113,2784887,6373,105391,105389,6341,6340,1206795,2697495,33317,33213,6072,33208,33154,2759,131567
Terebratalia_transversa	34513	34513,34512,33476,115392,115390,7578,115371,115369,7568,1206795,2697495,33317,33213,6072,33208,33154,2759,131567
Terfezia_boudieri_ATCC_MYA-4762	1051890	1051890,82571,74855,5186,5185,147549,147538,716545,4890,451864,4751,33154,2759,131567
Terfezia_boudieri_ATCC_MYA4762	1051890	1051890,82571,74855,5186,5185,147549,147538,716545,4890,451864,4751,33154,2759,131567
Terfezia_claveryi	139407	139407,74855,5186,5185,147549,147538,716545,4890,451864,4751,33154,2759,131567
Terminoflustra_membranaceotruncata	2718619	2718619,2718618,478206,1962291,558764,10207,10206,10205,1206795,2697495,33317,33213,6072,33208,33154,2759,131567
Testicularia_cyperi	1882483	1882483,1882482,251612,5267,5257,452284,5204,451864,4751,33154,2759,131567
Tetrabaena_socialis	47790	47790,47789,47777,3042,2812636,3166,2692248,3041,33090,2759,131567
Tetracentron_sinense	13715	13715,13714,4405,400839,1437183,3398,58024,78536,58023,3193,131221,35493,33090,2759,131567
Tetraclita_japonica	240496	240496,32275,37894,2899673,2899670,2899756,6676,6675,116172,3701029,3701028,197562,197563,6656,88770,1206794,33317,33213,6072,33208,33154,2759,131567
Tetradesmus_obliquus	3088	3088,91192,3086,35491,2812636,3166,2692248,3041,33090,2759,131567
Tetrahymena_malaccensis	5901	5901,5890,291294,37093,31277,6020,431838,5878,33630,2698737,2759,131567
Tetrahymena_thermophila_SB210	312017	312017,5911,5890,291294,37093,31277,6020,431838,5878,33630,2698737,2759,131567
Tetranychus_cinnabarinus	93129	93129,32263,32262,83146,188550,83145,6947,83136,6946,6933,6854,6843,6656,88770,1206794,33317,33213,6072,33208,33154,2759,131567
Tetranychus_urticae	32264	32264,32263,32262,83146,188550,83145,6947,83136,6946,6933,6854,6843,6656,88770,1206794,33317,33213,6072,33208,33154,2759,131567
Tetraparma_gracilis	2962635	2962635,2962634,722751,722750,91989,2696291,33634,2698737,2759,131567
Tetrapisispora_phaffii_CBS_4417	1071381	1071381,113608,113604,4893,4892,4891,147537,716545,4890,451864,4751,33154,2759,131567
Tetrapyrgos_nigripes	182062	182062,182061,3464759,2982316,5338,452333,155619,5302,5204,451864,4751,33154,2759,131567
Tetrastemma_longissimum	307676	307676,77592,35726,2053500,6227,6226,6225,6217,1206795,2697495,33317,33213,6072,33208,33154,2759,131567
Tetrastemma_melanocephalum	307678	307678,77592,35726,2053500,6227,6226,6225,6217,1206795,2697495,33317,33213,6072,33208,33154,2759,131567
Tetrastigma_harmandii	1932026	1932026,149371,2304098,3602,403667,91834,71275,1437201,91827,71240,1437183,3398,58024,78536,58023,3193,131221,35493,33090,2759,131567
Tetrastigma_loheri	1006131	1006131,149371,2304098,3602,403667,91834,71275,1437201,91827,71240,1437183,3398,58024,78536,58023,3193,131221,35493,33090,2759,131567
Tetrastigma_magnum	1932020	1932020,149371,2304098,3602,403667,91834,71275,1437201,91827,71240,1437183,3398,58024,78536,58023,3193,131221,35493,33090,2759,131567
Tetrastigma_scariosum	1932022	1932022,149371,2304098,3602,403667,91834,71275,1437201,91827,71240,1437183,3398,58024,78536,58023,3193,131221,35493,33090,2759,131567
Tetrastigma_voinierianum	345143	345143,149371,2304098,3602,403667,91834,71275,1437201,91827,71240,1437183,3398,58024,78536,58023,3193,131221,35493,33090,2759,131567
Tetrix_subulata	288127	288127,58593,1636980,58550,59403,1955150,7001,6993,33341,33340,7496,85512,50557,6960,3701030,3701028,197562,197563,6656,88770,1206794,33317,33213,6072,33208,33154,2759,131567
Thalassiosira_exigua	2934189	2934189,35127,29202,33847,33846,589449,2836,2696291,33634,2698737,2759,131567
Thalassiosira_profunda	376140	376140,35127,29202,33847,33846,589449,2836,2696291,33634,2698737,2759,131567
Thalassiosira_pseudonana_CCMP1335	296543	296543,35128,35127,29202,33847,33846,589449,2836,2696291,33634,2698737,2759,131567
Thalictrum_thalictroides	46969	46969,46968,1463137,3440,41768,1437183,3398,58024,78536,58023,3193,131221,35493,33090,2759,131567
Thamnidium_elegans	101142	101142,101141,34489,1344963,4827,2212703,451507,1913637,112252,4751,33154,2759,131567
Thamnocephalis_sphaerospora	78915	78915,78914,78905,78899,2233521,451827,1913638,112252,4751,33154,2759,131567
Theatops_spinicaudus	1816096	1816096,60165,7543,41361,115407,115405,7540,61985,197563,6656,88770,1206794,33317,33213,6072,33208,33154,2759,131567
Theba_pisana	145622	145622,145621,6533,87862,216366,6527,120490,977775,216307,216305,6448,6447,1206795,2697495,33317,33213,6072,33208,33154,2759,131567
Thecaphora_frezii	1269715	1269715,63266,62925,62921,5257,452284,5204,451864,4751,33154,2759,131567
Theileria_annulata	5874	5874,5873,27994,5863,422676,5794,33630,2698737,2759,131567
Theileria_equi_strain_WA	1537102	1537102,5872,5873,27994,5863,422676,5794,33630,2698737,2759,131567
Theileria_orientalis_strain_Shintoku	869250	869250,68886,5873,27994,5863,422676,5794,33630,2698737,2759,131567
Theileria_parva_strain_Muguga	333668	333668,5875,5873,27994,5863,422676,5794,33630,2698737,2759,131567
Thelephora_ganbajun	370292	370292,56489,56488,56487,355688,155619,5302,5204,451864,4751,33154,2759,131567
Thelephora_terrestris	56493	56493,56489,56488,56487,355688,155619,5302,5204,451864,4751,33154,2759,131567
Thelocarpon_impressellum	1116844	1116844,286412,286409,2029571,2302851,716546,147538,716545,4890,451864,4751,33154,2759,131567
Thelocarpon_superellum	2939404	2939404,286412,286409,2029571,2302851,716546,147538,716545,4890,451864,4751,33154,2759,131567
Thelonectria_olida	1576542	1576542,1053258,110618,5125,222543,147550,715989,716546,147538,716545,4890,451864,4751,33154,2759,131567
Thelotrema_lepadinum	209281	209281,208717,1130107,1130102,71598,38074,388283,1520881,147547,716546,147538,716545,4890,451864,4751,33154,2759,131567
Theobroma_cacao	3641	3641,3640,214909,3629,41938,91836,71275,1437201,91827,71240,1437183,3398,58024,78536,58023,3193,131221,35493,33090,2759,131567
Thereuonema_tuberculata	353554	353554,244986,3568550,29020,41360,115404,7540,61985,197563,6656,88770,1206794,33317,33213,6072,33208,33154,2759,131567
Theridiosoma_savannum	2080868	2080868,233288,233274,74975,74974,74971,6905,6893,6854,6843,6656,88770,1206794,33317,33213,6072,33208,33154,2759,131567
Thermoascus_aurantiacus_ATCC_26904	1133049	1133049,5087,5086,1131624,5042,451871,147545,716546,147538,716545,4890,451864,4751,33154,2759,131567
Thermoascus_crustaceus	5088	5088,5086,1131624,5042,451871,147545,716546,147538,716545,4890,451864,4751,33154,2759,131567
Thermoascus_thermophilus	1131473	1131473,5086,1131624,5042,451871,147545,716546,147538,716545,4890,451864,4751,33154,2759,131567
Thermobia_domestica	89055	89055,89054,3738404,27551,30264,85512,50557,6960,3701030,3701028,197562,197563,6656,88770,1206794,33317,33213,6072,33208,33154,2759,131567
Thermocarpiscus_australiensis	113626	113626,2943938,35718,5139,222544,147550,715989,716546,147538,716545,4890,451864,4751,33154,2759,131567
Thermochaetoides_thermophila_DSM_1495	759272	759272,209285,2944547,35718,5139,222544,147550,715989,716546,147538,716545,4890,451864,4751,33154,2759,131567
Thermomyces_dupontii	28565	28565,5540,28568,5042,451871,147545,716546,147538,716545,4890,451864,4751,33154,2759,131567
Thermomyces_lanuginosus	5541	5541,5540,28568,5042,451871,147545,716546,147538,716545,4890,451864,4751,33154,2759,131567
Thermomyces_stellatus	2075419	2075419,5594,5593,5592,222543,147550,715989,716546,147538,716545,4890,451864,4751,33154,2759,131567
Thermothelomyces_fergusii	2588716	2588716,1920207,35718,5139,222544,147550,715989,716546,147538,716545,4890,451864,4751,33154,2759,131567
Thermothelomyces_heterothallicus_CBS_202.75	1149848	1149786,1920207,35718,5139,222544,147550,715989,716546,147538,716545,4890,451864,4751,33154,2759,131567
Thermothelomyces_hinnuleus	225406	225406,1920207,35718,5139,222544,147550,715989,716546,147538,716545,4890,451864,4751,33154,2759,131567
Thermothelomyces_myriococcoides	2588717	2588717,1920207,35718,5139,222544,147550,715989,716546,147538,716545,4890,451864,4751,33154,2759,131567
Thermothelomyces_thermophilus_ATCC_42464	573729	573729,78579,1920207,35718,5139,222544,147550,715989,716546,147538,716545,4890,451864,4751,33154,2759,131567
Thermothielavioides_terrestris_NRRL_8126	578455	578455,2587410,2609811,35718,5139,222544,147550,715989,716546,147538,716545,4890,451864,4751,33154,2759,131567
Theromaster_sp._RF-2017	1955777	1955777,2624871,766752,118601,101149,3053345,43288,101165,43271,6854,6843,6656,88770,1206794,33317,33213,6072,33208,33154,2759,131567
Thlaspi_arvense	13288	13288,13287,981099,3700,3699,91836,71275,1437201,91827,71240,1437183,3398,58024,78536,58023,3193,131221,35493,33090,2759,131567
Thoracophelia_mucronata	1280055	1280055,1280053,36122,105387,105389,6341,6340,1206795,2697495,33317,33213,6072,33208,33154,2759,131567
Thoreauomyces_humboldtii	1396496	1396496,1396495,1134080,34478,451435,3705883,4761,3705317,112252,4751,33154,2759,131567
Thrasychirus_gulosus	1160271	1160271,1160270,2822159,118604,101159,43278,101165,43271,6854,6843,6656,88770,1206794,33317,33213,6072,33208,33154,2759,131567
Thraustotheca_clavata	74557	74557,74556,3456998,4763,3456997,4762,33634,2698737,2759,131567
Thrips_palmi	161013	161013,45057,153976,45053,45049,38130,30262,33342,3701061,33340,7496,85512,50557,6960,3701030,3701028,197562,197563,6656,88770,1206794,33317,33213,6072,33208,33154,2759,131567
Thuidium_tamariscinum	67428	67428,67427,61526,13798,404315,114658,3214,404260,3208,3193,131221,35493,33090,2759,131567
Thuja_plicata	3316	3316,3315,3367,1446379,2821351,3313,58019,1437180,58024,78536,58023,3193,131221,35493,33090,2759,131567
Thuridilla_gracilis	483958	483958,154617,71492,71491,71490,977775,216307,216305,6448,6447,1206795,2697495,33317,33213,6072,33208,33154,2759,131567
Thyridium_curvatum	1093900	1093900,265082,265081,3402571,222544,147550,715989,716546,147538,716545,4890,451864,4751,33154,2759,131567
Thysanoessa_inermis	210626	210626,48145,6817,6816,3701045,72041,6681,3701029,3701028,197562,197563,6656,88770,1206794,33317,33213,6072,33208,33154,2759,131567
Tieghemiomyces_parasiticus	78921	78921,78920,78919,78918,2219692,451828,3704128,112252,4751,33154,2759,131567
Tigriopus_californicus	6832	6832,6831,512265,41212,116571,116569,6830,3701030,3701028,197562,197563,6656,88770,1206794,33317,33213,6072,33208,33154,2759,131567
Tigriopus_japonicus	158387	158387,6831,512265,41212,116571,116569,6830,3701030,3701028,197562,197563,6656,88770,1206794,33317,33213,6072,33208,33154,2759,131567
Tillandsia_fasciculata	220113	220113,15170,1908800,1908796,1908689,4613,38820,4734,1437197,4447,1437183,3398,58024,78536,58023,3193,131221,35493,33090,2759,131567
Tillandsia_leiboldiana	1842917	1842917,15170,1908800,1908796,1908689,4613,38820,4734,1437197,4447,1437183,3398,58024,78536,58023,3193,131221,35493,33090,2759,131567
Tilletia_controversa	13291	13291,13289,5279,62916,452283,452284,5204,451864,4751,33154,2759,131567
Tilletia_laevis	157183	157183,13289,5279,62916,452283,452284,5204,451864,4751,33154,2759,131567
Tilletia_maclaganii	1031713	1031713,13289,5279,62916,452283,452284,5204,451864,4751,33154,2759,131567
Tilletia_walkeri	117179	117179,13289,5279,62916,452283,452284,5204,451864,4751,33154,2759,131567
Tilletiaria_anomala_UBC_951	1037660	1037660,5281,5280,62919,62913,452283,452284,5204,451864,4751,33154,2759,131567
Tilletiopsis_washingtonensis	58919	58919,1500560,162479,62914,452283,452284,5204,451864,4751,33154,2759,131567
Timema_californicum	61474	61474,61471,213546,213545,523712,7020,33341,33340,7496,85512,50557,6960,3701030,3701028,197562,197563,6656,88770,1206794,33317,33213,6072,33208,33154,2759,131567
Timspurckia_oligopyrenoides	708627	708627,983317,2799,2798,2797,2763,2759,131567
Tirmania_nivea	160517	160517,160516,5186,5185,147549,147538,716545,4890,451864,4751,33154,2759,131567
Titiscania_limacina	200181	200181,200180,200171,977770,977767,119397,6448,6447,1206795,2697495,33317,33213,6072,33208,33154,2759,131567
Tobrilus_sp.	2490278	2490278,2644094,327476,1337729,2301137,1337737,211184,33218,119088,6231,1206794,33317,33213,6072,33208,33154,2759,131567
Toensbergia_leucococca	1453789	1453789,1454054,1454053,1500427,388435,1520881,147547,716546,147538,716545,4890,451864,4751,33154,2759,131567
Tolypocladium_capitatum	45235	45235,29909,474942,5125,222543,147550,715989,716546,147538,716545,4890,451864,4751,33154,2759,131567
Tolypocladium_ophioglossoides_CBS_100239	1163406	1163406,71617,29909,474942,5125,222543,147550,715989,716546,147538,716545,4890,451864,4751,33154,2759,131567
Tolypocladium_paradoxum	94208	94208,29909,474942,5125,222543,147550,715989,716546,147538,716545,4890,451864,4751,33154,2759,131567
Tomocerus_qinae	1765738	1765738,58788,79716,1410427,730330,30001,6960,3701030,3701028,197562,197563,6656,88770,1206794,33317,33213,6072,33208,33154,2759,131567
Tomopteris_sp._ET-2021	2863090	2863090,2625395,397573,397572,6348,105390,6341,6340,1206795,2697495,33317,33213,6072,33208,33154,2759,131567
Tonicella_lineata	256058	256058,256057,34585,291892,6652,6651,6650,6447,1206795,2697495,33317,33213,6072,33208,33154,2759,131567
Torreya_grandis	58047	58047,50188,25623,1446379,2821351,3313,58019,1437180,58024,78536,58023,3193,131221,35493,33090,2759,131567
Tortispora_caseinolytica_NRRL_Y-17796	767744	767744,51930,1540147,1540145,3243781,3239879,147537,716545,4890,451864,4751,33154,2759,131567
Tortispora_caseinolytica_NRRL_Y17796	767744	767744,51930,1540147,1540145,3243781,3239879,147537,716545,4890,451864,4751,33154,2759,131567
Torulaspora_delbrueckii	4950	4950,4948,4893,4892,4891,147537,716545,4890,451864,4751,33154,2759,131567
Torulaspora_globosa	48254	48254,4948,4893,4892,4891,147537,716545,4890,451864,4751,33154,2759,131567
Tothia_fuscella	1048955	1048955,1048954,2728979,1111111,451868,147541,715962,716546,147538,716545,4890,451864,4751,33154,2759,131567
Toxoplasma_gondii_ME49	508771	508771,5811,5810,5809,423054,75739,5796,1280412,5794,33630,2698737,2759,131567
Trachipleistophora_hominis	72359	72359,72358,35232,6036,6029,112252,4751,33154,2759,131567
Trametes_cingulata	575983	575983,5324,5317,5303,355688,155619,5302,5204,451864,4751,33154,2759,131567
Trametes_cinnabarina	5643	5643,5324,5317,5303,355688,155619,5302,5204,451864,4751,33154,2759,131567
Trametes_coccinea_BRFM310	1353009	1353009,158605,5324,5317,5303,355688,155619,5302,5204,451864,4751,33154,2759,131567
Trametes_cubensis	1111947	1111947,5324,5317,5303,355688,155619,5302,5204,451864,4751,33154,2759,131567
Trametes_elegans	526244	526244,5324,5317,5303,355688,155619,5302,5204,451864,4751,33154,2759,131567
Trametes_maxima	259368	259368,5324,5317,5303,355688,155619,5302,5204,451864,4751,33154,2759,131567
Trametes_meyenii	526243	526243,5324,5317,5303,355688,155619,5302,5204,451864,4751,33154,2759,131567
Trametes_polyzona	239206	239206,5324,5317,5303,355688,155619,5302,5204,451864,4751,33154,2759,131567
Trametes_pubescens	154538	154538,5324,5317,5303,355688,155619,5302,5204,451864,4751,33154,2759,131567
Trametes_punicea	571087	571087,5324,5317,5303,355688,155619,5302,5204,451864,4751,33154,2759,131567
Trametes_sanguinea	158606	158606,5324,5317,5303,355688,155619,5302,5204,451864,4751,33154,2759,131567
Trametes_versicolor_FP-101664_SS1	717944	717944,5325,5324,5317,5303,355688,155619,5302,5204,451864,4751,33154,2759,131567
Trametes_versicolor_FP101664_SS1	717944	717944,5325,5324,5317,5303,355688,155619,5302,5204,451864,4751,33154,2759,131567
Trametopsis_cervina	1111950	1111950,1111949,1931355,5303,355688,155619,5302,5204,451864,4751,33154,2759,131567
Trapa_natans	22666	22666,22665,3928,41944,91836,71275,1437201,91827,71240,1437183,3398,58024,78536,58023,3193,131221,35493,33090,2759,131567
Trapelia_coarctata	129515	129515,91806,1520784,1520783,388283,1520881,147547,716546,147538,716545,4890,451864,4751,33154,2759,131567
Travisiopsis_sp._ET-2021	2863091	2863091,2859438,2486093,588354,6348,105390,6341,6340,1206795,2697495,33317,33213,6072,33208,33154,2759,131567
Trema_orientale	63057	63057,3479,3481,3744,91835,71275,1437201,91827,71240,1437183,3398,58024,78536,58023,3193,131221,35493,33090,2759,131567
Trematosphaeria_pertusa	390896	390896,100048,1208339,1255046,92860,451868,147541,715962,716546,147538,716545,4890,451864,4751,33154,2759,131567
Tremella_mesenterica_DSM_1558	578456	578456,5217,105767,5215,5234,155616,5302,5204,451864,4751,33154,2759,131567
Triangularia_setosa	2587417	2587417,252192,2609812,5139,222544,147550,715989,716546,147538,716545,4890,451864,4751,33154,2759,131567
Triangularia_verruculosa	2587418	2587418,252192,2609812,5139,222544,147550,715989,716546,147538,716545,4890,451864,4751,33154,2759,131567
Tribolium_castaneum	7070	7070,7069,1304792,7065,71527,41088,41084,7041,3701064,3701062,33392,3701061,33340,7496,85512,50557,6960,3701030,3701028,197562,197563,6656,88770,1206794,33317,33213,6072,33208,33154,2759,131567
Tribonema_minus	303371	303371,2980,2979,2978,2833,569578,2696291,33634,2698737,2759,131567
Tricharina_praecox	43433	43433,43430,110846,5185,147549,147538,716545,4890,451864,4751,33154,2759,131567
Trichobranchus_roseus	2248427	2248427,153654,36113,2784887,6373,105391,105389,6341,6340,1206795,2697495,33317,33213,6072,33208,33154,2759,131567
Trichocladium_antarcticum	1450529	1450529,290625,35718,5139,222544,147550,715989,716546,147538,716545,4890,451864,4751,33154,2759,131567
Trichocorixa_calva	1585305	1585305,881783,280168,236405,33352,33351,33349,33347,33345,33343,7524,33342,3701061,33340,7496,85512,50557,6960,3701030,3701028,197562,197563,6656,88770,1206794,33317,33213,6072,33208,33154,2759,131567
Trichodelitschia_bisporula	703511	703511,372047,45152,1818663,159987,147541,715962,716546,147538,716545,4890,451864,4751,33154,2759,131567
Trichoderma_aethiopicum	1195187	1195187,5543,5129,5125,222543,147550,715989,716546,147538,716545,4890,451864,4751,33154,2759,131567
Trichoderma_afarasin	1571655	1571655,5543,5129,5125,222543,147550,715989,716546,147538,716545,4890,451864,4751,33154,2759,131567
Trichoderma_afroharzianum	1567482	1567482,5543,5129,5125,222543,147550,715989,716546,147538,716545,4890,451864,4751,33154,2759,131567
Trichoderma_aggressivum_f._europaeum	173218	173218,173216,5543,5129,5125,222543,147550,715989,716546,147538,716545,4890,451864,4751,33154,2759,131567
Trichoderma_asperelloides	702382	702382,5543,5129,5125,222543,147550,715989,716546,147538,716545,4890,451864,4751,33154,2759,131567
Trichoderma_asperellum	101201	101201,5543,5129,5125,222543,147550,715989,716546,147538,716545,4890,451864,4751,33154,2759,131567
Trichoderma_atroviride	63577	63577,5543,5129,5125,222543,147550,715989,716546,147538,716545,4890,451864,4751,33154,2759,131567
Trichoderma_austrokoningii	362043	362043,5543,5129,5125,222543,147550,715989,716546,147538,716545,4890,451864,4751,33154,2759,131567
Trichoderma_barbatum	911154	911154,5543,5129,5125,222543,147550,715989,716546,147538,716545,4890,451864,4751,33154,2759,131567
Trichoderma_breve	2034170	2034170,5543,5129,5125,222543,147550,715989,716546,147538,716545,4890,451864,4751,33154,2759,131567
Trichoderma_camerunense	1738374	1738374,5543,5129,5125,222543,147550,715989,716546,147538,716545,4890,451864,4751,33154,2759,131567
Trichoderma_ceciliae	1491460	1491460,5543,5129,5125,222543,147550,715989,716546,147538,716545,4890,451864,4751,33154,2759,131567
Trichoderma_chlorosporum	257799	257799,5543,5129,5125,222543,147550,715989,716546,147538,716545,4890,451864,4751,33154,2759,131567
Trichoderma_citrinoviride	58853	58853,5543,5129,5125,222543,147550,715989,716546,147538,716545,4890,451864,4751,33154,2759,131567
Trichoderma_compactum	1490983	1490983,5543,5129,5125,222543,147550,715989,716546,147538,716545,4890,451864,4751,33154,2759,131567
Trichoderma_cornu-damae	654480	654480,5543,5129,5125,222543,147550,715989,716546,147538,716545,4890,451864,4751,33154,2759,131567
Trichoderma_cornudamae	654480	654480,5543,5129,5125,222543,147550,715989,716546,147538,716545,4890,451864,4751,33154,2759,131567
Trichoderma_evansii	549676	549676,5543,5129,5125,222543,147550,715989,716546,147538,716545,4890,451864,4751,33154,2759,131567
Trichoderma_gamsii	398673	398673,5543,5129,5125,222543,147550,715989,716546,147538,716545,4890,451864,4751,33154,2759,131567
Trichoderma_ghanense	65468	65468,5543,5129,5125,222543,147550,715989,716546,147538,716545,4890,451864,4751,33154,2759,131567
Trichoderma_gracile	1195189	1195189,5543,5129,5125,222543,147550,715989,716546,147538,716545,4890,451864,4751,33154,2759,131567
Trichoderma_guizhouense	1491466	1491466,5543,5129,5125,222543,147550,715989,716546,147538,716545,4890,451864,4751,33154,2759,131567
Trichoderma_harzianum_CBS_226.95	983964	983964,5544,5543,5129,5125,222543,147550,715989,716546,147538,716545,4890,451864,4751,33154,2759,131567
Trichoderma_lentiforme	1567552	1567552,5543,5129,5125,222543,147550,715989,716546,147538,716545,4890,451864,4751,33154,2759,131567
Trichoderma_novae-zelandiae	173947	173947,5543,5129,5125,222543,147550,715989,716546,147538,716545,4890,451864,4751,33154,2759,131567
Trichoderma_novaezelandiae	173947	173947,5543,5129,5125,222543,147550,715989,716546,147538,716545,4890,451864,4751,33154,2759,131567
Trichoderma_parareesei	858221	858221,5543,5129,5125,222543,147550,715989,716546,147538,716545,4890,451864,4751,33154,2759,131567
Trichoderma_pleuroticola	504485	504485,5543,5129,5125,222543,147550,715989,716546,147538,716545,4890,451864,4751,33154,2759,131567
Trichoderma_reesei_QM6a	431241	431241,51453,5543,5129,5125,222543,147550,715989,716546,147538,716545,4890,451864,4751,33154,2759,131567
Trichoderma_semiorbis	1491008	1491008,5543,5129,5125,222543,147550,715989,716546,147538,716545,4890,451864,4751,33154,2759,131567
Trichoderma_simmonsii	1491479	1491479,5543,5129,5125,222543,147550,715989,716546,147538,716545,4890,451864,4751,33154,2759,131567
Trichoderma_velutinum	202918	202918,5543,5129,5125,222543,147550,715989,716546,147538,716545,4890,451864,4751,33154,2759,131567
Trichoderma_virens_Gv29-8	413071	413071,29875,5543,5129,5125,222543,147550,715989,716546,147538,716545,4890,451864,4751,33154,2759,131567
Trichoderma_virens_Gv298	413071	413071,29875,5543,5129,5125,222543,147550,715989,716546,147538,716545,4890,451864,4751,33154,2759,131567
Trichodrilus_strandi	1736119	1736119,100957,77569,85671,6381,42113,6340,1206795,2697495,33317,33213,6072,33208,33154,2759,131567
Trichoglossum_hirsutum	265104	265104,265103,34368,654833,663566,716546,147538,716545,4890,451864,4751,33154,2759,131567
Tricholepidion_gertschi	89825	89825,89824,85510,30264,85512,50557,6960,3701030,3701028,197562,197563,6656,88770,1206794,33317,33213,6072,33208,33154,2759,131567
Tricholoma_furcatifolium	2724999	2724999,40144,5351,2982303,5338,452333,155619,5302,5204,451864,4751,33154,2759,131567
Tricholomella_constricta	117010	117010,180950,930979,2982303,5338,452333,155619,5302,5204,451864,4751,33154,2759,131567
Trichomonascus_vanleenenianus	2268995	2268995,43971,410830,3243772,3239873,147537,716545,4890,451864,4751,33154,2759,131567
Trichophaea_hybrida	47213	47213,47212,110846,5185,147549,147538,716545,4890,451864,4751,33154,2759,131567
Trichophyton_benhamiae_CBS_112371	663331	663331,63400,5550,34384,33183,451871,147545,716546,147538,716545,4890,451864,4751,33154,2759,131567
Trichophyton_equinum_CBS_127.97	559882	559882,63418,5550,34384,33183,451871,147545,716546,147538,716545,4890,451864,4751,33154,2759,131567
Trichophyton_rubrum_CBS_118892	559305	559305,5551,5550,34384,33183,451871,147545,716546,147538,716545,4890,451864,4751,33154,2759,131567
Trichophyton_verrucosum_HKI_0517	663202	663202,63417,5550,34384,33183,451871,147545,716546,147538,716545,4890,451864,4751,33154,2759,131567
Trichoplax_sp._H2	287889	287889,2636125,10227,2493110,3043702,3043701,10226,6072,33208,33154,2759,131567
Trichosporon_asahii_var._asahii_CBS_2479	1186058	1186058,189963,82508,5552,1759442,1851469,155616,5302,5204,451864,4751,33154,2759,131567
Trichothecium_roseum	47278	47278,231006,162454,5125,222543,147550,715989,716546,147538,716545,4890,451864,4751,33154,2759,131567
Tricladium_varicosporioides	2075069	2075069,223899,2907192,5178,147548,715989,716546,147538,716545,4890,451864,4751,33154,2759,131567
Trifolium_medium	97028	97028,3898,163742,2233839,2233838,2231382,2231393,3814,3803,72025,91835,71275,1437201,91827,71240,1437183,3398,58024,78536,58023,3193,131221,35493,33090,2759,131567
Trifolium_pratense	57577	57577,3898,163742,2233839,2233838,2231382,2231393,3814,3803,72025,91835,71275,1437201,91827,71240,1437183,3398,58024,78536,58023,3193,131221,35493,33090,2759,131567
Trifolium_repens	3899	3899,3898,163742,2233839,2233838,2231382,2231393,3814,3803,72025,91835,71275,1437201,91827,71240,1437183,3398,58024,78536,58023,3193,131221,35493,33090,2759,131567
Trigoniulus_corallinus	1366115	1366115,1366114,555214,30266,118561,7553,61985,197563,6656,88770,1206794,33317,33213,6072,33208,33154,2759,131567
Trilobodrilus_axi	188474	188474,188473,120993,1649654,6341,6340,1206795,2697495,33317,33213,6072,33208,33154,2759,131567
Trinorchestia_longiramus	1923959	1923959,1923958,92169,199476,1732206,1732196,6821,6820,72041,6681,3701029,3701028,197562,197563,6656,88770,1206794,33317,33213,6072,33208,33154,2759,131567
Triops_cancriformis	194544	194544,58776,63729,58774,116557,6658,3701030,3701028,197562,197563,6656,88770,1206794,33317,33213,6072,33208,33154,2759,131567
Triops_granarius	109777	109777,58776,63729,58774,116557,6658,3701030,3701028,197562,197563,6656,88770,1206794,33317,33213,6072,33208,33154,2759,131567
Triops_longicaudatus	58777	58777,58776,63729,58774,116557,6658,3701030,3701028,197562,197563,6656,88770,1206794,33317,33213,6072,33208,33154,2759,131567
Triops_newberryi	1048741	1048741,58776,63729,58774,116557,6658,3701030,3701028,197562,197563,6656,88770,1206794,33317,33213,6072,33208,33154,2759,131567
Triparma_columacea	722753	722753,722752,722751,722750,91989,2696291,33634,2698737,2759,131567
Triparma_laevis_f._inornata	1714386	1714386,1534972,722752,722751,722750,91989,2696291,33634,2698737,2759,131567
Triparma_retinervis	2557542	2557542,722752,722751,722750,91989,2696291,33634,2698737,2759,131567
Triparma_strigata	1606541	1606541,722752,722751,722750,91989,2696291,33634,2698737,2759,131567
Triparma_verrucosa	1606542	1606542,722752,722751,722750,91989,2696291,33634,2698737,2759,131567
Tripterygium_wilfordii	458696	458696,123484,4305,233875,91835,71275,1437201,91827,71240,1437183,3398,58024,78536,58023,3193,131221,35493,33090,2759,131567
Triticum_aestivum	4565	4565,4564,1648030,147389,1648038,147368,359160,4479,38820,4734,1437197,4447,1437183,3398,58024,78536,58023,3193,131221,35493,33090,2759,131567
Triticum_dicoccoides	85692	85692,4564,1648030,147389,1648038,147368,359160,4479,38820,4734,1437197,4447,1437183,3398,58024,78536,58023,3193,131221,35493,33090,2759,131567
Triticum_urartu	4572	4572,4564,1648030,147389,1648038,147368,359160,4479,38820,4734,1437197,4447,1437183,3398,58024,78536,58023,3193,131221,35493,33090,2759,131567
Trochus_nigropunctatus	2950569	2950569,315782,1955437,6466,216285,2315720,216275,6448,6447,1206795,2697495,33317,33213,6072,33208,33154,2759,131567
Troglodrilus_jugeti	2507403	2507403,947484,1780203,2109251,6383,2937015,6381,42113,6340,1206795,2697495,33317,33213,6072,33208,33154,2759,131567
Troglokhammouanus_steineri	1577154	1577154,1577153,224580,259440,259436,6855,6854,6843,6656,88770,1206794,33317,33213,6072,33208,33154,2759,131567
Trogulus_martensi	591623	591623,118636,118607,101158,43278,101165,43271,6854,6843,6656,88770,1206794,33317,33213,6072,33208,33154,2759,131567
Tropilaelaps_mercedesae	418985	418985,208207,48831,41438,1723665,281668,34634,6934,6933,6854,6843,6656,88770,1206794,33317,33213,6072,33208,33154,2759,131567
Truncatella_angustata	152316	152316,152317,1812776,3402561,222545,147550,715989,716546,147538,716545,4890,451864,4751,33154,2759,131567
Trypethelium_subeluteriae	364730	364730,271823,271822,714581,159987,147541,715962,716546,147538,716545,4890,451864,4751,33154,2759,131567
Tuber_aestivum	59557	59557,36048,40289,5185,147549,147538,716545,4890,451864,4751,33154,2759,131567
Tuber_borchii	42251	42251,36048,40289,5185,147549,147538,716545,4890,451864,4751,33154,2759,131567
Tuber_brumale	60458	60458,36048,40289,5185,147549,147538,716545,4890,451864,4751,33154,2759,131567
Tuber_magnatum	42249	42249,36048,40289,5185,147549,147538,716545,4890,451864,4751,33154,2759,131567
Tuber_melanosporum	39416	39416,36048,40289,5185,147549,147538,716545,4890,451864,4751,33154,2759,131567
Tubulanus_polymorphus	672921	672921,88943,166029,2973476,1684132,6217,1206795,2697495,33317,33213,6072,33208,33154,2759,131567
Tubulideres_seminoli	1564091	1564091,1564090,1564095,310836,51516,1215728,1206794,33317,33213,6072,33208,33154,2759,131567
Tubulinosema_ratisbonensis	291195	291195,291194,307623,2072739,6029,112252,4751,33154,2759,131567
Tulasnella_calospora_MUT_4182	1051891	1051891,156515,5240,5237,36064,355688,155619,5302,5204,451864,4751,33154,2759,131567
Turbatrix_aceti	114909	114909,114908,114848,55746,2082223,6300,6236,119089,6231,1206794,33317,33213,6072,33208,33154,2759,131567
Turnera_subulata	218843	218843,45183,3683,3646,91835,71275,1437201,91827,71240,1437183,3398,58024,78536,58023,3193,131221,35493,33090,2759,131567
Tygarrup_javanicus	863634	863634,863633,89975,60154,115407,115405,7540,61985,197563,6656,88770,1206794,33317,33213,6072,33208,33154,2759,131567
Tylopilus_felleus	98230	98230,80671,1487592,5368,227330,68889,452333,155619,5302,5204,451864,4751,33154,2759,131567
Typha_angustifolia	59011	59011,4732,4731,38820,4734,1437197,4447,1437183,3398,58024,78536,58023,3193,131221,35493,33090,2759,131567
Typha_latifolia	4733	4733,4732,4731,38820,4734,1437197,4447,1437183,3398,58024,78536,58023,3193,131221,35493,33090,2759,131567
Ulmus_minor	262084	262084,24735,3474,3744,91835,71275,1437201,91827,71240,1437183,3398,58024,78536,58023,3193,131221,35493,33090,2759,131567
Ulota_crispa	140636	140636,61518,52989,64937,404297,114658,3214,404260,3208,3193,131221,35493,33090,2759,131567
Ulva_prolifera	3117	3117,3118,3114,3113,2546215,33103,2692248,3041,33090,2759,131567
Umbelopsis_isabellina	91625	91625,64561,1403793,1913639,2212704,451507,1913637,112252,4751,33154,2759,131567
Umbelopsis_nana	64526	64526,64561,1403793,1913639,2212704,451507,1913637,112252,4751,33154,2759,131567
Umbelopsis_ramanniana_AG	1314678	1314678,41833,64561,1403793,1913639,2212704,451507,1913637,112252,4751,33154,2759,131567
Umbelopsis_vinacea	44442	44442,64561,1403793,1913639,2212704,451507,1913637,112252,4751,33154,2759,131567
Umbilicaria_vellea	87287	87287,87270,87265,452227,1520791,1520881,147547,716546,147538,716545,4890,451864,4751,33154,2759,131567
Uncinocarpus_reesii_1704	336963	336963,33188,33187,33184,33183,451871,147545,716546,147538,716545,4890,451864,4751,33154,2759,131567
Undaria_pinnatifida	74381	74381,74380,2887,2886,2870,569578,2696291,33634,2698737,2759,131567
Uperoleia_mahonyi	1855665	1855665,8366,218471,8365,650418,8416,8342,41666,8292,32523,1338369,8287,117571,117570,7776,7742,89593,7711,33511,33213,6072,33208,33154,2759,131567
Upogebia_africana	1792266	1792266,6692,6683,3701045,72041,6681,3701029,3701028,197562,197563,6656,88770,1206794,33317,33213,6072,33208,33154,2759,131567
Urochloa_decumbens	240449	240449,37562,1293362,147428,1648036,147369,147370,4479,38820,4734,1437197,4447,1437183,3398,58024,78536,58023,3193,131221,35493,33090,2759,131567
Urochloa_humidicola	240451	240451,37562,1293362,147428,1648036,147369,147370,4479,38820,4734,1437197,4447,1437183,3398,58024,78536,58023,3193,131221,35493,33090,2759,131567
Uroctonites_huachuca	2511127	2511127,246985,33320,70337,259439,6855,6854,6843,6656,88770,1206794,33317,33213,6072,33208,33154,2759,131567
Uroctonus_mordax	507508	507508,246984,103868,100977,70337,259439,6855,6854,6843,6656,88770,1206794,33317,33213,6072,33208,33154,2759,131567
Urodacus_elongatus	2341116	2341116,6889,259457,6888,70338,259439,6855,6854,6843,6656,88770,1206794,33317,33213,6072,33208,33154,2759,131567
Usnea_florida	111620	111620,86620,78060,157822,5197,388435,1520881,147547,716546,147538,716545,4890,451864,4751,33154,2759,131567
Usnochroma_carphineum	1301586	1301586,1301585,1301213,88646,1302176,107465,388435,1520881,147547,716546,147538,716545,4890,451864,4751,33154,2759,131567
Ustilaginoidea_virens	1159556	1159556,124426,34397,5125,222543,147550,715989,716546,147538,716545,4890,451864,4751,33154,2759,131567
Ustilago_bromivora	307758	307758,5269,5268,5267,5257,452284,5204,451864,4751,33154,2759,131567
Ustilago_hordei	120017	120017,5269,5268,5267,5257,452284,5204,451864,4751,33154,2759,131567
Ustilago_loliicola	2031085	2031085,5269,5268,5267,5257,452284,5204,451864,4751,33154,2759,131567
Ustilago_nuda	86802	86802,5269,5268,5267,5257,452284,5204,451864,4751,33154,2759,131567
Ustilago_trichophora	86804	86804,5269,5268,5267,5257,452284,5204,451864,4751,33154,2759,131567
Ustilago_tritici	117174	117174,5269,5268,5267,5257,452284,5204,451864,4751,33154,2759,131567
Ustulina_deusta	110526	110526,109377,37990,37989,222545,147550,715989,716546,147538,716545,4890,451864,4751,33154,2759,131567
Utricularia_aurea	192275	192275,13747,4196,4143,91888,71274,1437201,91827,71240,1437183,3398,58024,78536,58023,3193,131221,35493,33090,2759,131567
Vaccinium_darrowii	229202	229202,13749,217062,217037,4345,41945,71274,1437201,91827,71240,1437183,3398,58024,78536,58023,3193,131221,35493,33090,2759,131567
Vaejovis_mexicanus	993612	993612,33321,33320,70337,259439,6855,6854,6843,6656,88770,1206794,33317,33213,6072,33208,33154,2759,131567
Vairimorpha_apis_BRL_01	1037528	1037528,35231,6038,27974,6032,6029,112252,4751,33154,2759,131567
Vairimorpha_bombi	40135	40135,6038,27974,6032,6029,112252,4751,33154,2759,131567
Vairimorpha_ceranae	40302	40302,6038,27974,6032,6029,112252,4751,33154,2759,131567
Vairimorpha_necatrix	6039	6039,6038,27974,6032,6029,112252,4751,33154,2759,131567
Vampyroteuthis_infernalis	55288	55288,55287,126370,55286,215451,6606,6605,6447,1206795,2697495,33317,33213,6072,33208,33154,2759,131567
Vanderwaltozyma_polyspora_DSM_70294	436907	436907,36033,374469,4893,4892,4891,147537,716545,4890,451864,4751,33154,2759,131567
Vanrija_albida	181172	181172,1851468,1759442,1851469,155616,5302,5204,451864,4751,33154,2759,131567
Vanrija_humicola	5417	5417,1851468,1759442,1851469,155616,5302,5204,451864,4751,33154,2759,131567
Vanrija_pseudolonga	143232	143232,1851468,1759442,1851469,155616,5302,5204,451864,4751,33154,2759,131567
Vararia_minispora_EC-137	1314806	1314806,1314805,154750,68781,452342,355688,155619,5302,5204,451864,4751,33154,2759,131567
Vararia_minispora_EC137	1314806	1314806,1314805,154750,68781,452342,355688,155619,5302,5204,451864,4751,33154,2759,131567
Vargula_hilgendorfii	6674	6674,6673,6672,84323,84322,6671,6670,2172819,197562,197563,6656,88770,1206794,33317,33213,6072,33208,33154,2759,131567
Varicellaria_rhodocarpa	160984	160984,160983,50931,88639,388283,1520881,147547,716546,147538,716545,4890,451864,4751,33154,2759,131567
Variospora_aurantia	1301589	1301589,1301588,1301213,88646,1302176,107465,388435,1520881,147547,716546,147538,716545,4890,451864,4751,33154,2759,131567
Variospora_fuerteventurae	3058865	3058865,1301588,1301213,88646,1302176,107465,388435,1520881,147547,716546,147538,716545,4890,451864,4751,33154,2759,131567
Variospora_velana	1301595	1301595,1301588,1301213,88646,1302176,107465,388435,1520881,147547,716546,147538,716545,4890,451864,4751,33154,2759,131567
Varroa_destructor	109461	109461,62624,109261,41438,1723665,281668,34634,6934,6933,6854,6843,6656,88770,1206794,33317,33213,6072,33208,33154,2759,131567
Varroa_jacobsoni	62625	62625,62624,109261,41438,1723665,281668,34634,6934,6933,6854,6843,6656,88770,1206794,33317,33213,6072,33208,33154,2759,131567
Vavraia_culicis_subsp._floridensis	948595	948595,103449,35235,35232,6036,6029,112252,4751,33154,2759,131567
Venturia_effusa	50376	50376,5024,5023,1111111,451868,147541,715962,716546,147538,716545,4890,451864,4751,33154,2759,131567
Venturia_nashicola	86259	86259,5024,5023,1111111,451868,147541,715962,716546,147538,716545,4890,451864,4751,33154,2759,131567
Venustampulla_echinocandica	2656787	2656787,2656786,2656784,5178,147548,715989,716546,147538,716545,4890,451864,4751,33154,2759,131567
Vermiconidia_calcicola	1690605	1690605,1485006,1515657,2726947,451867,147541,715962,716546,147538,716545,4890,451864,4751,33154,2759,131567
Verruconis_gallopava	253628	253628,1494215,1111112,1111111,451868,147541,715962,716546,147538,716545,4890,451864,4751,33154,2759,131567
Verticillium_alfalfae_VaMs.102	526221	526221,1051613,1036719,1033978,1028384,222543,147550,715989,716546,147538,716545,4890,451864,4751,33154,2759,131567
Verticillium_dahliae_VdLs.17	498257	498257,27337,1036719,1033978,1028384,222543,147550,715989,716546,147538,716545,4890,451864,4751,33154,2759,131567
Verticillium_nonalfalfae	1051616	1051616,1036719,1033978,1028384,222543,147550,715989,716546,147538,716545,4890,451864,4751,33154,2759,131567
Vezdaea_acicularis	2939408	2939408,2027319,291601,2029574,2302851,716546,147538,716545,4890,451864,4751,33154,2759,131567
Vezdaea_aestivalis	2939405	2939405,2027319,291601,2029574,2302851,716546,147538,716545,4890,451864,4751,33154,2759,131567
Vicia_faba	3906	3906,3904,163743,2233839,2233838,2231382,2231393,3814,3803,72025,91835,71275,1437201,91827,71240,1437183,3398,58024,78536,58023,3193,131221,35493,33090,2759,131567
Vicia_villosa	3911	3911,3904,163743,2233839,2233838,2231382,2231393,3814,3803,72025,91835,71275,1437201,91827,71240,1437183,3398,58024,78536,58023,3193,131221,35493,33090,2759,131567
Victoria_cruziana	4421	4421,4420,4410,261007,3398,58024,78536,58023,3193,131221,35493,33090,2759,131567
Vigna_angularis	3914	3914,3913,163735,2233855,2231382,2231393,3814,3803,72025,91835,71275,1437201,91827,71240,1437183,3398,58024,78536,58023,3193,131221,35493,33090,2759,131567
Vigna_mungo	3915	3915,3913,163735,2233855,2231382,2231393,3814,3803,72025,91835,71275,1437201,91827,71240,1437183,3398,58024,78536,58023,3193,131221,35493,33090,2759,131567
Vigna_radiata	3916	3916,157791,3913,163735,2233855,2231382,2231393,3814,3803,72025,91835,71275,1437201,91827,71240,1437183,3398,58024,78536,58023,3193,131221,35493,33090,2759,131567
Vigna_umbellata	87088	87088,3913,163735,2233855,2231382,2231393,3814,3803,72025,91835,71275,1437201,91827,71240,1437183,3398,58024,78536,58023,3193,131221,35493,33090,2759,131567
Vigna_unguiculata	3917	3917,3913,163735,2233855,2231382,2231393,3814,3803,72025,91835,71275,1437201,91827,71240,1437183,3398,58024,78536,58023,3193,131221,35493,33090,2759,131567
Villophora_microphyllina	2797858	2797858,1301597,1301212,88646,1302176,107465,388435,1520881,147547,716546,147538,716545,4890,451864,4751,33154,2759,131567
Violaceomyces_palustris	1673888	1673888,1749039,1749038,1749035,5257,452284,5204,451864,4751,33154,2759,131567
Viridothelium_virens	1048519	1048519,1929940,271822,714581,159987,147541,715962,716546,147538,716545,4890,451864,4751,33154,2759,131567
Vitis_riparia	96939	96939,3603,2304100,3602,403667,91834,71275,1437201,91827,71240,1437183,3398,58024,78536,58023,3193,131221,35493,33090,2759,131567
Vitis_vinifera	29760	29760,3603,2304100,3602,403667,91834,71275,1437201,91827,71240,1437183,3398,58024,78536,58023,3193,131221,35493,33090,2759,131567
Vitrella_brassicaformis	1169539	1169539,1169538,2605696,877183,33630,2698737,2759,131567
Vittaforma_corneae_ATCC_50505	993615	993615,42399,42398,27974,6032,6029,112252,4751,33154,2759,131567
Volvox_africanus	51714	51714,3066,3065,3042,2812636,3166,2692248,3041,33090,2759,131567
Volvox_carteri	3068	3068,3067,3066,3065,3042,2812636,3166,2692248,3041,33090,2759,131567
Volvox_reticuliferus	1737510	1737510,3066,3065,3042,2812636,3166,2692248,3041,33090,2759,131567
Wallemia_canadensis	1708542	1708542,148959,431959,431958,431957,2204096,5204,451864,4751,33154,2759,131567
Wallemia_hederae	1540922	1540922,148959,431959,431958,431957,2204096,5204,451864,4751,33154,2759,131567
Wallemia_ichthyophaga_EXF-994	1299270	1299270,245174,148959,431959,431958,431957,2204096,5204,451864,4751,33154,2759,131567
Wallemia_ichthyophaga_EXF994	1299270	1299270,245174,148959,431959,431958,431957,2204096,5204,451864,4751,33154,2759,131567
Wallemia_mellicola_CBS_633.66	671144	671144,1708541,148959,431959,431958,431957,2204096,5204,451864,4751,33154,2759,131567
Warburgia_ugandensis	549619	549619,132962,3424,71187,232347,1437183,3398,58024,78536,58023,3193,131221,35493,33090,2759,131567
Watersipora_subtorquata	193294	193294,193289,193245,193244,558764,10207,10206,10205,1206795,2697495,33317,33213,6072,33208,33154,2759,131567
Watsoniomyces_obsoletus	2796175	2796175,2817108,3390857,291611,315355,716546,147538,716545,4890,451864,4751,33154,2759,131567
Welwitschia_mirabilis	3377	3377,3376,3375,3374,1445966,3372,1437180,58024,78536,58023,3193,131221,35493,33090,2759,131567
Westerdykella_ornata	318751	318751,45153,55176,92860,451868,147541,715962,716546,147538,716545,4890,451864,4751,33154,2759,131567
Wetmoreana_brouardii	1696787	1696787,1301598,1301212,88646,1302176,107465,388435,1520881,147547,716546,147538,716545,4890,451864,4751,33154,2759,131567
Whalleya_microplaca	110547	110547,110546,37990,37989,222545,147550,715989,716546,147538,716545,4890,451864,4751,33154,2759,131567
Whitmania_pigra	486152	486152,307843,307842,6416,2218736,55824,42113,6340,1206795,2697495,33317,33213,6072,33208,33154,2759,131567
Wickerhamiella_sorbophila	45607	45607,45787,410830,3243772,3239873,147537,716545,4890,451864,4751,33154,2759,131567
Wickerhamomyces_anomalus_NRRL_Y-366-8	4927	4927,34359,599729,3243778,4891,147537,716545,4890,451864,4751,33154,2759,131567
Wickerhamomyces_anomalus_NRRL_Y3668	4927	4927,34359,599729,3243778,4891,147537,716545,4890,451864,4751,33154,2759,131567
Wickerhamomyces_ciferrii	1041607	1041607,34359,599729,3243778,4891,147537,716545,4890,451864,4751,33154,2759,131567
Wilcoxina_mikolae_CBS_423.85	1314677	1314677,43439,43429,110846,5185,147549,147538,716545,4890,451864,4751,33154,2759,131567
Williamia_peltoides	1522360	1522360,1522359,52929,216442,2448547,2448546,977775,216307,216305,6448,6447,1206795,2697495,33317,33213,6072,33208,33154,2759,131567
Withania_somnifera	126910	126910,126908,424573,424551,4070,4069,91888,71274,1437201,91827,71240,1437183,3398,58024,78536,58023,3193,131221,35493,33090,2759,131567
Wolffia_australiana	161112	161112,161109,284551,4454,16360,4447,1437183,3398,58024,78536,58023,3193,131221,35493,33090,2759,131567
Xanthocarpia_lactea	3020609	3020609,1301605,1301143,88646,1302176,107465,388435,1520881,147547,716546,147538,716545,4890,451864,4751,33154,2759,131567
Xanthocarpia_ochracea	479100	479100,1301605,1301143,88646,1302176,107465,388435,1520881,147547,716546,147538,716545,4890,451864,4751,33154,2759,131567
Xanthoceras_sorbifolium	99658	99658,99657,1977915,23672,41937,91836,71275,1437201,91827,71240,1437183,3398,58024,78536,58023,3193,131221,35493,33090,2759,131567
Xanthoria_aureola	262315	262315,88741,1301143,88646,1302176,107465,388435,1520881,147547,716546,147538,716545,4890,451864,4751,33154,2759,131567
Xanthoria_calcicola	116982	116982,88741,1301143,88646,1302176,107465,388435,1520881,147547,716546,147538,716545,4890,451864,4751,33154,2759,131567
Xanthoria_mediterranea	408593	408593,88741,1301143,88646,1302176,107465,388435,1520881,147547,716546,147538,716545,4890,451864,4751,33154,2759,131567
Xanthoria_steineri	2905939	2905939,88741,1301143,88646,1302176,107465,388435,1520881,147547,716546,147538,716545,4890,451864,4751,33154,2759,131567
Xenopus_laevis	8355	8355,262014,8353,8360,8352,30319,8342,41666,8292,32523,1338369,8287,117571,117570,7776,7742,89593,7711,33511,33213,6072,33208,33154,2759,131567
Xenopus_tropicalis	8364	8364,8363,8353,8360,8352,30319,8342,41666,8292,32523,1338369,8287,117571,117570,7776,7742,89593,7711,33511,33213,6072,33208,33154,2759,131567
Xenos_vesparum	31928	31928,32435,41039,232637,30261,3701064,3701062,33392,3701061,33340,7496,85512,50557,6960,3701030,3701028,197562,197563,6656,88770,1206794,33317,33213,6072,33208,33154,2759,131567
Xenoturbella_bocki	242395	242395,110815,1547233,110814,1312402,33213,6072,33208,33154,2759,131567
Xenoturbella_profunda	1736633	1736633,110815,1547233,110814,1312402,33213,6072,33208,33154,2759,131567
Xibalbanus_tulumensis	1519145	1519145,1519144,84344,116564,84343,3701030,3701028,197562,197563,6656,88770,1206794,33317,33213,6072,33208,33154,2759,131567
Xiphophorus_couchianus	32473	32473,8082,586240,8079,8087,28738,1489913,1489908,1489872,123369,123368,123367,123366,123365,1489388,186625,1489341,32443,41665,186623,7898,117571,117570,7776,7742,89593,7711,33511,33213,6072,33208,33154,2759,131567
Xylaria_acuta	114808	114808,37991,37990,37989,222545,147550,715989,716546,147538,716545,4890,451864,4751,33154,2759,131567
Xylaria_arbuscula	114810	114810,37991,37990,37989,222545,147550,715989,716546,147538,716545,4890,451864,4751,33154,2759,131567
Xylaria_bambusicola	326684	326684,37991,37990,37989,222545,147550,715989,716546,147538,716545,4890,451864,4751,33154,2759,131567
Xylaria_castorea	114812	114812,37991,37990,37989,222545,147550,715989,716546,147538,716545,4890,451864,4751,33154,2759,131567
Xylaria_cubensis	114814	114814,37991,37990,37989,222545,147550,715989,716546,147538,716545,4890,451864,4751,33154,2759,131567
Xylaria_curta	42375	42375,37991,37990,37989,222545,147550,715989,716546,147538,716545,4890,451864,4751,33154,2759,131567
Xylaria_digitata	323540	323540,37991,37990,37989,222545,147550,715989,716546,147538,716545,4890,451864,4751,33154,2759,131567
Xylaria_flabelliformis	2512241	2512241,37991,37990,37989,222545,147550,715989,716546,147538,716545,4890,451864,4751,33154,2759,131567
Xylaria_intraflava	492091	492091,37991,37990,37989,222545,147550,715989,716546,147538,716545,4890,451864,4751,33154,2759,131567
Xylaria_longipes	114818	114818,37991,37990,37989,222545,147550,715989,716546,147538,716545,4890,451864,4751,33154,2759,131567
Xylaria_multiplex	323545	323545,37991,37990,37989,222545,147550,715989,716546,147538,716545,4890,451864,4751,33154,2759,131567
Xylaria_nigripes	490159	490159,37991,37990,37989,222545,147550,715989,716546,147538,716545,4890,451864,4751,33154,2759,131567
Xylaria_palmicola	665665	665665,37991,37990,37989,222545,147550,715989,716546,147538,716545,4890,451864,4751,33154,2759,131567
Xylaria_polymorpha	77046	77046,37991,37990,37989,222545,147550,715989,716546,147538,716545,4890,451864,4751,33154,2759,131567
Xylaria_scruposa	743287	743287,37991,37990,37989,222545,147550,715989,716546,147538,716545,4890,451864,4751,33154,2759,131567
Xylaria_telfairii	477509	477509,37991,37990,37989,222545,147550,715989,716546,147538,716545,4890,451864,4751,33154,2759,131567
Xylaria_venustula	743302	743302,37991,37990,37989,222545,147550,715989,716546,147538,716545,4890,451864,4751,33154,2759,131567
Xylographa_bjoerkii	1590129	1590129,223428,3383949,452221,388283,1520881,147547,716546,147538,716545,4890,451864,4751,33154,2759,131567
Xylographa_carneopallida	1590122	1590122,223428,3383949,452221,388283,1520881,147547,716546,147538,716545,4890,451864,4751,33154,2759,131567
Xylographa_opegraphella	1453797	1453797,223428,3383949,452221,388283,1520881,147547,716546,147538,716545,4890,451864,4751,33154,2759,131567
Xylographa_pallens	1590118	1590118,223428,3383949,452221,388283,1520881,147547,716546,147538,716545,4890,451864,4751,33154,2759,131567
Xylographa_parallela	1453798	1453798,223428,3383949,452221,388283,1520881,147547,716546,147538,716545,4890,451864,4751,33154,2759,131567
Xylographa_soralifera	1590126	1590126,223428,3383949,452221,388283,1520881,147547,716546,147538,716545,4890,451864,4751,33154,2759,131567
Xylographa_trunciseda	1453799	1453799,223428,3383949,452221,388283,1520881,147547,716546,147538,716545,4890,451864,4751,33154,2759,131567
Xylographa_vitiligo	223429	223429,223428,3383949,452221,388283,1520881,147547,716546,147538,716545,4890,451864,4751,33154,2759,131567
Xylona_heveae_TC161	1328760	1328760,1217826,1217823,1217822,1217820,1217819,716546,147538,716545,4890,451864,4751,33154,2759,131567
Yamadazyma_tenuis	2315449	2315449,766765,766764,2916678,3239874,147537,716545,4890,451864,4751,33154,2759,131567
Yarrowia_lipolytica	4952	4952,4951,3316682,3243772,3239873,147537,716545,4890,451864,4751,33154,2759,131567
Zalaria_obscura	2024903	2024903,2052741,2052740,5014,451867,147541,715962,716546,147538,716545,4890,451864,4751,33154,2759,131567
Zalerion_maritima	339359	339359,42464,135653,135652,2921201,147550,715989,716546,147538,716545,4890,451864,4751,33154,2759,131567
Zasmidium_cellare_ATCC_36951	1080233	1080233,395010,395590,93133,2726947,451867,147541,715962,716546,147538,716545,4890,451864,4751,33154,2759,131567
Zea_mays	4577	4577,4575,1648029,147429,1648033,147369,147370,4479,38820,4734,1437197,4447,1437183,3398,58024,78536,58023,3193,131221,35493,33090,2759,131567
Zelinkaderes_brightae	1564080	1564080,310838,310837,3061610,310836,51516,1215728,1206794,33317,33213,6072,33208,33154,2759,131567
Zelinkaderes_yong	2835552	2835552,310838,310837,3061610,310836,51516,1215728,1206794,33317,33213,6072,33208,33154,2759,131567
Zerene_cesonia	33412	33412,33411,42450,7114,37572,104431,37567,41197,41196,41191,7088,85604,3701063,3701062,33392,3701061,33340,7496,85512,50557,6960,3701030,3701028,197562,197563,6656,88770,1206794,33317,33213,6072,33208,33154,2759,131567
Zingiber_officinale	94328	94328,4650,4642,4618,4734,1437197,4447,1437183,3398,58024,78536,58023,3193,131221,35493,33090,2759,131567
Zizania_palustris	103762	103762,15949,1648031,147380,147367,359160,4479,38820,4734,1437197,4447,1437183,3398,58024,78536,58023,3193,131221,35493,33090,2759,131567
Ziziphus_jujuba	326968	326968,72171,325284,3608,3744,91835,71275,1437201,91827,71240,1437183,3398,58024,78536,58023,3193,131221,35493,33090,2759,131567
Zootermopsis_nevadensis	136037	136037,7502,127821,127820,7501,1912919,1049657,85823,6970,33341,33340,7496,85512,50557,6960,3701030,3701028,197562,197563,6656,88770,1206794,33317,33213,6072,33208,33154,2759,131567
Zopfia_rhizophila_CBS_207.26	1314779	1314779,160035,160034,160033,159987,147541,715962,716546,147538,716545,4890,451864,4751,33154,2759,131567
Zopfochytrium_polystomum	2211651	2211651,2709238,4812,4810,451435,3705883,4761,3705317,112252,4751,33154,2759,131567
Zostera_marina	29655	29655,27257,27254,16360,4447,1437183,3398,58024,78536,58023,3193,131221,35493,33090,2759,131567
Zoysia_sinica	1043351	1043351,38721,751755,751754,147371,147370,4479,38820,4734,1437197,4447,1437183,3398,58024,78536,58023,3193,131221,35493,33090,2759,131567
Zychaea_mexicana	64656	64656,64651,499202,4827,2212703,451507,1913637,112252,4751,33154,2759,131567
Zygosaccharomyces_bisporus	4957	4957,4953,4893,4892,4891,147537,716545,4890,451864,4751,33154,2759,131567
Zygosaccharomyces_parabailii	1365886	1365886,4953,4893,4892,4891,147537,716545,4890,451864,4751,33154,2759,131567
Zygosaccharomyces_rouxii	4956	4956,4953,4893,4892,4891,147537,716545,4890,451864,4751,33154,2759,131567
Zygotorulaspora_mrakii	42260	42260,1196389,4893,4892,4891,147537,716545,4890,451864,4751,33154,2759,131567
Zymoseptoria_tritici_IPO323	336722	336722,1047171,1047167,93133,2726947,451867,147541,715962,716546,147538,716545,4890,451864,4751,33154,2759,131567
[Ashbya]_aceris_(nom._inval.)	566037	566037,2640716,33170,4893,4892,4891,147537,716545,4890,451864,4751,33154,2759,131567
[Candida]_anglica	148631	148631,549703,766764,2916678,3239874,147537,716545,4890,451864,4751,33154,2759,131567
[Candida]_jaroonii	467808	467808,766765,766764,2916678,3239874,147537,716545,4890,451864,4751,33154,2759,131567
[Candida]_railenensis	45579	45579,3712547,766764,2916678,3239874,147537,716545,4890,451864,4751,33154,2759,131567
[Candida]_subhashii	561895	561895,3712552,766764,2916678,3239874,147537,716545,4890,451864,4751,33154,2759,131567
[Emmonsia]_crescens	73230	73230,1955773,299071,33183,451871,147545,716546,147538,716545,4890,451864,4751,33154,2759,131567
[Neocosmospora]_mangrovei	2954835	2954835,232080,5506,110618,5125,222543,147550,715989,716546,147538,716545,4890,451864,4751,33154,2759,131567
[Pythium]_brassicae_(nom._inval.)	1485010	1485010,2648489,1448052,4782,121069,3418804,4762,33634,2698737,2759,131567
[Torrubiella]_hemipterigena	1531966	1531966,2940446,2940282,34397,5125,222543,147550,715989,716546,147538,716545,4890,451864,4751,33154,2759,131567
